cct,1996,1997,1998,1999,2000,2001,2002,2003,2004,2005,2006,2007,2008,2009,2010,2011,2012,2013,2014,2015,2016,2017,2018,2019
32ETV0854J,2,3,3,3,3,3,3,3,3,3,3,3,3,3,0,3,3,3,3,3,3,3,3,3
32ETV0612M,3,3,3,3,3,3,3,3,3,3,3,3,3,3,0,3,3,2,2,2,3,3,3,3
32DST0067I,0,2,5,8,9,9,10,11,13,14,15,15,15,15,0,17,18,18,18,18,18,18,18,18
32ETV0745C,3,3,3,3,3,3,3,3,3,3,3,3,3,3,0,3,3,3,3,3,3,3,3,3
32DES0042H,9,9,10,10,11,12,13,14,15,15,15,15,15,15,0,15,15,15,15,15,15,15,15,15
32EES0070C,6,6,6,6,7,7,8,9,9,9,9,9,10,9,0,9,9,9,9,9,9,9,9,9
32ETV0190V,5,6,5,6,6,6,5,5,5,5,5,5,5,4,0,3,3,3,3,3,3,3,3,3
32ETV0503F,3,3,3,3,3,4,4,5,5,5,4,4,4,4,0,5,6,5,5,5,6,6,6,6
32PES0079Z,0,0,0,0,0,1,2,3,3,0,0,0,0,0,0,0,0,0,0,0,0,0,0,0
32ETV0635X,3,3,3,3,3,3,3,3,3,3,3,3,3,3,0,3,3,3,3,3,3,3,3,2
32ETV0720U,3,3,3,3,3,3,3,3,3,3,3,3,0,0,0,0,0,0,0,0,0,3,3,3
32DST0043Z,4,4,4,4,4,4,4,4,4,4,4,4,4,4,0,4,4,4,4,4,4,4,4,4
32ETV0309B,3,3,3,3,3,3,3,3,3,3,3,3,3,3,0,3,3,3,3,3,3,3,3,3
32ETV0526Q,3,3,3,3,3,3,3,3,3,3,3,3,3,3,0,3,3,3,3,3,3,3,3,3
32ETV0081O,3,3,3,3,3,3,3,3,3,3,3,3,3,3,0,3,3,3,3,3,3,3,3,3
32ETV0611N,2,3,3,3,3,3,3,3,3,3,3,3,3,3,0,3,3,3,3,3,3,3,3,3
32PES0055Q,3,3,3,3,3,3,3,3,3,3,4,0,0,0,0,0,0,0,0,0,0,0,0,0
32ETV0962R,0,0,0,1,2,3,3,3,3,3,3,3,3,3,0,3,3,3,3,3,3,2,2,2
32ETV0877U,2,3,3,3,3,3,3,3,3,3,3,3,3,3,0,3,3,3,3,3,3,3,3,3
32ETV0502G,3,3,3,3,3,3,3,3,3,3,3,3,3,3,0,3,3,3,3,3,3,3,3,3
32ETV0417J,3,3,3,3,3,5,5,6,6,6,6,6,6,6,0,5,5,5,6,6,5,5,6,6
32DES0041I,12,14,16,18,19,21,23,24,24,24,24,24,24,24,0,24,24,24,24,24,24,24,24,24
32DST0068H,0,1,2,4,5,6,6,6,6,6,6,6,6,6,0,6,6,6,6,6,6,6,6,6
32ETV0853K,2,3,3,3,3,3,3,3,3,3,3,3,3,3,0,3,3,3,3,3,3,3,3,3
32ETV0080P,3,3,3,3,3,3,3,3,3,3,3,3,3,3,0,3,0,0,0,0,0,0,0,0
32ETV0768N,3,3,3,3,3,4,4,4,5,6,6,6,6,6,0,6,6,6,6,6,4,5,6,6
32ETV0308C,3,3,3,3,3,4,4,4,5,5,4,4,5,5,0,5,6,6,6,6,6,6,6,6
32ETV0986A,0,0,0,0,1,2,3,3,3,3,3,3,3,3,0,3,3,3,3,3,3,3,3,3
32DST0020O,6,6,6,6,6,6,6,6,6,6,6,6,6,6,0,6,6,6,6,6,6,6,6,6
32ETV0744D,3,3,3,3,3,3,3,3,3,3,3,3,3,3,0,3,3,3,3,3,3,3,3,3
32ETV0634Y,3,3,3,3,3,3,3,3,3,3,3,3,3,3,0,3,3,3,3,3,3,3,3,3
32DST0069G,0,0,2,4,7,9,11,12,12,12,13,13,14,15,0,15,15,15,16,16,16,16,16,16
32ETV0610O,3,3,3,3,3,3,3,3,3,3,3,3,3,3,0,3,3,3,3,3,3,3,3,3
32ETV0961S,0,0,0,2,3,3,3,3,0,0,0,0,0,0,0,0,0,0,0,0,0,0,0,0
32ETV0876V,2,3,3,3,3,3,3,3,3,3,3,3,3,3,0,3,3,3,3,3,3,0,0,3
32ETV0614K,3,3,3,3,3,3,3,3,3,3,3,3,3,3,0,3,3,3,3,3,3,3,3,3
32ETV0965O,0,0,0,2,3,3,0,0,0,0,0,0,0,0,0,0,0,0,0,0,0,0,0,0
32DES0044F,0,0,0,0,0,2,4,5,7,8,9,9,11,12,0,14,15,16,17,17,18,18,18,18
32ETV0192T,3,3,3,3,3,3,3,3,3,3,3,3,3,3,0,3,3,3,3,3,3,3,3,3
32ETV0505D,3,3,3,3,3,3,3,3,3,3,3,3,3,3,0,3,3,3,3,3,3,3,3,3
32PES0077B,0,0,0,0,0,2,3,3,3,3,3,0,0,0,0,0,0,0,0,0,0,0,0,0
32ETV0941E,0,1,2,3,3,3,3,3,3,3,3,3,3,3,0,3,3,3,3,3,3,3,3,3
32ETV0856H,2,3,3,3,3,3,3,3,3,3,3,3,3,3,0,3,3,3,3,3,3,3,3,3
32DST0021N,16,16,16,16,16,16,17,18,18,18,18,18,18,18,0,18,18,18,18,18,18,18,18,18
32ETV0988Z,0,0,0,0,1,2,3,3,3,3,3,3,3,3,0,3,3,3,3,3,3,3,3,3
32ETV0831Z,3,3,3,3,3,3,3,3,3,3,3,3,3,3,0,2,3,3,3,3,0,0,0,0
32DST0045X,7,7,7,7,7,7,7,7,7,7,7,7,8,8,0,7,7,7,7,7,7,7,7,8
32ETV0879S,3,3,3,3,3,3,3,3,3,3,3,3,3,3,0,3,3,3,3,3,3,3,3,3
32ETV0964P,0,0,0,2,3,3,3,3,3,3,3,3,3,3,0,3,3,3,3,3,3,3,3,3
32ETV0083M,3,3,3,3,3,3,3,3,3,3,3,3,3,3,0,3,3,3,3,3,3,3,3,3
32ETV0637V,3,3,3,3,3,3,3,3,3,3,3,3,3,3,0,3,3,3,3,3,3,3,3,3
32ETV0722S,3,3,3,3,3,3,3,3,3,3,3,3,3,3,0,3,3,3,3,3,3,3,3,3
32PES0053S,3,4,3,3,3,3,3,3,3,3,3,0,0,0,0,0,0,0,0,0,0,0,0,0
32DST0022M,9,9,9,9,9,9,9,9,9,9,10,11,12,12,0,12,12,12,12,12,12,12,12,12
32ETV0940F,0,2,2,3,3,3,3,3,3,3,3,3,3,3,0,3,3,3,3,3,3,4,3,3
32ETV0855I,2,3,3,3,3,3,3,3,3,3,3,3,3,3,0,3,3,3,3,3,3,3,3,3
32ETV0528O,2,3,3,3,3,3,3,3,3,3,3,3,3,3,0,3,3,3,3,3,3,3,3,3
32ETV0613L,3,3,3,3,3,3,3,3,3,3,3,3,3,3,0,3,3,3,0,0,0,0,0,0
32DST0046W,6,6,7,8,9,9,9,9,9,9,9,9,9,9,0,11,12,12,12,12,12,12,12,12
32PES0078A,0,0,0,0,0,1,4,6,3,3,3,3,3,3,0,3,3,3,3,3,0,0,0,0
32ETV0746B,3,3,3,3,3,3,3,3,3,3,3,3,3,3,0,3,3,3,3,3,3,3,3,3
32ETV0191U,3,3,3,3,3,3,3,4,4,4,3,3,3,3,0,3,3,4,4,4,3,3,3,3
32ETV0419H,3,3,5,6,6,7,7,7,6,7,6,6,6,7,0,6,6,6,7,7,7,7,8,9
32DES0043G,0,0,0,0,2,4,6,8,11,11,12,12,12,12,0,12,12,13,13,13,15,15,15,15
32ETV0987Z,0,0,0,0,1,2,3,3,3,3,3,3,3,3,0,3,3,3,3,3,3,3,3,3
32ETV0830Z,3,3,1,0,0,0,0,0,0,0,0,0,0,3,0,3,3,3,3,3,3,3,3,3
32ETV0878T,2,3,3,3,3,3,3,3,3,2,0,0,0,0,0,0,0,0,0,0,0,0,0,0
32ETV0963Q,0,0,0,1,2,3,3,3,3,3,3,3,3,3,0,3,0,0,0,0,0,0,0,0
32ETV0082N,3,3,3,3,3,4,3,3,3,3,3,3,3,3,0,3,3,3,3,3,3,3,3,3
32ETV0721T,3,3,3,3,3,3,3,3,3,3,3,3,3,3,0,3,3,3,0,0,0,0,0,0
32ETV0636W,3,3,3,3,3,3,3,3,3,3,4,4,4,3,0,3,3,3,3,3,3,3,3,3
32PES0054R,3,3,3,3,2,3,2,3,3,0,0,0,0,0,0,0,0,0,0,0,0,0,0,0
32ETV0741G,3,3,3,3,3,3,3,3,3,3,3,3,3,3,0,3,3,3,3,3,3,3,3,3
32ETV0656J,3,3,3,3,3,3,3,3,3,3,3,3,3,3,0,3,3,3,3,3,3,3,3,3
32ETV0898G,1,2,3,3,3,3,3,3,3,3,3,3,3,3,0,3,3,3,3,3,3,3,3,3
32ETV0983D,0,0,0,0,1,2,3,3,3,3,3,3,3,3,0,3,3,3,3,3,2,3,3,3
32ETV0329P,3,3,3,4,4,4,4,3,3,3,3,3,3,3,0,3,3,3,3,3,4,4,3,3
32ETV0414M,3,3,3,3,3,3,3,3,3,3,3,3,3,3,0,3,3,3,3,3,3,3,0,0
32DST0063M,2,4,6,6,6,6,7,8,9,8,8,8,8,7,0,7,8,9,9,9,9,9,9,9
32ETV0305F,0,0,3,3,3,3,3,3,3,3,3,3,3,3,0,3,0,0,0,0,0,0,0,0
32PES0075D,0,3,4,3,3,4,5,6,6,6,6,6,7,8,0,9,8,9,8,8,8,9,9,8
32ETV0873Y,2,3,3,3,3,3,3,3,3,3,3,3,3,3,0,3,3,3,3,3,3,3,3,3
32ETV0328Q,3,3,3,3,3,4,4,3,3,3,3,3,3,3,0,3,3,3,3,3,3,3,3,3
32ETV0413N,3,3,3,3,3,3,3,3,3,3,3,3,3,3,0,3,3,3,3,3,3,3,2,2
32ETV0764R,3,3,3,3,3,3,3,3,3,3,3,3,3,3,0,3,3,3,3,3,3,3,3,3
32ETV0679U,3,3,3,3,3,3,3,3,3,3,3,3,3,3,0,3,3,3,3,3,3,3,3,3
32ETV0304G,3,3,3,3,3,3,3,3,3,3,3,3,3,3,0,3,3,3,3,3,3,3,3,3
32ETV0219J,3,3,3,3,3,3,3,3,3,3,3,3,3,3,0,3,3,3,3,3,3,3,3,3
32ETV0897H,1,2,3,3,3,3,3,3,3,3,2,2,2,3,0,3,3,3,3,3,3,3,3,3
32ETV0982E,0,0,0,0,3,3,3,3,3,3,3,3,3,3,0,3,3,3,3,3,3,3,3,2
32DST0040B,4,4,4,4,4,4,4,3,4,4,4,3,4,4,0,4,4,4,4,4,4,4,4,4
32ETV0740H,3,3,3,3,3,3,3,3,3,3,3,3,3,3,0,3,3,3,4,4,4,4,5,5
32ETV0655K,3,3,3,3,3,3,3,3,3,3,3,3,3,3,0,3,3,3,3,3,3,3,3,3
32ETV0788A,3,3,4,5,5,5,6,5,5,5,6,6,6,6,0,7,7,6,6,6,6,6,6,6
32DES0045E,0,0,0,0,0,0,1,3,5,6,7,8,9,9,0,10,11,12,14,14,14,14,14,14
32PES0076C,0,0,0,0,1,2,3,3,3,3,2,0,0,0,0,0,0,0,0,0,0,0,0,0
32DST0064L,2,4,6,6,6,6,7,7,7,7,7,7,6,6,0,6,6,7,7,7,6,6,6,6
32ETV0631A,3,3,3,3,3,3,3,3,3,3,3,3,3,3,0,3,3,3,3,3,3,3,3,3
32ETV0436Y,3,3,3,3,3,3,4,4,3,3,3,3,3,3,0,3,3,3,4,4,4,5,5,4
32ETV0872Z,2,3,3,3,3,3,3,3,3,3,3,3,2,3,0,2,3,3,3,3,3,3,3,3
32EES0050P,10,10,10,9,9,9,9,9,9,9,9,9,9,9,0,9,9,10,10,10,9,9,9,9
32ETV0678V,3,3,3,3,3,3,3,3,3,4,5,6,6,5,0,5,5,4,4,4,4,5,4,4
32ETV0763S,2,3,3,3,3,3,3,3,3,3,3,3,3,3,0,3,3,3,3,3,3,3,3,3
32DST0065K,2,4,7,7,9,11,12,13,14,15,15,15,15,15,0,16,17,17,18,18,18,18,18,18
32PES0073F,3,3,3,3,3,3,3,3,3,3,2,2,2,3,0,3,3,3,3,3,3,3,3,3
32ETV0416K,3,3,3,3,3,3,3,3,3,3,3,3,3,3,0,3,3,3,3,3,3,3,3,3
32DES0024S,8,8,8,8,8,8,9,11,11,11,11,11,11,11,0,11,12,12,12,12,12,12,12,12
32ETV0852L,2,3,3,3,3,3,3,3,3,3,4,5,5,6,0,5,4,4,5,5,5,5,6,6
32ETV0767O,3,3,3,3,3,3,3,3,3,3,3,3,3,3,0,4,5,5,6,6,6,6,6,6
32EES0052N,10,11,11,11,11,11,12,12,12,12,12,12,12,12,0,12,12,12,12,12,12,12,12,12
32ETV0307D,3,3,3,3,3,4,4,3,4,4,4,4,3,3,0,3,3,3,3,3,3,3,3,3
32ETV0658H,3,3,3,3,3,3,3,3,3,3,3,3,3,3,0,3,3,3,3,3,3,3,3,3
32ETV0743E,3,3,3,3,3,3,3,3,3,3,3,3,3,3,0,3,3,3,3,3,3,3,3,3
32ETV0985B,0,0,0,0,1,3,3,3,3,3,3,3,3,3,0,3,3,4,3,3,3,3,3,3
32ETV0875W,1,2,0,0,0,0,0,0,0,0,0,0,0,0,0,0,0,0,0,0,0,0,0,0
32ETV0960T,0,0,0,1,2,3,3,3,3,3,3,3,3,3,0,3,3,3,3,3,3,3,3,3
32ETV0549A,8,9,9,9,9,10,10,10,10,10,10,12,14,15,0,17,18,17,17,17,17,17,17,17
32ETV0851M,3,2,0,0,0,0,0,0,0,0,0,0,0,0,0,0,0,0,0,0,0,0,0,0
32DES0023T,20,23,23,24,25,27,29,30,30,30,30,30,30,30,0,30,30,31,32,32,33,33,33,33
32ETV0766P,0,0,0,0,1,2,3,3,3,3,3,3,3,3,0,3,3,3,3,3,3,3,3,3
32ETV0439V,3,3,3,3,3,3,3,3,3,3,3,3,3,3,0,3,3,3,3,3,3,3,3,4
32ETV0524S,3,3,3,3,3,3,3,3,3,3,3,3,3,3,0,3,3,3,3,3,3,3,3,3
32PES0074E,0,4,4,4,5,6,6,5,5,4,3,3,3,4,0,6,6,6,6,6,7,7,7,7
32DST0066J,0,2,4,7,9,11,12,12,12,12,12,12,12,12,0,12,12,13,14,14,14,14,14,15
32ETV0657I,3,3,3,3,3,3,3,3,3,3,3,3,3,3,0,3,3,3,3,3,3,3,3,3
32ETV0415L,3,2,2,2,3,3,3,3,3,3,3,3,3,3,0,3,3,3,3,3,2,2,3,3
32ETV0500I,3,3,3,3,3,3,3,3,3,3,3,3,3,3,0,3,3,3,3,3,3,3,3,3
32ETV0548B,3,3,3,3,3,3,3,4,4,5,5,4,5,5,0,5,5,5,5,5,5,5,5,6
32ETV0306E,3,3,3,3,3,3,3,3,3,3,3,3,3,3,0,3,3,3,3,3,3,2,2,2
32ETV0899F,1,2,3,3,3,3,3,3,3,3,3,3,3,3,0,3,3,3,3,3,3,3,3,3
32ETV0984C,0,0,0,0,0,0,3,3,3,3,3,3,3,3,0,3,3,3,3,3,3,3,3,3
32ETV0789Z,3,3,3,3,3,3,3,3,3,3,3,3,3,3,0,3,3,3,3,3,3,3,3,3
32ETV0874X,2,3,3,3,3,3,3,3,3,3,3,3,3,3,0,3,3,3,3,3,3,3,3,3
32DST0042Z,6,6,6,7,8,9,9,9,9,9,9,9,9,9,0,9,9,9,9,9,9,9,9,9
32ETV0850N,2,3,3,3,3,3,3,3,3,3,3,3,3,3,0,3,3,3,3,3,3,3,3,3
32DES0022U,6,6,6,7,8,9,9,9,9,9,9,9,9,9,0,9,9,9,9,9,9,9,9,9
32ETV0765Q,3,3,3,3,3,3,3,3,3,3,3,3,3,3,0,3,3,3,3,3,3,3,3,3
32ETV0438W,3,3,3,3,3,3,3,3,3,3,3,3,3,3,0,3,3,3,3,3,3,3,3,3
32ETV0523T,3,3,3,3,3,3,3,3,3,3,3,3,3,3,0,3,3,3,3,3,3,3,3,3
32DES0026Q,3,3,3,4,5,6,6,6,6,6,6,6,6,6,0,6,6,6,6,6,6,6,6,6
32ETV0175C,3,3,4,5,5,6,6,6,6,6,6,6,6,7,0,7,6,5,6,6,6,6,6,6
32ETV0838S,2,2,3,3,3,3,3,3,3,3,3,3,3,3,0,3,3,3,3,3,3,3,3,3
32ETV0923P,0,1,2,3,3,3,3,3,3,3,3,3,3,3,0,3,3,3,3,3,3,3,3,3
32PES0015P,3,3,3,3,3,3,3,3,3,3,3,3,3,3,0,3,3,3,3,3,3,3,3,3
32ETV0065X,3,2,2,3,3,3,3,3,3,3,3,3,3,3,0,3,3,3,3,3,3,3,3,3
32DES0002G,33,33,33,33,33,33,33,33,33,33,33,32,31,31,0,31,31,31,30,30,29,28,28,28
32ETV0150U,3,4,5,5,5,5,6,6,7,7,7,8,9,9,0,9,9,9,8,8,8,9,9,9
32ETV0729L,3,3,3,3,3,3,3,3,3,3,3,3,3,3,0,3,3,3,3,3,3,3,3,3
32ETV0814I,3,3,3,3,3,3,3,3,3,3,3,3,3,3,0,3,3,3,3,3,3,3,3,3
32ETV0705B,3,3,4,4,5,6,6,6,7,8,8,8,9,8,0,7,8,8,9,9,9,9,9,9
32DST0003Y,11,11,12,13,14,15,15,15,15,15,15,15,15,15,0,15,15,15,15,15,15,15,15,15
32ETV0392R,3,3,3,3,3,3,3,3,3,3,3,3,3,3,0,3,3,3,3,3,3,3,3,3
32ETV0837T,3,3,3,3,3,3,3,3,3,3,3,3,3,3,0,3,3,3,3,3,3,3,3,3
32ETV0922Q,0,1,2,3,3,3,3,3,3,3,3,3,3,3,0,3,3,3,3,3,3,3,3,3
32ETV0946Z,0,0,3,3,3,3,3,3,3,3,3,3,3,3,0,3,3,3,3,3,3,3,3,3
32DST0028G,7,7,7,8,8,7,8,8,8,8,8,8,8,8,0,8,8,8,8,8,8,8,8,9
32ETV0041N,3,3,3,3,3,4,4,4,3,3,3,3,3,3,0,3,3,3,3,3,3,3,3,3
32ETV0198N,3,3,3,3,3,3,3,3,3,3,3,3,3,3,0,3,3,3,3,3,3,3,3,3
32ETV0283K,3,3,3,3,3,3,3,0,0,0,0,0,0,0,0,0,0,0,0,0,0,0,0,0
32ETV0728M,0,0,0,1,2,3,3,3,3,3,3,3,3,3,0,3,3,3,0,0,0,0,0,0
32PES0016O,3,3,3,3,3,4,5,6,6,6,6,6,5,6,0,6,6,6,4,4,4,5,6,5
32ETV0813J,3,3,3,3,3,3,3,3,3,3,3,3,3,3,0,3,3,3,3,3,3,3,3,3
32ETV0064Y,3,3,3,4,5,5,5,5,6,6,6,6,6,6,0,6,6,5,6,6,6,5,6,5
32DES0025R,12,12,12,12,12,13,14,15,15,15,15,15,16,16,0,18,18,49,18,18,18,18,18,18
32ETV0174D,3,3,3,3,4,5,6,6,6,7,7,7,9,6,0,5,4,4,5,5,6,6,6,6
32ETV0391S,3,3,3,3,3,3,3,3,3,3,3,3,3,3,0,3,3,3,3,3,3,3,3,3
32DST0004X,4,4,3,4,4,3,3,3,3,3,3,3,3,3,0,3,3,3,3,3,3,3,3,3
32ETV0089G,3,3,3,3,3,3,3,3,3,3,3,3,3,3,0,3,3,3,3,3,3,3,3,3
32ETV0619F,3,3,3,3,3,3,3,3,3,3,3,3,3,3,0,3,3,3,3,3,4,4,4,5
32ETV0704C,3,3,3,3,3,3,3,3,3,3,3,3,3,3,0,3,3,3,3,3,3,3,3,3
32DES0001H,36,36,36,36,36,36,36,36,36,36,36,36,36,36,0,36,36,36,36,36,36,36,36,36
32ETV0282L,3,3,3,3,3,3,3,3,3,3,3,3,3,3,0,3,3,3,3,3,3,3,3,3
32ETV0197O,3,3,3,3,3,3,3,3,3,3,3,3,3,3,0,3,3,3,3,3,3,3,3,3
32ETV0173E,3,3,3,3,3,3,3,3,3,3,3,3,3,3,0,3,3,4,3,3,3,3,3,3
32ETV0921R,0,1,2,3,3,3,3,3,3,3,3,3,3,3,0,3,3,3,3,3,3,3,3,3
32ETV0836U,2,2,3,3,3,3,3,3,3,3,3,3,3,3,0,3,3,3,3,3,3,3,3,3
32ETV0040O,3,3,3,3,3,3,3,3,3,3,3,3,3,3,0,3,3,3,3,3,3,3,3,3
32ETV0509Z,3,3,3,3,3,3,3,3,3,3,3,3,3,3,0,3,3,3,3,3,3,3,3,3
32DST0029F,3,3,3,3,3,5,6,6,6,6,6,6,6,6,0,6,6,6,6,6,6,6,6,6
32ETV0177A,3,4,4,3,3,3,3,3,3,3,3,3,3,3,0,4,5,5,5,5,6,6,6,6
32ETV0925N,0,1,2,3,3,3,3,3,3,3,3,3,3,3,0,3,3,3,3,3,3,3,3,3
32ETV0901D,1,2,3,3,3,3,3,3,3,3,3,3,3,3,0,3,3,3,3,3,3,3,3,3
32ETV0816G,3,3,3,3,3,3,3,3,3,3,3,3,3,3,0,3,3,3,3,3,3,3,3,3
32DST0005W,14,14,14,14,14,14,14,14,14,14,14,14,14,15,0,15,15,15,15,15,15,15,15,15
32DES0028O,12,12,12,12,12,12,12,12,12,12,12,12,11,11,0,9,9,9,9,9,9,9,9,9
32ETV0020A,3,3,3,3,3,4,5,5,6,5,4,4,5,6,0,6,5,5,4,4,5,5,4,4
32EES0056J,3,3,3,3,3,3,3,3,3,3,4,5,5,4,0,4,4,4,4,4,3,3,3,3
32ETV0043L,3,3,3,3,3,3,3,4,3,3,3,3,3,3,0,3,3,3,3,3,3,3,3,3
32DES0004E,8,8,8,8,8,8,8,8,8,8,8,8,8,8,0,9,9,9,9,9,9,9,9,9
32ETV0152S,3,3,3,3,4,4,5,4,3,3,3,3,3,3,0,3,4,4,3,3,3,3,3,4
32PES0013R,4,4,4,3,3,4,5,6,6,6,3,4,3,3,0,3,3,3,3,3,3,3,3,3
32ETV0370F,3,3,3,3,3,3,3,3,3,3,3,3,3,3,0,3,3,3,3,3,3,3,3,3
32ETV0285I,3,3,3,3,3,3,3,3,3,3,3,3,3,3,0,3,3,3,3,3,3,3,3,3
32ETV0067V,3,3,4,4,5,5,6,6,6,6,6,6,5,5,0,5,5,5,5,5,5,4,5,6
32ETV0948Y,0,0,1,2,3,3,3,3,3,3,3,3,3,3,0,3,3,3,3,3,3,3,3,3
32DES0027P,9,9,9,10,11,13,14,15,15,15,15,12,13,13,0,14,14,14,14,14,14,14,14,14
32ETV0176B,3,3,4,4,4,4,4,5,6,6,6,6,6,6,0,6,6,6,6,6,6,6,6,6
32PES0014Q,3,3,3,3,3,3,3,3,3,3,3,3,3,3,0,3,3,3,3,3,3,3,3,3
32ETV0924O,0,1,2,3,3,3,3,3,3,3,3,3,3,3,0,3,3,3,3,3,3,3,3,3
32ETV0839R,3,3,3,3,3,3,3,3,3,0,0,0,0,0,0,0,0,0,0,0,0,0,0,0
32EES0057I,8,8,8,8,8,9,8,8,12,13,13,13,13,13,0,13,13,13,13,13,13,13,13,14
32DES0003F,28,28,25,28,28,28,28,28,28,28,28,28,28,28,0,26,26,26,26,26,26,26,26,26
32DST0006V,18,18,18,18,18,18,18,18,18,18,18,18,18,18,0,18,18,18,18,18,18,18,18,18
32ETV0260Z,3,3,3,3,3,3,3,3,3,3,3,3,3,3,0,3,3,3,3,3,3,3,3,3
32ETV0815H,3,3,3,3,3,3,3,3,3,3,3,3,3,3,0,3,3,3,3,3,2,2,2,3
32ETV0900E,1,2,3,3,3,3,3,3,3,3,3,3,3,3,0,3,3,3,3,3,3,3,3,3
32ETV0042M,3,3,3,3,3,3,3,3,3,3,3,3,3,3,0,3,3,3,3,3,3,3,3,3
32ETV0393Q,3,3,3,3,3,3,3,3,3,2,2,3,3,3,0,3,3,3,3,3,3,3,3,3
32ETV0706A,3,3,3,3,3,3,3,3,3,3,3,3,3,2,0,2,3,3,3,3,0,0,0,0
32ETV0151T,3,3,3,3,3,3,3,3,3,3,3,3,3,3,0,3,3,3,3,3,3,3,3,3
32ETV0066W,3,3,3,3,3,3,3,3,3,3,3,3,3,3,0,3,3,3,3,3,3,3,3,3
32ETV0284J,3,3,3,3,3,3,3,3,3,3,3,3,3,3,0,3,3,3,3,3,3,3,3,3
32ETV0199M,3,3,3,3,3,3,3,3,3,3,3,3,3,3,0,3,3,3,3,3,3,3,3,3
32ETV0947Z,0,0,2,2,3,3,3,3,3,3,3,3,3,3,0,3,3,3,3,3,3,3,3,3
32ETV0967M,0,0,0,3,3,3,3,3,3,3,3,3,3,3,0,3,3,3,3,3,3,3,3,3
32DST0023L,5,5,6,6,6,6,6,6,6,6,6,6,6,6,0,6,6,6,6,6,6,6,6,6
32ETV0725P,2,0,3,3,3,3,3,2,2,2,3,3,3,3,0,2,3,3,3,3,3,3,3,2
32ETV0810M,3,3,3,3,3,3,3,3,3,3,3,3,3,3,0,3,3,3,2,2,2,3,3,3
32ETV0943C,0,0,1,2,3,3,3,3,3,3,3,3,3,3,0,3,3,3,3,3,3,3,3,3
32ETV0858F,2,3,3,3,3,3,3,3,3,3,3,3,3,3,0,3,3,3,3,3,3,3,3,3
32DST0047V,5,5,5,5,5,5,5,5,5,5,5,5,3,3,0,3,3,3,3,3,3,3,3,3
32ETV0616I,3,3,3,3,3,3,3,3,3,3,3,3,3,3,0,3,3,3,3,3,3,3,3,2
32DES0006C,6,6,6,6,6,6,6,6,6,6,6,6,6,6,0,6,6,6,6,6,6,6,6,6
32ETV0085K,3,3,3,3,3,3,3,3,3,3,3,3,3,3,0,3,3,3,3,3,3,3,3,3
32ETV0833X,3,3,3,3,3,3,3,3,3,3,3,3,3,3,0,3,3,3,3,3,3,3,3,3
32ETV0507B,3,3,3,3,3,3,3,3,3,3,3,3,3,3,0,3,3,3,3,3,3,3,3,3
32ETV0639T,3,3,3,3,3,3,3,3,3,3,3,3,3,3,0,3,3,3,3,3,3,3,3,3
32ETV0724Q,3,3,3,3,3,3,3,3,3,3,3,3,3,3,0,2,3,3,3,3,3,3,3,3
32ETV0748Z,3,3,3,3,3,3,3,3,3,3,3,3,3,3,0,3,0,0,0,0,0,0,0,0
32ETV0170H,3,3,3,3,3,3,3,3,3,3,3,3,3,3,0,3,3,3,3,3,3,3,3,3
32ETV0615J,3,3,3,3,3,3,3,3,3,3,3,3,3,3,0,3,3,3,3,3,3,3,3,3
32DST0024K,10,10,10,10,10,10,10,10,10,10,10,10,10,10,0,10,10,10,10,10,12,12,12,12
32ETV0966N,0,0,0,3,3,3,3,3,3,3,3,3,3,3,0,3,3,3,3,3,3,3,3,3
32ETV0193S,4,4,4,4,5,5,5,4,4,4,4,4,3,3,0,4,3,4,4,4,4,4,4,5
32ETV0506C,3,3,3,3,3,3,3,3,3,3,3,3,3,3,0,3,3,3,3,3,3,4,4,4
32ETV0061A,6,6,6,6,6,6,6,6,6,6,6,6,6,6,0,6,6,6,6,6,6,6,6,6
32DST0048U,19,20,21,22,23,23,25,27,28,28,28,25,22,19,0,18,18,18,18,18,18,18,18,18
32ETV0942D,0,1,2,3,3,3,2,2,0,0,0,0,0,0,0,0,0,0,0,0,0,0,0,0
32ETV0857G,2,3,3,3,3,3,3,3,3,3,3,3,3,3,0,3,3,3,3,3,3,3,3,3
32ETV0832Y,3,3,3,3,3,3,3,3,3,3,3,3,3,3,0,3,3,3,3,3,3,3,3,3
32EES0059G,7,6,6,7,8,7,7,7,7,7,6,6,6,6,0,6,6,6,6,6,6,6,6,6
32DES0005D,214,8,8,8,8,8,8,8,8,8,8,8,8,8,0,8,8,8,8,8,8,8,8,8
32ETV0060B,3,3,3,3,3,3,3,3,3,3,3,3,3,3,0,3,3,3,3,3,3,3,3,3
32ETV0723R,3,3,3,3,3,3,3,3,3,3,3,3,3,3,0,3,3,3,3,3,3,3,3,3
32ETV0638U,3,3,3,3,3,3,3,3,3,3,3,3,3,3,0,3,3,3,2,2,2,3,3,3
32ETV0989Y,0,0,0,0,3,3,2,2,3,3,3,3,3,3,0,3,3,3,3,3,3,3,3,3
32ETV0084L,0,0,0,0,0,0,2,3,3,2,2,3,3,3,0,3,3,3,3,3,3,3,3,3
32ETV0727N,3,3,3,3,3,3,3,3,3,3,3,3,3,3,0,3,3,3,3,3,3,3,3,3
32ETV0812K,3,3,3,3,3,3,3,4,4,4,3,3,4,3,0,4,4,4,5,5,4,4,4,4
32ETV0063Z,3,3,3,3,3,3,4,3,3,3,3,3,3,3,0,3,3,3,3,3,3,3,3,3
32DST0025J,16,16,16,16,17,17,17,17,17,17,17,17,17,17,0,18,18,18,18,18,18,18,18,18
32ETV0703D,3,3,3,3,3,3,3,3,3,3,3,3,3,3,0,3,3,3,3,3,2,3,3,3
32ETV0618G,3,3,3,3,3,3,3,3,3,3,3,3,3,3,0,3,3,3,3,3,3,3,3,3
32ETV0390T,5,5,5,7,7,8,8,8,9,10,10,11,12,12,0,12,12,12,13,13,13,12,12,12
32ETV0969K,0,0,0,1,2,3,3,3,3,3,3,3,3,3,0,3,3,3,3,3,3,3,3,3
32DST0049T,6,6,6,6,6,6,6,6,6,6,6,6,6,6,0,6,6,6,6,6,6,6,6,6
32ETV0196P,3,3,3,3,3,3,3,3,3,3,3,3,3,3,0,3,3,3,3,3,3,3,3,3
32ETV0281M,3,3,3,3,3,3,3,3,3,3,3,3,3,3,0,3,3,3,3,3,3,3,3,3
32ETV0945A,0,0,1,2,3,3,3,3,3,3,3,3,3,3,0,3,3,3,3,3,3,3,3,3
32ETV0087I,2,3,3,3,3,3,3,0,3,3,3,3,0,0,0,0,0,0,2,2,3,3,2,2
32DST0001Z,33,35,36,36,36,36,36,36,36,36,36,36,36,36,0,36,27,20,18,18,18,18,18,18
32DST0026I,11,11,11,11,12,14,15,15,15,15,15,15,14,12,0,12,12,9,8,8,8,9,9,10
32ETV0172F,3,3,3,3,3,3,3,3,3,3,3,4,4,4,0,3,4,4,4,4,3,3,3,3
32ETV0920S,0,1,2,3,3,3,3,3,3,3,3,3,3,3,0,3,3,3,3,3,3,3,3,3
32ETV0835V,3,3,3,3,3,3,3,3,3,3,3,3,3,3,0,3,3,3,3,3,3,3,3,3
32ETV0062Z,3,3,3,3,3,3,3,3,3,3,3,3,3,3,0,3,3,3,3,3,3,3,3,3
32ETV0968L,0,0,0,1,2,3,3,3,3,3,3,3,3,3,0,3,3,3,3,3,3,3,3,3
32EES0037V,3,3,3,4,5,5,5,6,5,4,4,4,5,5,0,3,3,3,4,4,4,5,6,6
32ETV0726O,3,3,3,3,3,3,3,3,3,3,3,3,3,3,0,3,3,3,4,4,5,4,6,6
32ETV0811L,3,3,3,3,3,3,3,3,3,3,3,3,3,3,0,3,3,3,3,3,3,3,3,3
32ETV0859E,2,3,3,3,3,3,3,3,3,3,3,3,3,3,0,3,3,3,3,3,3,3,3,3
32ETV0944B,0,0,1,2,3,3,3,3,3,3,3,3,2,3,0,2,3,3,0,0,0,0,0,0
32ETV0702E,3,3,3,3,3,3,3,3,3,3,3,3,3,3,0,3,3,3,3,3,3,3,3,3
32ETV0617H,3,3,3,3,3,3,3,3,3,3,3,3,3,3,0,3,3,3,3,3,3,3,3,3
32DES0007B,6,6,6,6,6,6,6,6,6,6,6,6,6,6,0,5,5,5,5,5,5,5,5,5
32ETV0086J,3,3,3,3,3,3,3,3,3,3,3,3,3,3,0,3,3,3,3,3,3,3,3,3
32ETV0280N,3,3,3,3,4,4,4,4,4,5,5,5,4,3,0,3,3,3,4,4,4,4,4,3
32DST0002Z,16,16,17,17,17,18,18,18,18,18,18,18,18,18,0,18,18,18,18,18,18,18,18,18
32ETV0195Q,3,3,3,3,3,3,3,3,3,3,3,3,3,3,0,3,3,3,3,3,3,3,2,2
32ETV0508A,3,3,3,3,3,3,3,3,3,3,3,3,3,3,0,3,3,4,3,3,3,3,3,3
32DST0027H,18,18,18,18,18,18,18,18,18,18,18,18,18,18,0,18,18,18,18,18,18,18,18,18
32ETV0834W,3,3,3,3,3,3,3,3,3,3,3,3,3,3,0,3,3,3,0,0,3,3,3,3
32ETV0135B,3,4,5,5,5,6,6,6,6,6,6,6,6,6,0,6,6,6,6,6,6,6,6,6
32ETV0486F,3,3,3,3,3,3,3,3,4,4,3,3,3,3,0,3,3,3,3,3,3,3,3,3
32ETV0159L,3,3,3,3,3,3,3,3,3,3,3,3,3,3,0,3,3,3,3,3,3,3,3,3
32ETV1006O,0,0,0,0,0,0,2,3,3,3,3,3,3,3,0,3,3,3,3,3,3,3,3,3
32ETV0244I,3,3,3,3,3,3,3,3,3,3,3,3,3,3,0,3,4,3,3,3,3,3,3,3
32ETV0376Z,3,3,3,3,3,3,3,3,3,3,3,3,3,3,0,3,3,3,3,3,3,3,3,3
32ETV0352Q,3,3,3,3,3,3,3,3,3,3,3,3,3,3,0,3,3,3,3,3,3,3,3,3
32ETV0267T,3,3,3,3,3,3,3,3,3,3,3,3,3,3,0,3,3,3,3,3,3,3,3,3
32ETV0001M,3,3,3,3,3,3,3,3,3,3,3,3,3,3,0,3,3,3,3,3,3,3,3,3
32ETV0906Z,0,1,2,4,4,4,4,4,4,5,5,5,5,4,0,5,6,5,6,6,5,5,5,6
32ETV0158M,3,3,3,3,3,3,3,4,3,3,3,3,3,3,0,4,4,3,4,4,4,4,5,5
32ETV0243J,4,4,4,3,3,3,3,3,3,3,3,3,3,3,0,3,3,3,3,3,3,3,3,3
32ETV0110T,3,3,3,3,3,3,3,3,3,3,3,3,3,3,0,3,3,4,4,4,3,3,3,3
32ETV0025W,3,3,3,3,3,4,3,3,3,3,3,3,3,3,0,3,3,3,3,3,3,3,3,3
32ETV0594N,3,3,3,3,4,4,3,3,3,3,3,3,3,3,0,3,4,4,5,5,3,4,5,6
32ETV1007N,0,0,0,0,0,0,3,3,3,3,3,3,3,3,0,0,0,0,0,0,0,0,0,0
32ETV0485G,3,0,0,0,0,0,0,0,0,0,0,0,0,0,0,0,0,0,0,0,0,0,0,0
32ETV0460Y,3,3,3,3,3,3,3,3,3,3,3,3,3,3,0,3,3,2,2,2,3,3,3,3
32ETV0134C,3,3,3,3,3,3,3,3,3,3,3,3,3,3,0,3,3,3,3,3,3,3,3,3
32ETV0049F,3,3,3,3,4,5,5,5,5,5,5,5,5,5,0,6,6,5,6,6,5,5,6,6
32ETV0351R,3,3,4,4,4,5,5,5,5,6,6,6,5,5,0,5,6,4,5,5,6,6,6,6
32ETV0266U,3,3,3,3,3,3,3,3,3,3,3,3,3,3,0,3,3,3,3,3,3,3,3,3
32EES0003E,3,3,3,3,3,4,4,5,5,5,6,5,5,5,0,5,5,5,5,5,4,5,4,5
32ETV0024X,3,3,3,3,3,3,3,3,3,3,3,3,3,3,0,3,3,3,3,3,3,3,1,2
32ETV0484H,3,3,3,3,3,3,3,3,3,3,3,3,3,3,0,3,3,3,3,3,3,3,3,3
32ETV1008M,0,0,0,0,0,0,1,2,3,3,3,3,3,3,0,4,3,3,3,3,3,3,3,3
32ETV0242K,3,3,3,3,3,3,3,3,3,3,3,3,3,3,0,3,3,3,4,4,4,4,3,3
32ETV0157N,3,3,3,3,3,3,3,3,3,3,3,3,3,3,0,3,3,3,3,3,3,3,3,3
32ETV0905Z,0,1,2,3,3,3,3,3,3,3,3,3,3,3,0,3,3,3,3,3,3,3,3,3
32ETV0488D,3,3,3,3,3,4,4,5,4,5,5,4,4,3,0,3,3,3,3,3,3,3,3,3
32ETV1004Q,0,0,0,0,0,2,3,3,3,3,3,3,3,3,0,3,3,3,3,3,3,3,3,3
32ETV0246G,3,3,3,3,3,3,3,3,3,3,3,3,3,3,0,3,3,3,3,3,3,3,3,3
32ETV0909W,0,1,2,3,3,3,3,3,3,3,3,3,3,3,0,3,3,3,3,3,3,3,2,3
32ETV0221Y,3,3,3,3,3,3,3,3,3,3,3,3,3,3,0,3,3,3,3,3,3,3,3,3
32ETV0004J,3,3,3,3,3,3,3,3,3,3,3,3,3,3,0,3,3,3,3,3,3,3,3,3
32ETV0790P,3,3,3,3,3,3,3,3,3,3,3,3,3,3,0,3,3,3,3,3,3,3,3,3
32ETV0463V,3,3,3,3,3,4,4,4,3,3,3,4,4,5,0,6,6,6,6,6,6,6,6,6
32ETV0378Y,3,3,3,3,3,3,3,3,3,3,3,3,3,3,0,3,3,3,3,3,3,3,3,3
32ETV0003K,3,3,3,3,3,3,3,3,3,3,3,3,3,3,0,3,3,3,3,3,3,3,3,3
32ETV0596L,4,4,4,4,4,4,5,5,6,4,4,5,6,6,0,5,5,5,6,6,6,6,6,6
32ETV0269R,3,3,3,3,3,3,3,3,3,3,3,3,3,3,0,3,3,4,5,5,6,6,6,6
32ETV0354O,3,3,3,3,3,3,3,3,3,3,3,3,3,3,0,3,3,3,3,3,3,3,3,3
32ETV0112R,3,3,3,3,3,3,3,3,3,3,3,3,3,3,0,3,3,3,3,3,3,3,3,3
32ETV0027U,4,3,3,3,3,3,3,3,3,3,3,3,3,3,0,3,3,3,3,3,3,3,3,3
32ETV1005P,0,0,0,0,0,2,3,3,0,0,0,0,0,0,0,0,0,0,0,0,0,0,0,0
32ETV0136A,3,3,3,3,3,3,3,3,3,3,3,3,3,3,0,3,3,3,3,3,3,3,3,3
32ETV0908X,0,1,2,3,3,3,3,3,3,3,2,2,2,3,0,3,3,3,3,3,3,3,3,3
32ETV0330E,3,3,3,3,3,3,3,3,3,3,3,3,3,3,0,3,2,3,0,0,0,0,0,0
32ETV0245H,3,3,3,3,3,3,3,3,3,3,3,3,3,3,0,3,3,3,3,3,3,3,3,3
32ETV0220Z,3,3,3,3,3,3,3,3,3,3,3,3,3,3,0,3,3,3,3,3,3,3,3,3
32ETV0002L,6,6,6,6,6,7,7,7,7,7,7,8,8,8,0,8,8,8,9,9,9,9,9,9
32ETV0377Z,3,3,3,5,6,6,6,6,7,6,6,7,7,7,0,7,8,7,7,7,6,7,7,7
32ETV0907Y,0,1,2,3,3,3,3,3,3,3,3,3,3,3,0,3,3,3,3,3,3,3,3,3
32ETV0111S,4,4,4,5,6,6,7,7,8,9,8,8,9,10,0,10,10,8,9,9,9,9,9,9
32ETV0026V,3,3,3,3,3,3,3,3,3,3,3,3,3,3,0,3,3,3,3,3,3,3,3,3
32ETV0353P,3,3,3,3,2,3,3,3,3,3,3,3,3,3,0,3,3,3,3,3,3,3,3,3
32ETV0268S,3,3,3,3,3,3,3,3,3,3,3,3,3,3,0,3,3,3,3,3,3,3,3,3
32ETV0021Z,3,3,3,4,4,3,3,4,3,4,3,3,3,3,0,3,3,3,3,3,3,3,3,4
32ETV0373C,3,3,3,3,3,3,3,3,3,3,3,3,3,3,0,3,3,3,3,3,3,3,3,3
32ETV0288F,3,2,2,3,3,3,3,3,3,3,3,3,3,3,0,3,3,3,3,3,3,3,3,2
32ETV0046I,3,4,4,4,5,5,5,6,6,6,7,7,8,9,0,11,12,10,10,10,10,9,8,9
32ETV0178Z,3,3,3,3,3,3,3,3,3,3,3,3,3,3,0,3,3,3,3,3,3,3,3,3
32ETV0131F,3,3,3,3,3,3,3,3,3,3,3,3,3,3,0,3,3,3,3,3,3,3,3,3
32ETV0263X,3,3,3,3,3,3,3,3,3,3,3,3,3,3,0,3,3,3,3,3,3,3,3,3
32ETV0927L,0,1,2,3,3,3,3,3,3,3,3,3,3,3,0,3,3,3,3,3,3,3,3,3
32DST0007U,9,9,9,9,9,10,11,12,12,12,12,12,12,12,0,12,12,12,12,12,12,12,12,12
32ETV1002S,0,0,0,0,0,2,2,3,3,3,3,2,3,3,0,3,3,3,3,3,3,3,3,3
32ETV0154Q,3,3,3,3,3,4,6,6,6,5,4,5,5,5,0,5,5,4,4,4,4,5,5,5
32ETV0903B,1,2,3,3,3,3,3,3,3,3,3,3,3,3,0,2,3,3,3,3,3,3,3,3
32ETV0818E,3,2,2,2,3,3,3,3,3,3,3,3,3,3,0,3,3,3,3,3,3,3,3,3
32ETV0130G,3,3,3,3,3,3,3,3,3,3,3,3,3,3,0,3,3,3,3,3,2,2,3,3
32ETV0045J,5,6,7,9,11,12,12,12,12,12,12,12,12,12,0,12,12,10,11,11,10,9,9,9
32ETV0590R,3,3,3,3,3,4,3,3,3,3,3,3,3,3,0,3,3,3,3,3,4,4,3,3
32ETV0708Z,3,3,3,3,3,3,3,3,3,3,3,3,3,3,0,3,3,3,3,3,3,3,3,3
32ETV0396N,3,3,3,3,3,3,3,3,3,3,3,3,3,3,0,3,3,3,3,3,3,3,3,3
32ETV0069T,3,2,0,0,0,0,0,0,0,0,0,0,0,0,0,0,0,0,0,0,2,3,3,3
32ETV0481K,3,3,3,3,3,3,3,3,3,3,3,3,3,3,0,3,3,3,3,3,3,3,3,3
32DST0008T,18,18,18,18,18,18,18,18,18,18,18,18,18,18,0,18,18,18,18,18,18,18,18,18
32ETV0926M,0,1,2,3,3,3,3,3,3,3,3,3,3,3,0,3,3,3,3,3,3,3,3,3
32ETV0372D,3,3,3,3,3,3,3,3,3,3,3,3,3,3,0,3,3,3,3,3,3,0,0,0
32ETV0287G,3,3,3,3,3,3,3,3,3,3,3,3,3,3,0,3,3,3,3,3,3,3,3,3
32ETV0902C,1,2,3,3,3,3,3,3,3,3,3,3,3,3,0,3,3,3,3,3,3,3,3,3
32ETV0262Y,3,3,3,3,3,3,3,3,3,3,3,3,3,3,0,3,3,3,3,3,3,3,3,3
32ETV0817F,3,3,3,3,3,3,3,3,3,3,3,3,3,3,0,3,3,3,3,3,3,3,3,3
32ETV1003R,0,0,0,0,0,3,2,3,3,3,3,3,3,2,0,2,3,3,3,3,3,3,3,3
32ETV0395O,3,3,3,3,4,3,3,3,3,4,5,6,5,3,0,3,5,4,3,3,3,3,3,3
32ETV0480L,2,3,3,3,3,3,3,3,3,3,3,3,3,3,0,3,3,3,3,3,3,3,3,3
32ETV0153R,3,3,3,3,3,3,3,3,3,3,3,3,3,3,0,3,3,3,3,3,3,3,3,3
32ETV0044K,4,5,6,6,8,8,10,10,10,10,10,10,11,11,0,12,11,11,11,11,9,8,9,11
32ETV0371E,3,3,3,3,3,3,3,3,3,4,4,4,3,3,0,3,3,3,3,3,3,3,3,3
32ETV0949X,0,0,1,3,3,3,3,3,3,3,3,3,3,3,0,3,3,3,3,3,3,3,3,3
32EES0007A,3,4,4,4,4,5,5,6,6,6,6,6,5,5,0,6,5,5,5,5,5,5,5,5
32ETV0707Z,3,3,0,0,0,0,0,0,0,0,0,0,0,0,0,0,0,0,0,0,0,0,0,0
32ETV0375A,3,3,3,3,3,3,3,3,3,3,3,3,3,3,0,3,3,3,3,3,3,3,3,3
32DST0009S,7,7,7,7,7,7,7,7,7,7,7,7,7,6,0,7,7,7,7,7,7,7,8,9
32EES0008Z,3,3,3,3,3,3,3,3,3,3,3,3,3,3,0,3,3,3,3,3,3,3,3,3
32ETV0023Y,3,3,3,3,3,3,3,3,3,3,3,3,3,3,0,3,3,3,3,3,3,3,3,3
32ETV0929J,0,1,2,3,3,3,3,3,3,3,3,3,3,3,0,3,3,3,3,3,3,3,3,3
32ETV1000U,0,0,0,0,0,1,3,3,3,3,3,3,3,3,0,3,3,3,3,3,3,3,3,3
32ETV0133D,3,3,3,3,3,3,3,3,3,3,3,3,3,3,0,3,3,3,3,3,3,3,3,3
32ETV0048G,3,3,3,3,3,3,3,3,3,3,3,3,3,3,0,3,3,3,3,3,3,3,3,3
32ETV0592P,3,3,3,3,3,3,3,3,3,3,3,3,3,3,0,3,3,3,3,3,3,3,3,3
32ETV0265V,3,3,3,3,3,3,3,3,3,3,3,3,3,3,0,3,3,3,4,4,3,3,3,3
32ETV0398L,2,2,3,3,3,3,3,3,3,3,3,3,3,3,0,3,3,3,3,3,3,3,3,3
32ETV0156O,3,3,3,3,3,3,3,3,3,3,3,3,3,3,0,3,3,3,3,3,3,3,3,3
32ETV0241L,3,3,3,3,3,3,3,3,3,3,3,3,3,3,0,3,3,3,3,3,3,3,3,3
32ETV0374B,5,6,6,6,8,9,9,10,10,10,10,10,10,11,0,12,12,11,11,11,12,11,11,10
32ETV0289E,3,3,3,3,3,3,3,3,3,3,3,3,3,3,0,3,3,3,3,3,3,2,3,3
32ETV0022Z,3,3,3,3,3,3,3,3,3,3,3,3,3,3,0,3,3,3,4,4,4,4,4,3
32ETV1001T,0,0,0,0,0,1,2,3,3,3,3,3,3,3,0,3,3,3,3,3,3,3,3,3
32ETV0047H,3,3,3,3,3,3,3,3,3,3,3,3,3,3,0,3,0,0,3,3,3,3,3,3
32ETV0132E,3,3,3,3,3,3,3,3,3,3,0,0,0,0,0,0,0,0,0,0,3,3,3,3
32ETV0928K,0,1,2,3,3,3,3,3,3,3,3,3,3,3,0,3,3,3,3,3,3,3,3,3
32PES0018M,3,3,4,5,5,5,5,4,3,3,3,3,3,3,0,3,3,3,3,3,3,3,3,3
32ETV0264W,3,3,3,3,3,3,3,3,3,3,3,3,3,3,0,3,3,3,3,3,3,3,3,3
32ETV0179Z,3,3,3,3,3,3,3,3,3,3,3,3,3,3,0,3,3,3,3,3,3,3,3,3
32ETV0819D,2,3,3,3,3,3,3,3,3,3,3,3,3,3,0,3,3,3,3,3,3,3,3,3
32ETV0904A,3,3,3,3,3,3,3,3,3,3,3,3,3,3,0,3,3,3,3,3,3,3,3,3
32ETV0709Y,3,3,3,3,3,3,3,3,3,3,3,3,3,3,0,3,3,3,3,3,3,3,3,3
32ETV0397M,3,3,3,3,3,3,3,3,3,3,3,3,3,3,0,2,3,3,3,3,3,3,3,3
32ETV0155P,3,3,3,3,3,3,3,3,3,3,3,3,3,4,0,5,5,5,4,4,5,6,6,6
32ETV0240M,3,3,3,4,4,4,3,3,3,3,3,3,3,4,0,4,3,3,3,3,3,3,3,3
32ETV0204H,3,3,3,3,3,3,3,3,3,3,3,3,3,3,0,3,3,3,3,3,3,3,3,3
32ETV0555L,3,3,3,3,3,1,2,3,3,3,3,3,3,0,0,0,0,0,0,0,0,0,0,0
32ETV0797I,3,3,3,3,3,3,3,3,3,3,3,3,3,3,0,3,3,3,3,3,3,3,3,3
32ETV0882F,3,3,3,3,3,3,3,3,3,3,3,3,3,3,0,3,3,3,3,3,3,3,3,3
32ETV0772Z,2,2,3,3,3,3,3,3,3,3,3,3,3,3,0,3,3,3,3,3,3,3,3,3
32ETV0119K,3,3,3,3,3,3,2,3,3,3,3,3,3,3,0,3,3,3,3,3,3,3,3,3
32ETV0446E,3,3,3,3,3,3,3,3,3,3,3,2,2,2,0,3,3,3,3,3,3,3,3,3
32ETV0531B,0,1,2,3,3,3,3,3,3,3,2,3,3,3,0,3,3,3,3,3,3,3,3,3
32ETV0578W,3,3,3,3,3,3,3,3,3,3,3,3,3,3,0,3,3,3,3,3,3,3,3,3
32DST0071V,0,0,0,2,4,6,7,8,9,9,9,9,8,8,0,8,9,9,9,9,10,11,12,12
32ETV0663T,3,3,3,3,3,4,3,3,3,3,3,3,3,3,0,3,3,3,3,3,3,3,3,3
32ETV0336Z,3,3,0,0,0,0,0,0,0,0,0,0,0,0,0,0,0,0,0,0,0,0,0,0
32ETV0469P,3,3,3,3,3,3,3,3,3,3,3,3,3,3,0,2,2,2,3,3,3,3,3,3
32ETV0554M,6,6,6,7,7,6,6,7,7,7,7,7,8,7,0,7,7,7,7,7,7,7,8,8
32ETV0227S,4,4,3,3,3,3,3,3,3,3,3,3,3,3,0,3,3,3,3,3,3,3,3,3
32ETV0990N,0,0,0,0,0,3,3,3,3,3,3,3,3,3,0,3,3,3,3,3,3,3,3,3
32ETV0445F,3,3,3,3,3,3,3,3,3,3,3,3,3,3,0,3,3,3,3,3,3,3,3,3
32ETV0009E,3,3,3,3,3,3,3,3,3,3,3,3,3,3,0,2,2,2,3,3,3,3,3,3
32ETV0796J,3,3,3,3,3,3,3,3,3,3,3,3,3,3,0,3,3,3,3,3,3,3,3,2
32ETV0203I,3,4,4,4,5,5,6,5,5,5,5,5,4,5,0,6,6,6,6,6,3,3,3,3
32ETV0881G,2,3,3,3,3,3,3,3,3,3,3,3,3,3,0,3,3,3,3,3,3,3,3,3
32ETV0662U,3,3,3,3,3,3,3,3,3,3,3,3,3,3,0,3,0,0,0,0,2,3,3,3
32DST0072U,0,0,0,0,2,4,7,8,9,9,9,11,11,12,0,12,13,14,15,15,15,15,15,15
32ETV0577X,0,1,2,3,3,3,3,3,3,3,3,3,3,3,0,3,3,3,3,3,0,0,0,0
32ETV0335Z,3,3,3,3,3,3,3,3,3,3,3,3,3,3,0,3,3,3,3,3,3,3,3,3
32ETV0468Q,3,3,3,3,3,3,3,3,3,3,3,3,3,3,0,3,3,3,3,3,3,3,3,3
32ETV0553N,3,3,3,3,3,3,3,3,3,3,3,3,3,3,0,3,3,3,3,3,3,3,3,2
32ETV0795K,3,3,3,3,3,3,3,3,3,3,3,3,3,3,0,3,3,3,3,3,3,3,3,3
32ETV0880H,2,3,3,3,3,3,3,3,3,3,2,3,3,3,0,3,0,0,0,0,0,0,0,0
32ETV0311Q,3,3,3,3,3,4,4,4,3,3,4,3,3,3,0,3,4,3,3,3,3,4,4,3
32ETV0799G,3,3,3,3,3,3,3,2,2,3,3,3,3,3,0,0,0,0,0,0,0,0,0,0
32ETV0557J,3,3,3,3,3,3,3,3,3,3,3,3,3,3,0,3,3,3,3,3,3,3,3,3
32ETV0884D,1,2,3,3,3,3,3,3,3,3,3,3,3,3,0,3,3,3,3,3,3,3,3,3
32ETV0315M,3,3,3,3,3,3,3,3,3,3,3,3,3,3,0,3,3,3,3,3,3,3,3,3
32ETV0448C,0,0,0,0,1,2,3,3,3,3,3,3,3,3,0,3,3,3,3,3,3,3,3,3
32ETV0206F,3,3,3,3,3,3,3,3,3,3,3,3,3,3,0,3,3,3,3,3,3,3,2,3
32ETV0338X,3,3,3,3,3,3,3,3,3,3,3,3,3,3,0,3,3,3,3,3,3,3,3,3
32ETV0423U,8,8,8,9,9,9,9,9,9,9,9,9,10,10,0,10,11,11,11,11,11,10,11,11
32DST0073T,0,0,0,0,0,0,1,4,7,8,10,11,13,15,0,18,18,18,18,18,18,18,18,18
32ETV0774Y,3,3,3,3,3,3,3,3,3,3,3,3,3,3,0,3,3,3,3,3,3,3,3,3
32ETV0229Q,3,3,3,3,3,3,3,3,3,2,2,2,3,3,0,3,3,3,3,3,3,3,3,3
32ETV0314N,3,3,3,3,3,3,3,3,3,3,3,3,3,3,0,3,3,3,3,3,3,3,3,3
32ETV0992L,0,0,0,0,0,3,3,3,3,3,3,3,3,3,0,3,3,3,3,3,3,3,3,3
32ETV0665R,3,3,3,3,3,3,3,3,3,3,3,3,3,3,0,0,0,0,0,0,0,0,0,0
32ETV0750O,3,3,3,3,3,3,3,3,3,3,3,3,3,3,0,3,3,3,3,3,3,3,3,2
32PES0081O,0,0,0,0,0,0,1,1,1,1,2,3,3,3,0,3,3,3,3,3,3,3,3,3
32ETV0205G,4,5,5,7,7,7,7,7,6,7,8,9,8,7,0,7,7,8,6,6,6,6,6,6
32ETV0798H,3,3,3,3,3,4,4,5,4,4,3,4,4,4,0,3,3,3,3,3,3,3,3,3
32ETV0883E,1,2,3,3,3,3,3,3,3,3,3,3,3,3,0,3,3,4,4,4,3,4,4,5
32ETV0556K,3,4,5,5,5,5,6,6,7,8,8,9,9,10,0,11,11,11,11,11,11,11,11,11
32ETV0641H,3,3,3,3,3,3,3,3,3,3,3,3,3,3,0,2,3,3,3,3,3,3,3,3
32ETV0689A,3,3,3,4,5,5,5,5,6,7,7,8,9,9,0,10,11,11,12,12,12,10,10,11
32ETV0447D,0,0,0,0,1,2,3,3,3,3,3,3,3,3,0,3,3,3,3,3,3,3,3,3
32DST0050I,6,6,6,6,7,8,8,9,9,9,9,9,7,7,0,7,7,7,7,7,7,8,8,8
32ETV0337Y,3,3,3,3,3,3,3,3,3,3,3,3,3,3,0,3,3,3,3,3,3,3,3,3
32ETV0422V,1,2,3,3,3,3,3,3,3,3,3,3,3,3,0,3,3,3,3,3,3,3,3,3
32ETV0773Z,3,3,3,3,3,3,3,3,3,3,3,3,3,3,0,3,3,3,3,3,3,3,3,3
32DST0074S,0,0,0,0,0,0,1,2,4,5,5,5,6,6,0,8,8,10,11,11,11,11,11,11
32ETV0313O,3,3,3,3,3,3,3,3,4,3,3,3,3,3,0,3,3,3,3,3,3,3,3,3
32ETV0228R,0,0,0,0,0,2,3,3,3,3,3,3,3,3,0,3,3,3,3,3,3,3,3,3
32ETV0664S,2,3,3,3,3,3,3,3,3,2,2,3,3,3,0,3,3,3,3,3,3,3,3,3
32ETV0579V,3,3,3,3,3,3,3,3,3,3,3,3,3,3,0,3,3,3,3,3,3,3,3,3
32ETV0991M,0,0,0,0,0,2,3,3,3,3,3,3,3,3,0,3,3,3,3,3,3,3,3,3
32ETV0599I,3,3,3,3,3,3,3,3,3,3,3,3,4,3,0,3,3,3,3,3,3,3,3,3
32ETV0442I,3,3,3,3,3,3,3,3,3,3,3,3,3,3,0,4,4,4,5,5,6,6,6,6
32ETV0357L,3,3,3,2,0,0,0,0,0,0,0,0,0,0,0,0,0,0,0,0,0,0,0,0
32ETV0574Z,3,3,3,3,3,3,3,3,3,3,3,3,3,3,0,3,3,3,3,3,3,3,3,3
32ETV0006H,3,3,3,3,3,3,3,3,3,3,3,3,3,3,0,3,3,3,3,3,3,3,3,3
32ETV0333B,4,5,5,5,5,6,6,6,6,5,5,4,4,3,0,4,4,3,3,3,3,4,4,4
32ETV0248E,3,3,3,3,3,3,3,3,3,3,3,4,3,3,0,4,5,4,5,5,5,5,6,6
32ETV0550Q,3,3,3,3,3,3,3,3,3,3,3,3,3,3,0,3,3,3,3,3,3,3,3,3
32ETV0114P,5,4,5,5,5,6,6,6,6,6,7,8,7,8,0,9,9,9,9,9,10,9,9,9
32ETV0029S,3,3,3,3,3,3,3,3,3,3,3,3,3,3,0,3,3,3,3,3,3,3,3,3
32ETV0223W,3,3,3,3,2,2,2,3,3,3,3,3,3,3,0,3,3,3,3,3,3,3,3,3
32ETV0441J,3,3,3,3,3,3,3,3,3,3,3,3,3,3,0,3,3,3,3,3,3,3,3,3
32ETV0356M,3,3,3,3,3,3,3,3,3,3,3,3,3,3,0,3,3,3,3,3,3,3,3,3
32ETV0138Z,3,3,3,3,3,3,3,3,3,3,3,3,3,3,0,3,3,3,3,3,3,3,3,3
32ETV0792N,3,3,3,3,4,4,4,5,5,5,5,3,5,3,0,6,6,6,6,6,5,4,4,4
32ETV0247F,3,3,3,3,3,3,3,3,3,3,3,3,3,3,0,3,0,0,0,0,0,0,0,0
32ETV0332C,3,3,3,3,3,3,3,3,3,3,2,2,3,3,0,3,3,3,3,3,3,3,3,3
32ETV0683G,3,3,3,3,3,3,3,3,3,3,3,3,3,3,0,2,2,0,3,3,3,3,2,2
32ETV0598J,2,3,3,3,3,4,3,3,3,3,3,3,3,3,0,3,4,4,4,4,5,5,6,6
32ETV0005I,4,5,4,5,5,5,5,4,4,4,4,3,5,3,0,4,3,3,3,3,3,3,3,3
32ETV0489C,3,3,3,3,3,3,3,3,0,0,0,0,0,0,0,0,0,0,0,0,0,0,0,0
32ETV0028T,5,5,6,6,6,6,6,6,6,6,5,4,5,4,0,3,3,3,3,3,3,4,4,5
32ETV0113Q,3,3,3,3,3,5,6,5,4,4,4,4,4,5,0,4,4,4,4,4,3,3,3,3
32PES0080P,0,0,0,0,0,1,2,3,3,3,3,0,0,0,0,0,0,0,0,0,0,0,0,0
32ETV0791O,3,3,3,3,3,3,3,3,3,3,3,3,3,3,0,3,3,3,3,3,3,3,3,3
32ETV0379X,3,3,3,3,3,3,3,3,3,3,3,3,3,3,0,3,3,3,3,3,3,3,3,3
32ETV0222X,3,3,3,3,3,3,3,3,3,3,3,3,3,3,0,3,3,3,3,3,3,3,3,3
32ETV0597K,3,3,3,3,3,3,3,3,3,3,3,3,3,3,0,3,3,3,3,3,3,3,3,0
32ETV0137Z,3,3,3,3,3,3,3,3,3,3,3,3,3,3,0,3,3,3,3,3,3,3,3,3
32ETV0440K,3,3,3,3,3,3,3,3,3,3,3,3,3,3,0,3,3,3,3,3,3,3,2,3
32ETV0682H,3,3,3,3,3,3,3,3,3,3,3,3,3,3,0,3,3,3,3,3,3,3,2,2
32ETV0355N,3,3,3,3,3,3,3,3,3,3,3,3,3,3,0,3,3,3,3,3,3,3,3,3
32ETV0008F,3,3,3,3,3,3,3,3,3,3,3,3,3,3,0,3,3,3,3,3,3,3,3,3
32DES0040J,5,6,6,7,8,9,9,10,11,12,12,12,12,12,0,12,12,12,12,12,12,12,12,12
32ETV0444G,3,3,3,3,3,3,3,3,3,3,3,3,3,3,0,3,3,3,3,3,3,3,3,3
32ETV0686D,3,3,3,3,3,3,3,3,3,3,3,3,3,3,0,3,3,3,3,3,3,3,3,3
32ETV0771A,2,3,3,3,3,3,3,3,3,3,3,3,3,3,0,3,3,3,3,3,3,3,3,3
32ETV0359J,3,3,3,3,3,3,0,0,0,0,0,0,0,0,0,0,0,0,0,0,0,0,0,0
32ETV0202J,3,3,3,3,3,5,6,5,4,4,4,4,3,3,0,3,3,3,3,3,3,3,3,3
32ETV0117M,3,3,3,3,3,3,3,3,3,3,3,3,3,3,0,3,3,3,3,3,3,3,3,3
32ETV0310R,3,3,3,3,3,3,3,3,3,3,3,3,3,3,0,3,3,3,3,3,3,3,3,3
32ETV0225U,6,6,6,6,6,6,6,6,6,6,6,6,6,6,0,6,6,7,8,8,9,9,9,8
32ETV0576Y,3,3,3,3,3,3,3,3,3,3,2,0,0,0,0,0,0,0,0,0,0,0,0,0
32ETV0116N,3,3,3,3,3,3,3,4,4,4,4,4,4,4,0,4,4,5,4,4,3,3,3,3
32ETV0661V,3,3,3,3,4,3,3,3,3,3,3,3,3,3,0,3,3,3,3,3,3,3,3,4
32ETV0794L,3,3,3,3,3,4,3,3,3,3,3,3,3,3,0,3,3,3,3,3,3,3,3,3
32ETV1009L,0,0,0,0,0,0,1,2,3,3,3,3,2,0,0,0,0,0,0,0,0,0,0,0
32ETV0552O,3,3,2,2,3,3,3,3,3,3,3,3,3,3,0,3,3,3,3,3,2,2,3,3
32ETV0770B,3,3,3,3,3,3,3,3,3,3,3,3,3,3,0,3,3,3,3,3,3,3,3,3
32ETV0685E,3,3,3,3,3,3,3,3,3,3,3,3,3,3,0,3,3,3,3,3,3,3,3,3
32ETV0443H,3,3,3,3,3,3,3,3,3,3,3,3,3,3,0,3,3,3,3,3,3,3,3,3
32ETV0358K,3,3,3,3,3,3,3,3,3,3,3,3,3,3,0,3,3,3,3,3,3,3,3,3
32ETV0249D,3,3,3,3,3,3,3,4,3,4,3,3,3,3,0,3,3,3,3,3,4,4,4,5
32ETV0007G,3,3,3,3,3,3,3,3,3,3,3,3,3,3,0,3,3,3,3,3,3,3,3,3
32ETV0224V,0,0,0,1,2,3,2,2,3,0,0,0,0,0,0,0,0,0,0,0,0,0,0,0
32ETV0115O,3,3,3,3,3,3,3,3,3,3,3,3,3,3,0,3,3,3,3,3,4,4,4,4
32ETV0660W,3,3,3,3,4,5,5,6,6,6,6,5,5,5,0,6,6,6,6,6,5,5,5,5
32ETV0575Z,3,3,3,3,3,3,3,3,3,3,3,3,3,3,0,3,3,3,3,3,3,3,3,3
32ETV0200L,3,3,3,3,3,3,3,3,3,2,3,0,0,3,0,2,2,3,3,3,3,3,3,3
32ETV0139Y,3,3,3,3,3,3,3,3,3,3,3,3,3,3,0,3,3,3,3,3,3,3,3,3
32ETV0793M,3,3,3,3,3,3,3,3,3,3,3,3,3,3,0,3,3,3,3,3,3,3,3,3
32DST0070W,0,0,1,3,6,9,11,12,12,12,12,12,12,12,0,12,12,12,12,12,13,14,15,16
32ETV0515K,3,3,3,3,3,3,3,3,3,3,3,3,3,3,0,3,3,3,3,3,3,3,3,3
32ETV0951L,0,0,1,2,3,3,3,3,3,3,3,3,3,3,0,3,3,3,3,3,3,3,3,3
32ETV0866O,2,3,3,3,3,3,3,3,3,3,3,3,3,3,0,3,3,3,3,3,3,3,3,3
32ETV0093T,3,3,3,3,3,4,3,3,3,3,3,3,3,3,0,3,3,3,3,3,3,3,3,3
32DES0030C,13,14,15,15,17,20,22,24,24,24,24,24,24,24,0,24,24,24,24,24,24,24,24,24
32ETV0406D,3,3,3,3,3,3,3,3,3,3,3,4,3,3,0,3,3,3,3,3,3,3,3,3
32ETV0842E,3,3,3,4,4,4,4,4,4,4,5,5,5,5,0,5,6,6,6,6,5,5,5,5
32ETV0757H,3,3,3,3,3,3,3,3,3,3,3,3,2,3,0,3,3,3,3,3,3,3,3,3
32ETV0999E,0,0,0,0,0,1,2,3,3,3,3,3,3,3,0,3,3,3,3,3,3,3,3,3
32ETV0974W,0,0,0,2,3,3,3,3,3,3,3,3,3,3,0,3,3,3,3,3,3,3,3,3
32ETV0889Z,1,2,3,3,3,3,3,3,3,3,3,3,3,3,0,3,3,3,3,3,3,3,3,3
32ETV0648A,3,3,3,3,3,3,3,3,3,3,3,3,3,3,0,3,3,3,3,3,3,3,3,3
32DST0031U,5,5,5,5,5,6,6,6,6,6,6,6,6,6,0,6,6,6,7,7,7,7,7,7
32ETV0950M,0,0,1,2,3,3,3,3,3,3,3,3,3,3,0,3,3,3,3,3,3,3,3,3
32DST0056C,6,6,6,6,6,6,6,6,6,6,6,6,6,5,0,4,4,4,4,4,4,4,4,4
32ETV0865P,2,3,3,3,3,3,3,3,3,4,4,4,3,3,0,4,3,3,4,4,5,4,4,5
32ETV0538V,3,3,3,3,3,3,3,3,3,3,3,3,3,3,0,3,3,3,3,3,3,3,3,3
32ETV0623S,3,3,3,3,3,3,3,3,3,3,3,3,3,3,0,3,3,4,4,4,4,4,4,3
32ETV0841F,3,3,3,3,3,3,3,3,3,3,3,3,3,3,0,3,3,3,3,3,3,3,3,3
32ETV0092U,3,3,3,3,3,4,4,4,4,4,4,4,4,5,0,6,6,6,6,6,6,6,6,6
32ETV0756I,3,3,3,3,3,3,3,3,3,3,3,3,3,0,0,0,0,2,2,2,3,3,3,3
32PES0044K,3,3,3,3,3,3,3,3,3,3,3,0,0,0,0,0,0,0,0,0,0,0,0,0
32ETV0514L,3,3,3,3,3,3,3,3,3,3,3,3,3,3,0,3,3,3,3,3,3,3,3,3
32ETV0429O,3,3,3,3,3,3,3,3,3,3,3,3,3,3,0,3,3,3,3,3,3,3,3,3
32DST0032T,9,9,9,9,9,9,9,9,9,9,9,9,9,9,0,9,9,9,9,9,9,10,11,12
32ETV0647B,0,0,1,2,3,3,3,3,3,3,3,3,3,3,0,3,3,3,3,3,3,3,3,3
32ETV0998F,0,0,0,0,0,1,2,3,5,5,3,3,3,4,0,4,4,4,4,4,4,4,3,3
32ETV0405E,3,3,3,3,3,3,4,5,5,5,5,5,5,5,0,6,6,6,6,6,6,6,6,6
32ETV0973X,0,0,0,1,2,3,3,3,3,3,3,3,3,3,0,3,3,3,3,3,3,3,3,3
32ETV0888Z,1,2,3,3,3,3,3,3,3,3,3,3,3,3,0,3,3,3,3,3,3,3,3,3
32ETV0731Z,3,3,3,3,3,3,3,3,3,3,3,3,4,4,0,4,4,3,3,3,3,3,3,3
32ETV0864Q,2,3,3,4,4,4,4,4,3,4,4,4,4,5,0,6,5,6,5,5,6,6,5,6
32ETV0779T,3,3,3,3,3,3,3,3,3,4,3,3,4,5,0,4,4,4,4,4,4,3,4,4
32ETV0622T,3,3,3,4,4,6,6,7,6,6,6,6,6,6,0,5,5,4,3,3,4,4,3,3
32PES0068U,3,0,0,0,0,0,0,0,0,0,0,0,0,0,0,0,0,0,0,0,0,0,0,0
32ETV0537W,3,3,3,3,3,3,3,3,3,3,3,3,3,3,0,3,3,3,3,3,3,3,3,3
32ETV0953J,0,0,1,2,3,3,3,3,3,3,3,3,3,3,0,3,3,3,3,3,3,3,3,3
32ETV0868M,2,3,3,3,3,3,3,3,3,3,3,3,3,3,0,3,3,3,3,3,3,3,3,3
32ETV0711M,3,3,3,3,3,3,3,3,3,3,3,3,3,3,0,3,3,3,3,3,3,3,3,3
32ETV0626P,3,3,3,3,3,3,3,3,3,3,3,3,3,3,0,3,3,3,3,3,3,3,3,3
32ETV0844C,3,3,3,3,3,3,3,3,3,3,3,3,3,3,0,3,3,3,3,3,3,3,3,3
32ETV0759F,3,3,3,3,3,4,3,4,4,4,3,4,4,4,0,3,3,3,3,3,3,3,3,3
32DST0033S,4,4,4,4,4,4,3,3,3,3,3,3,3,3,0,3,3,3,3,3,3,3,3,3
32ETV0602F,3,3,3,3,3,3,3,3,3,3,3,3,3,3,0,3,3,3,3,3,3,3,3,3
32ETV0517I,3,3,3,3,3,3,3,3,3,3,3,3,3,3,0,3,3,3,3,3,3,3,3,3
32ETV0071H,0,0,0,0,1,3,4,3,3,3,3,3,3,3,0,3,3,4,5,5,5,4,4,3
32ETV0734X,3,3,3,3,3,3,3,3,3,3,3,3,3,3,0,3,3,3,3,3,3,3,3,3
32PES0065X,6,6,6,6,6,7,6,6,6,6,6,6,0,0,0,0,0,0,0,0,0,0,0,0
32DES0032A,6,6,6,6,6,6,6,6,6,6,6,6,6,6,0,6,6,6,6,6,6,6,6,6
32ETV0180O,3,3,3,3,3,3,3,3,4,3,3,3,4,4,0,5,5,5,5,5,6,6,6,6
32ETV0408B,3,3,3,3,3,3,3,3,3,3,3,3,3,3,0,3,3,3,3,3,3,3,3,3
32ETV0095R,3,3,3,3,3,3,3,3,3,3,3,3,3,3,0,3,3,3,3,3,2,2,3,3
32ETV0710N,3,3,3,3,3,3,3,3,3,3,3,3,3,3,0,3,3,3,3,3,3,3,3,3
32PES0041N,3,3,3,3,3,3,3,3,3,3,3,3,3,3,0,3,3,3,3,3,3,3,4,4
32ETV0625Q,3,3,3,3,3,3,3,3,3,3,3,3,3,3,0,3,3,3,3,3,3,3,3,3
32ETV0649Z,3,3,3,3,3,3,3,3,3,3,3,3,3,3,0,3,3,3,3,3,3,3,3,3
32DST0058A,4,4,4,4,4,4,5,6,6,6,6,6,6,6,0,6,6,6,6,6,6,6,6,6
32ETV0976U,0,0,0,3,3,3,3,3,3,3,3,3,3,3,0,3,3,3,3,3,0,0,0,0
32ETV0516J,3,3,3,3,3,3,3,3,3,3,3,3,3,3,0,3,3,3,3,3,3,3,3,3
32ETV0601G,3,3,3,3,3,3,3,3,3,3,3,3,3,3,0,3,3,3,3,3,3,3,3,3
32DST0010H,9,9,10,11,12,12,12,12,12,12,12,12,12,12,0,12,12,12,12,12,12,12,12,12
32ETV0867N,3,3,3,3,3,3,3,3,3,3,3,3,3,3,0,3,3,3,3,3,3,3,3,3
32ETV0952K,0,0,1,2,3,3,3,3,3,3,3,3,3,3,0,3,3,3,3,3,3,3,3,3
32ETV0094S,3,3,3,3,3,3,3,3,3,3,3,3,3,3,0,3,3,3,3,3,3,3,3,2
32ETV0407C,4,5,5,5,5,5,6,6,6,6,6,6,6,6,0,6,6,6,6,6,6,6,6,6
32DST0034R,15,15,15,15,15,16,17,18,18,18,18,18,18,18,0,18,18,18,18,18,18,18,18,18
32ETV0843D,3,3,3,3,3,3,3,3,3,3,3,3,3,3,0,3,3,3,3,3,3,3,3,3
32ETV0758G,3,3,2,2,2,3,3,3,3,3,3,3,3,2,0,3,3,3,3,3,3,3,3,3
32ETV0733Y,3,3,3,3,3,3,3,3,3,3,3,3,3,3,0,3,3,3,3,3,3,3,3,3
32ETV0624R,3,3,3,3,3,3,3,3,3,3,3,3,3,3,0,3,3,3,3,3,3,3,3,3
32PES0042M,3,3,3,3,3,3,3,3,3,0,1,0,0,0,0,0,0,0,0,0,0,0,0,0
32ETV0539U,3,3,3,3,3,3,3,3,3,3,3,3,3,3,0,3,3,3,3,3,3,3,3,3
32ETV0975V,0,0,0,2,3,3,3,3,3,3,3,3,3,3,0,3,3,3,3,3,3,3,3,3
32ETV0070I,3,3,3,3,3,3,3,3,3,3,3,3,4,4,0,4,4,5,4,4,3,3,3,3
32DST0051H,3,3,3,3,3,3,3,3,3,3,3,3,3,3,0,3,3,3,3,3,3,3,3,3
32ETV0317K,3,3,3,3,4,4,4,4,3,3,4,4,4,3,0,3,3,3,3,3,3,3,3,3
32DES0010P,15,15,15,15,15,15,15,15,15,15,15,15,15,15,0,15,15,15,15,15,15,15,15,15
32ETV0753L,3,3,3,3,3,3,3,3,3,3,3,3,3,3,0,3,3,3,0,0,0,0,0,0
32ETV0668O,0,2,0,2,3,3,3,3,3,3,3,3,3,3,0,3,3,3,3,3,3,3,3,3
32ETV0995I,0,0,0,0,0,3,3,3,3,3,3,3,3,3,0,3,3,3,3,3,3,3,3,3
32DST0075R,0,0,0,0,0,0,1,2,3,3,3,3,3,3,0,5,5,5,6,6,6,6,6,6
32ETV0208D,3,3,3,3,3,3,3,3,3,3,3,3,3,3,0,3,2,0,0,0,0,0,0,0
32ETV0970Z,0,0,0,1,2,3,3,3,3,3,3,3,3,3,0,3,3,3,3,3,3,3,3,3
32ETV0644E,3,3,3,3,3,3,3,3,3,3,3,3,3,3,0,3,3,3,3,3,3,3,3,3
32ETV0559H,3,3,3,3,3,3,3,3,3,3,3,3,3,3,0,3,3,3,3,3,3,3,3,3
32ETV0886B,1,2,3,3,3,3,3,3,3,3,3,3,3,3,0,3,3,3,3,3,3,3,3,3
32ETV0861T,2,3,3,3,3,3,3,3,3,3,3,3,3,3,0,3,3,3,3,3,3,3,3,3
32ETV0776W,3,3,3,3,3,3,3,3,3,3,3,3,3,3,0,3,3,3,3,3,3,3,3,3
32ETV0667P,3,3,3,3,3,3,3,3,3,3,3,3,3,2,0,3,3,3,3,3,3,3,3,3
32ETV0752M,3,3,3,3,3,3,3,3,3,3,3,3,3,3,0,3,3,3,3,3,3,3,3,3
32EES0061V,4,5,5,4,5,5,5,4,4,4,4,5,4,4,0,4,4,5,6,6,5,5,5,4
32DES0033Z,11,11,11,11,11,11,12,12,12,12,12,12,12,12,0,12,12,12,12,12,12,12,12,12
32ETV0510P,3,3,3,3,3,3,3,3,3,3,3,3,3,3,0,3,3,3,3,3,2,2,2,3
32ETV0425S,3,3,3,3,3,3,3,3,3,3,3,3,3,3,0,3,3,3,3,3,3,3,3,3
32ETV0558I,3,3,3,3,3,3,3,3,3,3,3,3,3,3,0,3,3,3,3,3,3,3,3,3
32DST0052G,8,9,9,10,11,11,11,12,12,12,12,12,12,12,0,12,12,13,13,13,12,12,12,12
32ETV0643F,3,3,3,3,3,3,3,3,3,3,3,3,2,3,0,3,3,3,3,3,3,3,3,3
32ETV0316L,1,2,3,3,3,3,3,3,3,3,3,3,3,3,0,3,3,3,3,3,3,2,2,3
32ETV0994J,0,0,0,0,0,2,3,3,3,3,3,3,3,3,0,3,3,3,3,3,3,3,3,3
32ETV0449B,3,3,3,3,3,3,3,3,3,3,3,3,3,3,0,3,3,3,3,3,3,3,3,3
32ETV0207E,3,0,0,0,2,2,3,3,3,3,3,3,3,2,0,3,3,3,3,3,3,3,3,3
32ETV0885C,1,2,3,2,3,3,3,3,3,3,3,3,4,4,0,4,4,4,5,5,5,3,4,5
32ETV0860U,2,3,3,3,3,3,3,3,3,3,3,3,3,3,0,3,3,3,3,3,3,3,3,3
32ETV0775X,3,3,3,3,3,3,3,3,3,3,3,3,3,3,0,3,3,3,3,3,3,3,3,3
32PES0064Y,3,3,3,3,3,3,3,3,3,3,3,3,3,3,0,3,4,5,6,6,6,6,6,5
32ETV0666Q,7,7,7,8,8,9,9,9,9,9,9,9,9,10,0,11,12,12,12,12,12,12,12,12
32ETV0751N,3,3,3,3,3,3,3,3,3,3,3,3,3,3,0,3,3,3,3,3,3,3,3,3
32ETV0993K,0,0,0,0,0,2,3,3,3,3,3,3,3,3,0,3,3,3,3,3,3,3,3,3
32PES0040O,13,14,14,14,14,14,15,15,15,14,13,12,12,12,0,10,9,11,11,11,12,12,12,11
32EES0062U,5,4,4,4,4,5,5,5,5,5,5,3,6,6,0,6,6,6,6,6,6,6,6,6
32ETV0339W,3,3,3,3,3,3,3,3,3,3,3,3,3,3,0,3,3,3,3,3,3,3,3,3
32ETV0424T,5,5,6,6,5,5,6,6,6,6,6,6,7,7,0,7,7,7,9,9,9,8,7,8
32DES0012N,30,31,32,33,33,33,33,33,33,33,33,33,33,33,0,28,27,28,28,28,27,27,27,27
32ETV0840G,3,3,3,3,3,3,3,3,3,3,3,3,3,3,0,3,3,3,3,3,3,3,3,3
32ETV0755J,3,3,3,3,3,3,3,3,3,3,3,3,3,3,0,3,3,3,3,3,3,3,3,3
32ETV0091V,3,3,4,4,4,5,6,6,5,6,4,5,5,5,0,4,4,4,4,4,4,4,4,4
32ETV0997G,0,0,0,0,0,1,2,3,3,3,3,3,3,3,0,3,3,3,3,3,3,2,2,2
32DST0053F,7,7,7,7,8,8,8,8,8,8,8,8,8,8,0,8,8,8,8,8,8,8,8,8
32ETV0428P,3,3,3,3,3,4,4,4,4,3,3,3,3,3,0,3,3,3,3,3,2,3,3,3
32ETV0513M,3,3,3,3,3,3,3,3,3,3,4,5,5,5,0,5,5,4,3,3,4,4,4,4
32ETV0646C,3,3,3,3,3,3,3,4,4,4,4,5,5,5,0,6,5,6,6,6,6,6,6,6
32ETV0319I,3,4,4,4,5,6,6,6,6,6,6,6,6,6,0,7,7,8,8,8,7,7,7,7
32ETV0404F,3,3,3,3,3,3,3,3,0,0,0,0,0,0,0,0,0,0,0,0,0,0,0,0
32ETV0536X,3,3,3,3,3,3,3,3,3,3,3,3,3,3,0,3,3,3,3,3,3,3,3,3
32ETV0621U,3,3,3,3,3,3,3,3,2,3,3,3,3,3,0,3,3,3,0,0,0,0,0,0
32ETV0972Y,0,0,0,1,2,3,3,3,3,3,3,3,2,2,0,3,3,3,3,3,3,3,3,3
32EES0063T,6,6,6,6,6,6,6,6,6,6,6,6,6,6,0,6,6,6,5,5,5,6,6,6
32ETV0427Q,3,3,3,3,3,3,3,3,0,0,0,0,0,0,0,0,0,0,0,0,0,0,0,0
32ETV0512N,2,2,3,3,3,3,3,0,0,0,0,0,0,0,0,0,0,0,0,0,0,0,0,0
32ETV0863R,2,3,3,3,3,3,4,5,5,5,6,6,6,7,0,9,9,8,8,8,9,10,9,9
32ETV0778U,3,3,3,3,3,3,3,3,3,3,3,4,4,3,0,3,3,4,4,4,3,3,3,3
32ETV0318J,3,3,3,3,3,3,3,3,3,3,3,3,3,3,0,3,3,3,3,3,3,3,3,3
32ETV0996H,0,0,0,0,0,3,3,3,3,3,3,3,3,3,0,3,3,3,3,3,3,3,3,3
32ETV0403G,3,3,3,3,3,3,3,3,3,3,4,3,3,3,0,3,3,3,3,3,3,3,3,3
32EES0065R,3,3,3,3,3,3,3,3,3,3,3,4,4,4,0,3,3,4,4,4,4,5,5,5
32DST0054E,10,10,10,10,10,10,10,10,10,10,10,9,8,8,0,8,8,9,9,9,10,10,10,10
32DES0011O,36,36,32,32,24,26,24,24,24,24,24,24,24,24,0,24,24,24,24,24,24,24,24,24
32ETV0754K,3,3,3,3,3,3,3,3,3,3,3,3,3,3,0,3,3,3,3,3,3,3,3,3
32ETV0209C,3,3,3,3,2,3,3,3,3,3,3,3,3,3,0,3,3,3,2,2,3,3,3,3
32ETV0887A,1,2,3,3,3,3,3,3,3,3,3,3,3,3,0,3,3,3,3,3,3,3,3,3
32ETV0645D,3,3,3,3,3,3,3,3,3,3,3,3,3,3,0,3,3,3,3,3,3,3,3,3
32ETV0730A,0,3,3,3,3,3,3,3,3,3,3,3,3,3,0,3,3,3,3,3,3,2,3,3
32ETV0090W,3,3,3,4,5,6,7,8,9,8,8,9,9,8,0,9,10,9,8,8,8,8,8,8
32ETV0620V,3,3,3,3,3,3,3,3,3,3,3,3,3,3,0,3,3,3,3,3,3,3,3,3
32ETV0971Z,0,0,0,1,2,3,3,3,3,3,3,3,3,3,0,3,3,3,3,3,3,3,3,3
32DST0030V,5,5,5,5,5,5,5,5,5,5,5,5,4,5,0,5,5,5,5,5,5,5,5,5
32DST0055D,6,6,7,7,7,7,7,9,9,9,9,9,9,9,0,9,9,9,9,9,9,9,9,9
32ETV0511O,3,3,3,3,3,3,3,3,3,3,3,3,3,3,0,3,3,3,3,3,3,3,3,3
32ETV0426R,3,3,3,4,5,5,6,5,4,4,5,5,4,4,0,4,5,4,3,3,3,3,3,3
32ETV0862S,2,3,3,3,3,3,3,3,3,3,3,4,3,3,0,3,3,3,3,3,3,3,3,3
32DES0034Z,15,15,15,15,15,15,15,15,15,15,15,15,15,15,0,15,15,15,15,15,15,15,15,15
32ETV0777V,2,3,3,3,3,3,3,3,3,3,3,3,3,3,0,3,3,3,3,3,3,3,3,3
32PES0003K,3,3,3,3,3,3,3,3,3,3,3,0,0,0,0,0,0,0,0,0,0,0,0,0
32ETV0911K,0,1,2,3,3,3,3,3,3,3,3,3,3,3,0,3,3,3,3,3,3,3,3,3
32ETV0826N,3,3,3,3,3,3,3,3,4,4,4,3,3,3,0,3,3,4,4,4,4,4,4,4
32DES0038V,36,36,36,36,36,36,36,36,36,36,36,32,28,27,0,27,27,27,27,27,25,25,25,25
32DST0039M,3,3,3,3,3,3,3,3,3,3,3,3,3,3,0,3,3,3,3,3,3,3,3,3
32ETV0717G,2,3,3,3,3,3,3,3,3,3,3,3,3,3,0,3,3,3,3,3,3,3,3,3
32ETV0802D,3,3,3,2,3,3,0,0,0,0,0,0,0,0,0,0,0,0,0,0,0,0,0,0
32DES0014L,20,20,20,19,19,19,19,19,19,18,18,19,19,19,0,19,19,19,19,19,18,18,18,18
32ETV0162Z,3,5,6,6,6,6,6,6,6,6,6,6,6,6,0,6,6,7,7,7,6,7,7,7
32ETV0078A,3,3,3,3,3,3,3,3,3,3,3,3,3,3,0,3,3,3,3,3,3,3,3,3
32DST0016B,9,9,9,9,9,9,10,11,11,12,12,12,12,12,0,12,12,12,12,12,12,12,12,12
32ETV0380M,3,3,3,3,3,3,3,3,3,3,3,3,3,3,0,3,3,3,3,3,3,3,3,3
32ETV0295P,4,5,6,6,6,6,6,6,6,6,6,6,5,5,0,5,5,6,6,6,5,5,5,5
32ETV0959D,0,0,0,1,2,3,3,3,3,3,3,3,3,3,0,3,3,3,3,3,3,3,3,3
32ETV0186I,4,3,3,3,4,5,6,6,6,6,6,5,5,5,0,5,5,6,6,6,4,5,4,5
32ETV0053S,3,3,3,3,3,3,3,3,3,3,3,3,3,3,0,3,3,3,3,3,3,3,3,3
32ETV0271F,3,3,3,3,3,3,3,3,3,3,3,3,3,3,0,3,3,3,3,3,4,3,4,5
32ETV0934V,0,1,2,3,3,3,3,3,3,3,3,3,2,2,0,3,3,3,3,3,3,3,3,3
32ETV0849Y,2,3,3,3,3,3,3,3,3,2,2,2,3,3,0,3,3,3,3,3,3,3,3,3
32DES0013M,30,30,30,30,30,30,30,30,30,30,30,30,30,27,0,27,27,24,24,24,24,24,24,24
32ETV0910L,0,1,2,3,3,3,3,3,3,3,3,3,3,3,0,3,3,3,3,3,3,3,3,3
32ETV0825O,3,3,3,3,3,3,3,3,3,3,3,3,3,3,0,3,3,3,3,3,3,3,3,3
32ETV0958E,0,0,0,2,3,3,3,3,3,3,3,3,3,3,0,3,3,2,0,0,0,0,0,0
32ETV0077B,3,3,3,3,3,3,3,3,3,3,3,3,3,3,0,3,3,3,3,3,3,3,3,3
32ETV0161Z,3,3,3,3,3,3,3,3,3,3,3,3,3,3,0,3,3,3,3,3,3,3,3,3
32ETV0801E,3,3,3,3,3,3,3,3,3,3,3,3,3,3,0,3,3,3,3,3,4,4,3,3
32DST0017A,7,7,7,7,8,9,9,9,10,11,12,12,12,12,0,12,12,12,12,12,12,12,12,12
32ETV0294Q,3,3,3,3,3,3,3,3,3,3,3,3,3,3,0,3,3,3,3,3,3,3,3,3
32ETV0607A,3,3,3,3,3,3,3,3,3,3,3,3,3,3,0,3,3,3,3,3,3,3,3,3
32ETV1011Z,0,0,0,0,0,0,1,2,3,3,3,3,3,3,0,3,3,3,3,3,3,3,3,3
32DES0036X,9,10,11,12,13,14,15,15,15,15,15,15,15,15,0,15,15,15,15,15,15,15,15,15
32ETV0052T,3,3,3,4,4,5,5,4,4,3,5,5,5,5,0,5,5,5,5,5,6,5,5,5
32ETV0270G,3,3,3,3,3,3,3,4,4,4,4,4,4,4,0,3,3,3,3,3,3,3,3,3
32ETV0185J,3,3,3,3,3,4,4,5,5,6,6,6,6,6,0,6,6,6,6,6,6,6,6,6
32ETV0848Z,2,2,3,3,3,2,2,2,2,3,3,3,3,3,0,3,3,3,3,3,3,3,3,3
32ETV0933W,0,1,3,3,3,3,3,3,3,3,3,3,3,3,0,3,0,0,0,0,0,0,0,0
32EES0068O,6,6,6,6,5,6,6,6,6,6,6,6,6,6,0,6,6,6,6,6,6,6,6,6
32ETV0274C,3,3,3,3,3,3,3,3,3,3,3,3,3,3,0,3,3,0,0,0,0,0,0,0
32ETV0189F,3,3,3,3,3,3,3,3,3,3,3,3,3,3,0,3,3,3,3,3,3,3,3,3
32PES0001M,9,9,9,9,9,9,9,9,8,7,6,6,6,6,0,6,6,5,5,5,5,6,6,6
32ETV0937S,0,1,2,3,3,3,3,3,3,3,3,3,3,3,0,3,3,3,4,4,4,4,5,4
32ETV0079Z,3,3,3,3,3,3,3,4,3,3,3,3,3,3,0,3,3,3,3,3,3,3,3,3
32DES0016J,36,36,36,36,36,36,36,36,36,36,36,36,36,36,0,36,36,36,36,36,36,36,36,36
32ETV0032F,3,3,3,3,3,3,3,3,3,3,3,3,3,3,0,3,3,3,3,3,3,3,3,3
32ETV0913I,0,1,2,3,3,3,3,3,3,3,3,3,3,3,0,3,3,3,3,3,3,3,3,3
32ETV0828L,3,3,3,3,3,3,3,3,3,3,3,3,3,3,0,3,3,3,3,3,3,3,3,3
32ETV0719E,3,3,3,3,3,3,3,3,3,3,3,3,3,3,0,3,3,4,4,4,3,3,3,3
32ETV0804B,3,3,3,3,3,3,3,3,3,3,3,3,3,3,0,3,3,3,3,3,3,3,3,3
32ETV0031G,3,3,3,3,3,3,3,3,2,3,3,3,3,0,0,0,0,0,0,0,0,0,0,0
32ETV0491R,3,3,3,3,3,3,3,3,3,3,3,3,3,3,0,3,3,3,3,3,3,3,3,3
32ETV0609Z,0,0,0,2,3,3,3,3,3,3,3,3,3,3,0,3,3,3,3,3,3,3,3,3
32ETV0936T,0,1,2,3,3,3,3,3,3,3,3,3,3,3,0,3,3,3,3,3,3,3,3,3
32ETV0055Q,3,3,3,3,3,3,3,3,3,3,3,3,3,3,0,3,3,3,3,3,3,3,3,3
32ETV0297N,3,3,3,3,3,3,3,3,3,3,3,3,3,3,0,3,3,3,3,3,3,3,3,3
32ETV0382K,3,3,3,3,3,3,3,3,3,3,3,3,3,3,0,3,3,3,3,3,3,3,3,3
32ETV0140N,3,3,3,3,3,3,3,3,3,3,3,3,3,3,0,3,3,3,3,3,3,3,4,3
32ETV0912J,0,1,1,2,2,3,3,3,3,3,3,3,3,3,0,3,3,3,3,3,3,3,3,3
32ETV0827M,3,3,3,3,3,3,3,3,3,3,3,3,3,3,0,3,3,3,3,3,3,3,3,3
32DES0039U,9,9,9,9,9,9,9,11,12,12,12,12,12,12,0,12,12,12,12,12,12,12,12,12
32ETV0188G,3,3,3,4,5,6,6,7,6,6,6,6,6,6,0,6,6,6,6,6,6,7,6,6
32ETV0490S,3,3,3,3,3,3,3,3,3,3,3,3,3,3,0,3,3,3,3,3,3,3,3,3
32ETV0718F,3,3,3,3,3,3,3,3,3,3,3,3,3,3,0,3,3,3,3,3,3,3,3,3
32ETV0803C,3,3,3,3,3,3,3,3,3,3,3,3,3,3,0,3,3,3,3,3,3,3,3,3
32DST0018Z,14,14,15,15,15,16,17,18,18,18,18,18,18,18,0,18,18,18,17,17,18,18,18,18
32ETV0163Y,4,5,5,5,4,4,4,4,4,3,4,4,4,3,0,3,3,3,3,3,3,3,3,3
32EES0069N,4,4,4,5,6,6,6,6,6,6,6,6,6,6,0,6,6,6,6,6,6,6,6,6
32DES0015K,18,18,18,18,18,18,18,18,18,18,18,18,18,18,0,18,18,18,18,18,18,18,18,18
32ETV0381L,3,3,3,3,3,3,3,4,4,3,4,4,4,3,0,3,3,3,3,3,3,3,3,3
32ETV0296O,3,3,3,3,3,3,3,3,3,3,3,3,3,3,0,4,4,3,3,3,4,4,4,5
32ETV0187H,3,3,3,3,3,3,3,3,3,3,3,3,3,3,0,3,3,3,3,3,3,3,3,3
32ETV0272E,1,2,3,3,3,3,3,3,3,3,3,3,3,3,0,3,3,3,3,3,3,3,3,3
32ETV0935U,0,1,2,3,3,3,3,3,3,3,3,3,3,3,0,3,3,3,3,3,3,3,3,3
32ETV0054R,5,6,7,6,8,7,8,8,7,7,8,9,9,9,0,9,8,7,7,7,6,6,6,6
32ETV0608Z,2,3,3,3,3,3,3,3,3,3,3,3,3,3,0,3,3,2,2,2,3,3,3,0
32ETV1010A,0,0,0,0,0,0,1,2,3,3,3,3,3,3,0,3,3,3,3,3,3,3,3,3
32ETV0713K,3,3,3,3,3,3,3,3,3,2,2,2,3,3,0,3,2,3,2,2,3,3,3,3
32ETV0628N,3,3,3,3,3,3,3,3,3,3,3,3,3,3,0,3,3,3,3,3,3,3,3,3
32ETV0979R,0,0,0,1,3,3,3,3,3,3,3,3,3,3,0,3,3,3,3,3,3,3,3,3
32DST0011G,11,11,11,11,11,11,11,12,12,12,12,12,12,12,0,12,12,12,12,12,12,12,12,12
32ETV0604D,3,3,4,5,6,5,6,6,6,6,6,7,8,9,0,10,9,9,9,9,8,6,7,8
32ETV0291T,3,3,3,3,3,3,3,3,3,3,3,3,3,3,0,3,3,3,3,3,3,3,3,3
32ETV0955H,0,0,0,1,2,3,3,3,3,3,3,3,5,5,0,6,7,6,7,7,6,6,6,6
32DST0035Q,3,3,3,3,4,5,5,6,6,6,6,6,6,6,0,6,6,6,6,6,6,6,6,6
32ETV0182M,3,4,5,6,6,7,7,7,7,6,6,6,6,6,0,6,6,6,6,6,7,6,6,7
32ETV0846A,3,3,3,3,3,3,3,3,3,3,3,3,3,3,0,3,3,3,3,3,3,3,3,3
32DES0018H,14,15,15,15,15,15,16,17,18,18,18,18,18,18,0,18,18,18,18,18,18,18,18,18
32ETV0073F,3,3,3,3,3,3,3,3,3,3,3,3,3,3,0,3,3,3,3,3,3,3,3,3
32DST0059Z,5,6,6,6,8,9,9,10,11,12,12,12,9,9,0,9,9,9,10,10,12,12,12,12
32ETV0930Z,0,2,2,3,3,3,3,3,3,3,3,3,3,3,0,3,3,3,3,3,3,3,3,3
32DST0012F,10,10,10,10,10,10,10,10,10,10,10,10,9,9,0,8,8,8,8,8,9,9,9,9
32ETV0978S,0,0,0,1,2,2,2,2,2,2,0,0,0,0,0,3,3,0,0,0,0,0,0,0
32ETV0097P,3,3,3,3,3,3,3,3,3,3,3,3,3,3,0,3,3,3,3,3,3,3,3,3
32ETV0736V,2,3,3,3,3,3,3,3,3,3,3,3,3,3,0,3,3,3,3,3,3,3,3,3
32ETV0821S,3,3,3,3,3,3,3,3,3,3,3,3,3,3,0,3,2,0,0,0,0,0,0,0
32DST0036P,6,6,7,7,9,9,10,10,10,10,11,11,11,11,0,11,11,11,11,11,11,11,11,11
32ETV0869L,2,3,3,3,3,3,3,3,3,3,3,3,3,3,0,3,3,3,3,3,3,3,3,3
32ETV0954I,0,0,1,2,3,3,3,3,3,3,3,3,3,3,0,3,3,3,3,3,3,3,3,3
32ETV0627O,2,2,3,3,3,3,3,3,3,3,3,3,3,3,0,3,3,3,3,3,3,3,3,3
32ETV0712L,3,3,3,3,3,3,3,3,4,4,4,4,4,4,0,4,4,3,3,3,3,3,3,3
32ETV0845B,3,3,3,3,3,3,3,3,3,3,3,3,3,3,0,3,3,3,3,3,3,3,3,3
32DES0017I,30,30,30,30,30,31,33,35,36,36,36,33,32,29,0,29,29,30,31,31,31,30,30,30
32ETV0290U,0,0,0,0,1,2,3,3,3,3,3,3,3,3,0,3,3,3,3,3,3,3,3,3
32ETV0518H,3,3,3,3,3,3,3,3,3,3,3,4,3,4,0,4,5,5,4,4,4,4,4,5
32ETV0603E,3,3,3,3,3,3,3,3,3,3,3,3,3,3,0,3,3,3,3,3,3,3,3,3
32ETV0072G,3,3,3,3,3,3,4,4,4,3,4,4,4,5,0,6,5,4,4,4,5,4,3,3
32ETV0181N,3,3,3,3,3,3,3,3,3,3,3,3,3,3,0,3,3,3,3,3,3,3,3,3
32ETV0977T,0,0,0,3,3,3,3,3,3,3,3,3,3,3,0,3,3,3,3,3,3,3,3,3
32DST0013E,9,9,9,9,9,9,9,9,9,9,9,9,9,9,0,9,9,9,9,9,9,9,9,9
32ETV0096Q,2,3,3,3,3,3,3,3,3,3,3,3,3,3,0,3,3,3,3,3,3,3,3,3
32ETV0735W,3,3,3,3,3,3,3,3,3,3,3,3,3,3,0,3,3,3,3,3,3,3,3,3
32ETV0820T,3,3,3,3,3,3,3,3,3,3,3,3,3,3,0,3,3,3,3,3,3,3,3,3
32PES0045J,65,3,3,3,3,3,3,3,3,3,3,3,0,0,0,0,0,0,0,0,0,0,0,0
32DST0037O,4,4,4,4,4,4,4,4,4,5,5,5,5,5,0,6,6,6,6,6,6,6,6,6
32ETV0824P,3,3,3,3,3,3,3,3,3,3,3,3,3,3,0,3,3,3,3,3,3,3,3,3
32ETV0051U,5,5,6,6,6,7,9,9,9,9,9,9,9,10,0,10,10,10,9,9,9,6,7,8
32ETV0957F,0,0,0,1,2,3,3,3,3,3,3,3,3,3,0,3,3,3,3,3,3,3,3,3
32ETV0076C,3,3,3,3,3,3,3,3,3,3,3,3,3,3,0,3,3,3,3,3,3,3,3,3
32ETV0715I,2,3,3,3,3,3,3,3,3,3,3,3,3,3,0,3,3,3,3,3,3,3,3,3
32ETV0800F,3,3,3,3,3,3,3,3,3,3,3,3,3,3,0,3,3,3,3,3,3,3,3,3
32ETV0099N,3,3,3,3,3,3,3,3,3,3,3,3,3,3,0,3,3,3,3,3,3,3,3,3
32EES0048A,6,6,6,6,7,7,7,7,6,6,7,8,8,7,0,7,8,9,9,9,9,9,8,7
32ETV0932X,0,1,2,3,3,3,3,3,3,3,3,3,3,3,0,3,3,3,3,3,3,3,3,3
32ETV0606B,3,3,3,3,3,3,3,3,3,3,3,3,3,2,0,2,3,3,3,3,3,3,3,3
32ETV0293R,3,3,3,3,3,3,3,3,3,3,3,3,3,3,0,3,3,3,3,3,3,3,3,3
32PES0069T,3,3,3,3,3,3,3,3,3,3,3,3,3,3,0,3,3,3,3,3,3,3,3,3
32ETV0738T,3,3,3,3,3,3,3,3,3,3,3,3,3,3,0,3,3,3,3,3,3,3,3,3
32UES0001Y,13,13,13,13,13,10,10,13,13,13,13,0,0,0,0,0,0,0,0,0,0,0,0,0
32ETV0823Q,3,3,3,3,3,3,3,3,3,3,3,3,3,3,0,3,3,3,3,3,3,3,3,3
32ETV0847Z,3,3,3,3,3,3,3,3,3,3,3,3,3,3,0,3,3,3,3,3,3,3,3,2
32DST0014D,9,9,9,10,11,11,13,13,13,13,13,13,13,13,0,13,13,13,13,13,13,13,13,13
32ETV0184K,3,3,3,3,3,3,3,3,3,3,3,3,3,3,0,3,4,4,4,4,3,3,3,3
32ETV0714J,3,3,3,3,3,3,3,3,3,3,3,3,3,3,0,3,3,3,3,3,3,3,3,3
32ETV0050V,3,3,3,5,6,6,6,6,8,6,6,6,6,6,0,6,6,6,6,6,6,6,6,6
32DST0038N,6,6,6,6,6,6,6,6,6,6,6,6,6,6,0,6,6,6,6,6,6,6,6,6
32ETV0160A,3,4,4,4,3,4,4,5,4,4,3,3,3,3,0,3,3,3,3,3,3,3,3,3
32ETV0292S,3,3,3,3,3,3,3,3,3,3,2,2,3,0,0,0,0,0,0,0,0,0,0,0
32ETV0605C,3,3,3,3,3,3,3,3,3,3,3,3,3,3,0,3,3,3,3,3,3,3,3,3
32ETV0956G,0,0,0,1,2,3,3,3,3,3,3,3,3,3,0,3,3,3,3,3,3,3,3,3
32ETV0183L,3,3,4,3,3,3,4,4,3,4,5,6,6,6,0,6,6,5,5,5,5,4,4,3
32DES0019G,8,8,7,8,8,8,8,8,8,8,8,8,8,8,0,7,7,7,7,7,7,7,7,7
32ETV0074E,3,3,3,4,4,4,5,5,5,5,6,6,6,5,0,6,5,5,4,4,5,6,6,6
32ETV0737U,3,0,0,0,0,0,0,0,0,0,0,0,0,0,0,0,0,0,0,0,0,0,0,0
32ETV0822R,3,2,2,3,3,3,3,3,3,3,3,3,3,3,0,3,3,3,2,2,3,3,3,3
32ETV0098O,3,3,3,3,3,3,3,3,3,3,3,3,3,3,0,3,3,3,3,3,3,3,3,3
32DST0015C,8,9,9,10,11,12,12,12,12,12,13,14,15,15,0,15,15,15,15,15,15,15,15,15
32ETV0389D,3,3,3,4,5,6,6,6,6,6,5,5,5,5,0,3,3,3,3,3,3,3,3,3
32ETV0232D,3,3,3,3,3,3,3,3,3,3,3,3,3,3,0,3,4,5,5,5,6,6,6,6
32ETV0122Y,3,3,3,3,3,3,3,3,3,3,3,3,3,3,0,3,3,3,3,3,3,3,3,3
32ETV0147G,3,3,4,4,5,4,6,6,6,6,6,6,6,6,0,6,6,5,5,5,5,5,5,5
32ETV0279Y,3,3,3,3,3,3,3,3,3,3,3,3,3,3,0,3,3,3,3,3,3,0,0,0
32ETV0497L,3,3,3,3,3,3,3,3,3,3,3,3,3,0,0,0,0,0,0,0,0,0,0,0
32ETV0582I,3,3,3,3,3,3,3,3,3,3,3,3,3,3,0,3,3,3,3,3,3,3,3,3
32ETV0340L,3,3,3,3,3,3,3,3,4,5,6,3,6,6,0,6,6,5,3,3,3,3,3,3
32ETV0255O,3,3,3,3,3,3,3,3,3,3,3,3,3,3,0,2,2,3,3,3,3,3,3,3
32ETV0013R,3,3,3,3,3,3,3,3,3,3,3,3,3,3,0,3,3,3,3,3,3,3,3,3
32ETV0037A,3,3,3,3,3,3,3,3,3,3,3,3,3,3,0,3,3,3,3,3,0,0,0,0
32ETV0388E,3,3,3,3,3,3,3,3,3,3,3,3,3,3,0,3,3,3,3,3,3,3,3,3
32ETV0473B,3,3,3,3,3,3,3,3,3,3,3,3,3,3,0,3,3,3,3,3,3,3,3,3
32DES0009Z,36,36,36,36,36,36,36,36,36,35,33,31,33,32,0,26,29,30,30,30,30,30,30,30
32ETV0809X,3,3,4,4,5,6,6,6,6,6,6,6,6,6,0,9,9,9,9,9,7,7,7,7
32ETV0121Z,3,3,3,3,3,3,3,3,3,3,3,3,3,3,0,3,3,3,3,3,3,3,3,3
32ETV0231E,3,3,3,3,3,3,3,3,3,3,3,3,3,3,0,3,3,3,3,3,3,3,3,3
32ETV0146H,3,3,3,3,3,3,3,3,3,3,3,3,3,3,0,3,3,3,3,3,3,3,3,3
32ETV0690Q,3,3,3,3,3,3,3,3,3,3,3,3,3,3,0,3,3,3,3,3,3,3,3,3
32ETV0918D,0,2,3,3,3,3,3,3,3,3,3,3,3,3,0,3,3,3,3,3,3,3,3,3
32ETV0363W,1,2,3,3,3,3,3,3,3,3,3,3,3,3,0,3,3,3,3,3,3,3,3,3
32ETV0278Z,3,3,3,3,3,3,3,3,3,3,3,3,3,3,0,3,3,3,3,3,3,3,3,3
32ETV0808Y,3,3,3,3,3,3,3,3,3,3,3,3,3,3,0,3,3,3,3,3,3,3,3,3
32ETV0012S,3,3,3,3,3,3,3,3,3,3,3,3,3,3,0,3,3,3,4,4,4,4,5,5
32ETV0496M,3,3,3,3,4,5,6,4,5,5,5,4,5,4,0,4,4,3,3,3,4,4,4,3
32ETV0254P,3,3,3,3,3,3,3,3,3,3,3,3,3,3,0,3,3,3,3,3,3,3,3,3
32ETV0169S,3,3,3,3,3,3,3,3,3,3,3,3,3,3,0,3,3,3,3,3,3,3,3,3
32ETV0149E,3,3,3,3,3,4,4,4,4,4,4,4,4,4,0,4,4,4,3,3,3,3,3,3
32ETV0585F,3,3,3,2,3,3,0,0,0,0,0,0,0,0,0,0,0,0,0,0,0,0,0,0
32ETV0670C,3,3,3,3,3,3,3,3,2,2,2,3,3,3,0,3,3,0,0,0,0,0,0,0
32ETV0343I,2,3,3,3,3,3,3,3,3,3,3,3,3,3,0,3,3,3,3,3,3,3,3,3
32ETV0560X,3,3,3,3,3,3,3,3,3,3,3,3,3,3,0,3,3,3,3,3,3,3,3,3
32ETV0475Z,3,3,3,3,3,3,3,3,3,3,3,3,3,3,0,3,3,3,3,3,3,3,3,3
32ETV0234B,3,3,3,4,4,4,5,5,4,4,4,5,5,6,0,6,6,6,6,6,6,7,8,7
32ETV0451Q,3,3,3,3,3,3,3,3,3,3,3,3,3,3,0,3,3,3,3,3,3,3,3,3
32ETV0366T,3,3,3,3,4,5,5,5,5,5,5,5,5,5,0,5,5,5,4,4,4,4,4,5
32ETV0015P,3,4,4,5,4,5,5,4,4,5,6,5,5,5,0,4,5,5,6,6,5,5,5,5
32ETV0100M,3,3,3,3,3,3,5,5,5,4,4,4,5,5,0,4,5,5,5,5,6,5,5,3
32EST0001Z,6,6,6,7,8,9,9,9,9,9,9,10,10,10,0,11,12,11,11,11,10,10,9,9
32ETV0342J,3,3,3,3,3,3,3,3,3,3,3,3,3,3,0,3,3,3,3,3,3,3,3,3
32ETV0257M,3,3,3,3,5,5,5,5,5,5,5,5,6,6,0,6,6,6,6,6,6,6,6,6
32ETV0124W,3,3,3,3,3,3,3,3,3,3,3,3,3,3,0,3,3,3,3,3,3,3,3,3
32ETV0039Z,3,3,3,3,3,3,3,3,2,2,3,3,3,3,0,3,3,3,3,3,0,0,0,0
32ETV0693N,3,3,3,3,3,3,3,3,3,3,0,3,3,3,0,0,0,0,0,0,0,0,0,0
32ETV0233C,3,3,3,3,3,3,3,3,3,3,3,3,3,3,0,3,3,3,3,3,3,3,3,3
32ETV0584G,3,3,3,3,2,3,3,3,3,3,3,3,2,3,0,3,3,3,3,3,3,3,3,3
32ETV0499J,3,3,3,3,3,3,3,3,3,3,3,3,3,3,0,3,3,3,3,3,3,3,3,3
32ETV0148F,3,3,3,3,3,3,3,3,3,3,3,3,4,4,0,3,3,3,3,3,3,4,3,3
32ETV0014Q,3,3,3,3,3,3,4,4,4,4,4,5,5,6,0,6,6,6,6,6,6,6,6,6
32ETV0692O,2,3,3,3,3,3,3,3,3,3,3,3,3,3,0,3,3,3,3,3,3,3,3,3
32ETV0450R,0,1,2,3,3,3,3,3,3,3,3,3,3,3,0,3,3,3,3,3,3,3,3,3
32ETV0365U,3,3,3,3,3,3,3,3,3,3,3,3,3,3,0,3,3,3,3,3,3,3,3,3
32ETV0498K,3,3,3,3,3,3,3,3,3,3,3,3,3,3,0,3,3,3,3,3,3,3,3,3
32ETV0123X,3,3,3,3,3,3,3,3,3,3,3,3,3,3,0,3,3,3,3,3,3,3,3,3
32ETV0583H,3,3,3,3,3,3,3,3,3,3,3,3,3,3,0,3,3,3,3,3,3,3,3,3
32ETV0038Z,0,1,2,3,3,3,3,3,3,3,3,3,3,3,0,3,3,3,3,3,3,3,3,3
32ETV0256N,3,3,3,3,3,3,3,3,3,3,3,3,3,3,0,3,3,3,3,3,3,3,3,3
32ETV0341K,3,3,3,3,5,5,5,4,4,4,4,4,5,5,0,4,3,4,5,5,6,6,6,6
32ETV0939Q,0,1,2,3,3,3,3,3,3,3,3,3,3,3,0,3,3,3,3,3,3,3,3,3
32ETV0915G,0,1,2,3,3,3,3,3,3,3,3,3,3,2,0,2,3,3,3,3,3,3,3,3
32PES0007G,3,3,3,3,3,3,3,3,3,3,3,3,3,3,0,3,3,3,3,3,3,3,3,3
32DST0019Z,9,9,9,9,9,10,11,12,12,14,14,14,14,14,0,14,15,16,17,17,18,18,18,18
32ETV0034D,3,3,3,3,3,3,3,3,3,3,3,4,4,3,0,3,4,5,5,5,4,4,5,5
32ETV0360Z,3,3,3,3,3,3,3,3,3,3,3,3,3,3,0,3,3,3,3,3,3,3,3,3
32ETV0057O,3,3,3,3,3,3,3,3,3,3,3,3,3,3,0,3,3,3,3,3,3,3,3,3
32ETV0493P,3,3,3,3,3,3,3,3,3,3,3,3,3,3,0,3,0,3,3,3,3,3,3,3
32ETV0166V,3,3,3,3,3,3,3,3,3,3,3,3,3,3,0,3,3,3,3,3,3,3,3,3
32ETV0251S,3,4,5,6,6,6,7,7,7,7,7,7,8,8,0,9,8,8,7,7,8,8,8,6
32ETV0299L,3,3,3,3,3,3,3,3,3,3,3,3,3,3,0,3,3,3,3,3,3,3,3,3
32ETV0275B,3,3,3,3,3,3,3,3,3,3,0,0,0,0,0,0,0,0,0,0,0,0,0,0
32ETV0938R,0,1,2,3,3,3,3,3,3,3,3,3,3,3,0,3,3,3,3,3,3,3,3,3
32ETV0829K,3,3,3,3,3,3,3,3,3,3,3,3,3,3,0,3,3,3,3,3,3,3,3,3
32ETV0914H,0,1,2,3,3,3,3,3,3,3,3,3,3,3,0,3,3,3,3,3,3,3,3,3
32ETV0141M,3,3,3,3,3,3,3,3,3,3,3,3,3,3,0,3,3,3,3,3,3,3,3,3
32ETV0056P,3,3,3,3,3,3,3,3,3,3,3,3,3,3,0,3,3,3,3,3,3,3,3,3
32ETV0492Q,3,3,3,3,3,4,4,5,4,5,4,5,4,3,0,3,3,3,3,3,3,3,3,3
32PES0009E,3,3,3,3,3,4,4,3,3,3,3,0,0,0,0,0,0,0,0,0,0,0,0,0
32ETV0250T,6,6,6,7,7,7,8,8,8,8,8,8,8,8,0,8,8,8,8,8,8,9,9,9
32ETV0805A,3,3,3,3,3,3,3,3,3,3,3,3,3,3,0,3,3,3,3,3,3,3,3,3
32ETV0165W,3,3,3,4,3,3,3,3,3,3,3,3,3,3,0,3,3,3,3,3,3,3,3,3
32ETV0298M,2,3,3,3,3,3,3,3,3,3,3,3,3,3,0,3,3,3,3,3,3,3,3,3
32ETV0383J,6,5,5,5,6,7,7,7,6,6,6,6,6,6,0,6,6,6,6,6,6,5,5,4
32ETV0036B,3,3,3,3,3,3,3,3,3,3,2,3,3,3,0,3,3,3,3,3,3,3,3,3
32ETV0387F,3,3,3,4,5,6,6,6,6,6,6,6,6,6,0,6,6,6,6,6,6,5,5,5
32ETV0120Z,3,3,3,3,3,3,3,3,0,0,3,3,3,3,0,3,3,3,3,3,0,0,0,0
32ETV0230F,3,3,3,3,3,3,3,3,3,3,3,3,3,3,0,3,3,2,3,3,3,3,3,3
32ETV0277Z,3,3,3,3,3,3,3,3,3,3,3,3,3,3,0,3,3,3,3,3,3,3,3,3
32ETV0145I,3,3,3,3,3,3,3,3,3,3,3,3,3,3,0,3,3,3,3,3,3,3,3,3
32ETV0362X,3,3,3,3,3,3,3,3,3,3,3,3,3,3,0,3,3,3,3,3,3,3,3,3
32PES0005I,4,5,5,5,5,3,3,3,3,3,3,3,3,3,0,3,3,3,3,3,3,3,3,3
32ETV0168T,3,3,3,3,4,5,6,6,6,6,4,4,4,6,0,6,7,6,6,6,6,6,6,6
32ETV0917E,0,1,2,3,3,3,3,3,3,3,3,3,3,3,0,3,3,3,3,3,3,3,3,2
32ETV0059M,3,3,3,3,3,3,3,3,3,3,3,3,3,3,0,3,3,3,3,3,3,3,3,3
32ETV0144J,3,3,3,3,4,5,6,6,6,5,5,5,4,5,0,3,4,5,4,4,4,4,4,4
32ETV1012Z,0,0,0,0,0,0,2,2,3,3,3,3,3,3,0,3,3,3,3,3,3,3,3,3
32ETV0807Z,3,3,3,3,3,3,3,3,3,3,3,3,3,3,0,3,3,3,3,3,3,3,3,3
32ETV0011T,3,3,3,3,3,3,3,3,3,3,3,3,3,3,0,3,3,3,3,3,3,3,3,3
32ETV0386G,4,5,6,6,6,7,7,8,8,9,9,9,9,9,0,9,9,8,7,7,6,6,6,6
32ETV0361Y,3,3,3,3,3,3,3,3,4,4,3,3,3,4,0,4,3,3,3,3,4,4,3,4
32ETV0916F,0,1,2,3,3,3,3,3,3,3,3,3,3,3,0,3,3,3,3,3,3,3,3,3
32PES0006H,3,3,3,3,3,3,3,3,3,3,3,3,3,3,0,3,3,3,3,3,3,3,3,3
32ETV0035C,3,2,0,0,0,0,0,0,0,0,0,0,0,0,0,0,0,0,0,0,0,0,0,0
32ETV0494O,3,3,3,3,3,3,3,3,3,3,3,3,3,3,0,3,3,3,3,3,3,3,3,3
32ETV0167U,3,3,3,3,3,3,3,3,3,3,3,3,3,3,0,3,3,3,3,3,3,3,3,3
32ETV0058N,3,3,3,3,3,3,3,3,3,3,3,3,3,3,0,3,3,3,3,3,3,3,3,3
32ETV1013Y,0,0,0,0,0,0,3,3,3,3,3,3,3,2,0,2,3,3,3,3,3,3,3,3
32ETV0385H,3,3,3,3,3,3,4,4,4,5,4,4,3,3,0,3,4,5,5,5,4,4,4,4
32ETV0470E,3,3,3,3,3,3,3,3,3,3,3,3,3,3,0,2,2,3,3,3,3,3,3,3
32ETV0010U,3,3,3,3,3,3,3,3,3,3,3,3,3,3,0,3,3,3,3,3,3,3,3,3
32ETV0806Z,3,3,3,3,3,3,3,0,0,0,0,0,0,0,0,0,0,0,0,0,0,0,0,0
32ETV0107F,5,5,5,5,5,7,8,9,9,9,8,8,9,9,0,9,9,7,8,8,7,6,6,7
32ETV0458J,3,3,3,3,3,3,3,3,3,3,3,3,3,3,0,3,3,3,3,3,3,3,3,3
32ETV0870A,2,3,3,3,3,3,3,3,0,3,3,3,3,3,0,2,2,2,0,0,0,0,0,0
32ETV0216M,3,3,3,3,3,3,3,3,3,3,3,3,3,3,0,3,3,3,3,3,3,3,3,3
32PES0071H,2,3,3,3,3,3,3,3,3,3,3,3,3,3,0,3,3,3,3,3,3,3,3,3
32ETV0349C,3,3,3,3,4,5,6,7,7,8,9,10,9,8,0,9,9,9,10,10,10,10,11,12
32ETV0239X,3,3,3,3,3,3,3,3,3,3,3,3,3,3,0,3,3,3,3,3,3,3,3,3
32ETV0324U,3,3,3,3,3,3,3,3,3,3,3,3,3,3,0,3,3,3,3,3,3,3,3,3
32ETV0675Y,3,2,2,3,3,3,3,3,3,3,3,3,3,3,0,3,3,2,2,2,3,3,3,3
32ETV0760V,3,3,3,3,3,3,3,3,3,3,3,3,3,3,0,3,3,3,3,3,3,3,3,3
32ETV0215N,3,3,3,3,3,3,3,3,3,3,3,3,3,3,0,3,3,3,3,3,3,3,3,3
32ETV0300K,3,3,3,3,3,3,3,3,3,3,3,3,3,3,0,3,3,3,3,3,3,3,3,3
32ETV0893L,1,2,3,3,3,3,3,3,3,3,3,3,3,3,0,3,3,3,3,3,3,3,3,3
32ETV0566R,3,3,3,3,3,3,3,3,3,3,3,3,3,3,0,3,3,3,3,3,3,3,3,3
32ETV0651O,3,3,3,3,3,3,3,3,3,3,3,5,3,3,0,3,3,4,4,4,5,5,4,3
32ETV0784E,3,3,3,3,3,3,5,4,5,4,5,5,3,3,0,3,3,3,3,3,3,3,3,3
32ETV0542H,3,3,3,3,3,3,3,3,3,3,3,3,3,3,0,3,3,3,3,3,3,3,3,3
32PES0072G,31,3,3,3,3,2,3,0,0,0,0,0,0,0,0,0,0,0,0,0,0,0,0,0
32ETV0433A,3,3,3,3,3,3,3,3,3,3,3,3,3,3,0,3,3,3,3,3,3,3,3,3
32ETV0348D,3,3,3,3,3,3,3,3,3,3,3,3,3,3,0,3,3,3,3,3,3,3,3,3
32ETV0106G,3,3,3,3,3,3,3,3,3,3,3,3,3,3,0,3,3,3,3,3,3,3,3,3
32ETV0238Y,3,3,3,3,3,3,3,3,3,3,3,3,3,3,0,2,3,3,3,3,3,3,3,3
32ETV0323V,3,3,3,3,3,3,3,3,3,3,3,3,3,3,0,3,3,3,3,3,3,3,3,3
32ETV0129R,3,3,3,3,3,3,3,3,3,0,0,0,0,0,0,0,0,0,0,0,0,0,0,0
32DST0060P,10,11,11,11,11,12,13,16,17,17,17,17,17,17,0,17,17,17,17,17,17,17,17,18
32ETV0214O,3,3,3,3,3,3,3,3,3,3,3,3,3,3,0,3,3,3,3,3,3,3,3,3
32ETV0650P,3,3,3,3,3,3,3,3,3,3,3,3,3,3,0,3,3,0,0,0,0,0,0,0
32ETV0565S,3,3,2,2,3,3,3,3,3,3,3,3,3,3,0,3,3,3,3,3,3,3,3,3
32ETV0892M,1,2,3,3,3,3,3,3,3,3,3,3,3,3,0,3,3,3,3,3,3,3,3,3
32ETV0303H,3,3,3,3,3,3,3,3,3,3,3,3,3,3,0,3,3,3,3,3,3,3,3,3
32ETV0218K,3,3,3,3,3,3,3,3,3,4,4,3,3,4,0,4,3,3,3,3,3,3,3,3
32ETV0654L,3,3,3,3,3,3,3,3,3,3,3,3,3,3,0,3,3,3,3,3,3,3,3,3
32ETV0109D,3,3,3,3,3,3,3,3,3,3,3,3,4,4,0,4,5,4,4,4,6,6,4,4
32ETV0569O,3,3,3,3,3,3,3,3,3,3,3,3,3,3,0,3,3,3,3,3,3,3,3,3
32ETV0981F,0,0,0,0,1,2,3,3,3,3,3,3,3,3,0,3,3,3,3,3,3,3,3,3
32ETV0896I,1,2,3,3,3,3,3,3,3,3,3,3,3,3,0,3,3,3,3,3,3,3,3,3
32DST0061O,5,6,6,6,6,6,6,7,7,7,7,8,8,8,0,8,8,8,8,8,9,9,9,9
32ETV0871Z,2,3,3,3,3,3,3,3,3,3,3,3,3,3,0,3,3,3,3,3,3,3,3,3
32ETV0630B,3,3,3,3,3,3,3,3,3,3,3,3,3,3,0,3,3,3,3,3,3,3,3,3
32ETV0762T,3,3,4,3,3,3,3,3,4,4,3,4,4,4,0,3,3,4,4,4,3,3,3,3
32ETV0677W,4,5,5,6,7,8,8,9,10,9,10,11,12,12,0,11,9,8,8,8,9,10,9,9
32ETV0520W,3,3,3,3,3,3,3,3,3,3,3,3,3,3,0,3,5,4,4,4,4,5,5,5
32ETV0435Z,3,3,3,3,3,3,3,3,3,4,4,4,4,4,0,3,3,3,3,3,3,3,3,4
32ETV0568P,3,3,3,3,3,3,3,3,3,3,3,3,3,3,0,3,3,3,3,3,3,3,3,3
32ETV0653M,3,3,3,3,3,3,3,3,3,3,3,3,3,3,0,3,3,3,3,3,3,3,3,3
32ETV0326S,3,3,3,3,3,3,3,3,3,3,3,3,3,3,0,3,3,3,3,3,3,3,3,3
32ETV0544F,3,3,3,3,3,3,3,4,4,4,3,3,3,3,0,3,3,3,3,3,3,3,3,3
32ETV0459I,3,3,3,3,3,3,3,3,3,3,3,3,3,3,0,3,3,3,3,3,3,3,3,3
32ETV0108E,3,3,3,4,5,5,6,5,4,4,4,4,4,5,0,5,4,4,4,4,4,4,4,5
32ETV0217L,3,3,3,3,3,3,3,3,3,3,3,3,3,3,0,3,3,3,3,3,3,3,3,3
32ETV0302I,3,3,3,3,3,3,3,3,3,3,3,3,3,3,0,3,3,3,3,3,3,3,3,3
32ETV0895J,1,2,3,3,3,3,3,3,3,3,3,3,3,3,0,3,3,3,3,3,3,3,3,3
32ETV0980G,0,0,0,1,2,3,3,3,3,3,3,3,3,3,0,3,3,3,3,3,3,3,3,3
32DST0062N,2,4,6,7,8,9,9,9,10,11,11,11,11,11,0,11,12,12,12,12,12,12,13,14
32ETV0786C,3,3,3,3,3,3,3,3,3,3,3,3,3,3,0,3,3,3,3,3,3,3,3,3
32ETV0761U,3,3,3,3,3,3,3,3,3,3,3,3,3,3,0,3,3,3,3,3,3,3,3,3
32ETV0676X,0,0,1,2,3,3,3,3,3,3,3,3,3,3,0,2,3,3,3,3,3,3,3,3
32ETV0434Z,3,3,3,3,3,3,3,4,4,4,4,3,3,4,0,4,4,4,5,5,6,6,5,5
32PES0070I,3,3,3,3,3,3,3,3,3,3,3,3,3,0,0,0,0,0,0,0,0,0,0,0
32ETV0652N,3,3,3,3,3,3,3,3,3,3,3,3,3,3,0,3,3,3,3,3,3,3,3,3
32ETV0567Q,3,3,3,3,3,3,3,3,3,3,3,3,3,3,0,3,3,3,3,3,3,3,3,3
32ETV0894K,1,2,3,3,3,3,3,3,3,3,3,3,3,3,0,3,3,3,3,3,3,3,3,3
32ETV0325T,3,3,4,4,5,4,5,4,4,4,4,4,4,4,0,4,3,3,3,3,3,3,3,3
32ETV0410Q,3,3,3,3,3,3,3,2,3,3,3,2,0,0,0,0,0,0,0,0,0,0,3,3
32ETV0587D,3,3,3,3,3,3,3,3,3,3,3,3,3,3,0,3,3,3,3,3,3,3,3,3
32ETV0672A,3,3,3,3,3,3,3,3,3,3,3,3,3,3,0,3,3,3,3,3,3,3,3,3
32ETV0345G,3,4,5,6,5,6,7,7,9,9,7,6,6,7,0,9,9,8,9,9,8,7,8,9
32ETV0320Y,3,3,3,3,3,3,3,3,3,3,3,3,3,3,0,3,3,3,3,3,3,3,3,3
32ETV0103J,0,1,2,3,3,3,3,0,0,0,0,0,0,0,0,0,0,0,0,0,0,0,0,0
32ETV0018M,3,3,3,3,3,4,4,3,4,4,4,3,3,3,0,3,3,3,3,3,3,3,3,3
32ETV0211R,3,3,3,3,3,3,3,3,3,3,3,3,3,3,0,3,3,3,3,3,3,3,3,3
32ETV0477Y,3,3,3,3,3,3,3,3,3,3,3,3,3,3,0,3,3,3,3,3,3,3,3,3
32ETV0102K,2,3,3,3,3,3,3,3,3,3,3,3,3,3,0,3,3,3,3,3,3,3,3,3
32ETV0780I,3,3,3,3,3,3,3,3,2,2,0,0,0,0,0,0,0,0,0,0,0,0,0,0
32ETV0695L,3,3,3,3,3,3,3,3,3,3,3,2,3,3,0,3,3,3,3,3,3,3,3,3
32ETV0453O,3,3,3,3,3,3,3,3,3,3,3,3,3,3,0,3,3,3,3,3,3,3,3,3
32ETV0368R,3,3,3,3,3,3,3,3,3,3,3,3,3,3,0,3,3,3,3,3,3,3,3,3
32ETV0126U,3,3,3,3,3,3,3,3,3,3,3,3,3,3,0,3,3,3,3,3,3,3,3,3
32ETV0671B,0,0,1,3,3,3,3,3,0,0,0,0,0,0,0,0,0,0,0,0,0,0,0,0
32ETV0586E,3,3,3,3,3,3,3,3,3,3,3,3,3,3,0,3,3,3,3,3,3,3,3,3
32ETV0344H,3,3,3,3,3,3,3,3,3,3,3,3,3,3,0,3,3,3,3,3,3,3,3,3
32ETV0259K,3,3,3,3,3,3,3,3,3,3,3,3,3,3,0,3,3,3,3,3,3,3,3,3
32ETV0210S,0,0,0,0,0,1,3,3,3,3,3,3,3,3,0,3,3,2,3,3,3,3,3,3
32ETV0101L,3,3,3,3,4,4,4,4,3,3,3,3,3,3,0,3,3,3,3,3,3,3,3,3
32ETV0561W,2,3,3,3,3,3,3,3,0,0,0,0,0,0,0,0,0,0,0,0,0,0,0,0
32ETV0125V,3,3,3,3,3,3,3,3,3,3,3,3,3,3,0,3,3,3,3,3,3,3,3,3
32ETV0694M,3,3,3,3,3,3,3,3,3,3,3,3,3,3,0,3,3,3,3,3,3,3,3,3
32ETV0452P,3,3,3,3,3,3,3,3,3,3,3,3,3,3,0,3,3,3,3,3,3,3,3,3
32ETV0367S,3,3,3,3,3,3,3,3,3,3,3,3,3,3,0,3,3,3,3,3,3,3,3,3
32ETV0456L,3,3,3,3,3,3,3,3,3,3,3,3,3,3,0,3,3,3,3,3,3,3,3,3
32ETV0541I,3,3,3,3,3,3,3,3,0,0,0,0,0,0,0,0,0,0,0,0,0,0,0,0
32ETV0698I,16,3,3,3,3,3,3,3,3,3,3,3,3,3,0,3,3,3,3,3,3,3,3,3
32ETV0783F,3,3,3,3,3,3,3,3,3,3,3,3,3,3,0,3,3,3,3,3,3,3,3,3
32ETV0673Z,3,3,3,3,3,3,3,2,2,3,3,3,3,3,0,0,0,0,3,3,3,3,3,3
32ETV0589B,3,3,3,3,3,3,0,0,0,0,0,0,0,0,0,0,0,0,0,0,0,0,0,0
32ETV0105H,3,3,3,3,3,3,3,3,3,3,3,3,3,3,0,3,3,3,3,3,3,3,3,3
32ETV0347E,3,3,3,4,4,4,4,5,5,4,4,3,3,3,0,3,3,3,3,3,3,3,3,3
32ETV0479W,0,0,0,0,1,2,3,3,3,3,3,3,3,3,0,3,0,0,0,0,0,0,0,0
32ETV0564T,3,3,3,3,3,3,3,3,3,3,3,3,3,3,0,3,3,3,3,3,3,3,3,3
32ETV0128S,3,3,3,3,3,3,3,3,3,3,3,3,3,3,0,3,3,3,3,3,3,3,3,3
32ETV0322W,3,3,3,3,3,3,3,3,3,3,3,3,3,3,0,3,3,3,3,3,3,3,3,3
32ETV0237Z,0,0,1,2,3,3,3,3,3,3,3,3,3,3,0,3,3,3,3,3,3,3,3,3
32ETV0455M,3,3,3,3,3,3,3,3,3,3,3,3,3,3,0,3,3,3,3,3,3,3,3,3
32ETV0540J,3,3,3,3,3,3,3,3,3,3,3,4,4,4,0,3,3,3,3,3,3,3,3,3
32ETV0213P,3,3,3,3,3,3,3,3,3,2,3,3,3,3,0,3,3,3,3,3,3,3,3,3
32ETV0891N,1,2,3,3,3,3,3,3,3,3,3,3,3,3,0,3,3,3,3,3,3,3,3,3
32ETV0346F,2,3,3,3,3,3,3,3,3,3,3,3,3,3,0,3,3,3,3,3,2,2,2,3
32ETV0782G,3,3,3,3,3,3,3,3,3,3,3,3,3,3,0,3,3,3,3,3,3,3,3,3
32ETV0697J,0,0,1,2,3,3,3,3,3,3,3,3,3,3,0,3,3,3,3,3,0,0,0,0
32ETV0104I,3,3,3,3,3,3,3,3,3,3,3,3,3,3,0,3,3,3,3,3,3,3,3,3
32ETV0019L,6,6,7,8,9,9,9,9,9,10,10,11,10,10,0,9,10,8,9,9,9,9,9,9
32ETV0478X,0,0,1,2,3,3,3,3,3,2,0,0,0,0,0,0,0,0,0,0,0,0,0,0
32ETV0563U,3,3,3,2,2,2,3,3,3,3,3,3,3,3,0,3,3,3,3,3,3,3,3,3
32ETV0890O,1,3,3,3,3,3,3,3,3,4,4,4,3,3,0,3,3,3,3,3,3,3,3,3
32ETV0236Z,3,3,3,3,3,3,3,3,3,3,3,3,3,3,0,3,3,3,3,3,3,3,3,3
32ETV0321X,3,3,3,3,3,3,3,3,3,3,3,3,3,3,0,3,3,3,3,3,3,3,3,3
32ETV0781H,3,3,3,3,3,3,3,3,3,3,3,3,3,3,0,3,3,3,3,3,3,3,3,3
32ETV0696K,3,3,3,3,3,3,0,0,0,0,0,0,0,0,0,0,0,0,0,0,0,0,0,0
32ETV0454N,3,3,3,3,3,3,3,3,3,3,3,3,3,3,0,3,3,3,3,3,3,3,3,3
32ETV0369Q,2,3,3,3,3,3,4,5,6,4,3,3,3,3,0,3,3,3,3,3,3,3,3,3
32ETV0212Q,0,0,0,0,2,3,3,3,3,3,3,3,3,3,0,0,0,0,0,0,0,0,0,0
