cct,1998,1999,2000,2001,2002,2003,2004,2005,2006,2007,2008,2009,2010,2011,2012,2013,2014,2015,2016,2017,2018,2019
32DPR2447T,6,6,6,6,6,6,7,7,8,8,8,8,8,8,8,8,9,9,10,10,11,12
32EPR0030I,8,8,9,8,8,8,8,8,8,8,8,8,8,8,8,8,8,8,8,8,8,8
32DPR0136C,6,6,6,7,7,7,7,7,7,7,7,6,6,6,6,6,6,6,6,6,6,6
32DPR1200U,6,6,6,6,6,6,6,6,6,6,6,6,6,6,6,6,6,6,1,1,1,1
32DPR1115X,11,12,11,11,12,12,12,12,11,11,12,12,12,11,10,10,9,9,8,8,9,9
32DPR0487G,6,6,6,6,6,6,6,6,6,6,6,6,6,6,6,6,6,6,2,2,2,2
32DPR1248N,5,5,5,5,5,6,6,6,6,6,6,6,6,6,6,6,6,6,2,2,2,2
32DPR1333K,6,6,6,6,6,6,6,6,6,6,6,6,6,6,6,6,6,6,2,2,2,1
32EPR0079A,12,12,12,12,12,12,12,12,12,12,12,12,12,12,12,12,12,12,12,12,12,12
32DPR1684O,5,6,6,6,5,5,5,5,6,6,6,5,5,6,6,6,6,6,1,1,1,1
32EPR0163Z,12,13,13,13,14,14,14,14,15,16,17,17,17,18,18,18,18,18,18,18,18,18
32EPR0031H,14,14,13,12,12,12,12,12,12,12,12,12,12,12,12,10,11,10,10,10,10,10
32DPR0485I,6,6,6,6,6,6,6,6,6,6,6,6,6,6,6,6,6,6,6,6,6,6
32DPR0570F,9,9,9,8,8,8,9,10,10,11,11,11,11,11,11,11,10,9,10,10,9,9
32DPR0001O,12,11,11,11,10,9,8,8,7,6,6,6,6,6,6,6,5,6,2,2,2,2
32DPR2448S,6,6,6,6,6,7,8,9,11,11,11,12,12,13,13,13,13,14,14,14,14,15
32DPR0220A,18,17,17,17,17,17,17,18,18,18,19,19,19,20,21,20,21,21,17,16,16,16
32DPR0135D,4,4,4,4,4,3,3,4,4,4,4,4,4,3,3,3,3,6,2,3,3,3
32DPR0571E,6,6,6,6,6,6,6,6,6,6,6,6,6,6,6,6,6,6,2,2,2,2
32DPR0486H,6,6,6,6,6,6,6,6,6,6,6,6,6,6,6,6,6,6,2,2,2,2
32DPR1114Y,6,6,6,6,6,6,6,6,6,6,6,6,6,6,6,6,6,6,2,2,2,2
32DPR1332L,6,6,6,6,6,6,6,6,6,6,6,6,6,6,6,6,6,6,2,2,2,2
32DPR1247O,6,6,6,5,5,5,5,5,6,6,6,6,6,5,6,6,6,6,1,1,1,1
32DPR0351T,3,6,6,6,6,6,6,6,6,6,6,6,6,5,5,5,5,5,1,1,1,1
32DPR0484J,6,6,6,6,6,6,6,6,6,6,6,6,6,6,6,6,6,6,6,6,6,7
32DPR0399M,6,6,6,6,6,6,6,6,6,6,6,6,6,6,6,6,6,6,3,3,3,3
32DPR1113Z,6,6,6,6,6,6,6,6,6,6,6,6,6,6,6,6,6,6,4,4,5,5
32DPR2449R,5,6,6,6,6,6,6,7,7,8,9,9,9,11,12,12,12,12,12,12,12,12
32DPR1029A,6,6,6,6,6,6,6,6,6,6,6,6,6,6,6,6,6,6,2,2,2,2
32EPR0077C,13,14,16,16,16,16,16,16,16,16,16,16,16,18,18,18,18,18,18,18,18,18
32DPR1682Q,6,6,6,6,6,6,6,6,6,6,6,6,6,6,6,5,4,6,1,1,1,1
32DPR0134E,6,6,6,6,6,6,6,6,6,6,6,6,6,6,6,6,6,6,3,3,3,4
32DPR1246P,6,6,6,6,6,6,6,6,6,6,6,6,6,6,6,6,6,6,4,4,4,4
32DPR1331M,6,6,6,6,6,6,6,6,6,6,6,6,6,6,6,6,6,6,2,2,2,2
32DPR1379F,6,6,6,6,6,6,6,6,6,6,6,6,6,6,5,5,5,6,1,1,1,1
32DPR1464C,6,6,6,6,6,6,6,6,6,6,6,6,6,6,6,5,5,5,5,5,5,5
32DPR0132G,6,6,6,6,6,6,6,6,6,6,6,6,6,6,6,6,6,6,1,1,1,1
32DPR0047J,8,8,8,8,7,8,9,9,10,10,10,10,10,10,10,10,12,12,12,12,12,12
32DPR1112Z,6,6,6,6,6,6,6,6,6,6,6,6,6,6,6,6,6,2,4,4,4,4
32DPR2317Z,6,6,6,6,6,6,6,6,6,6,6,6,6,6,6,6,6,6,1,1,1,1
32DPR0398N,7,7,7,7,7,7,7,8,9,9,10,10,10,11,11,10,10,10,10,10,11,11
32DPR0483K,11,11,12,12,12,12,13,13,13,13,13,13,13,14,14,14,14,14,14,14,14,14
32DPR1028B,6,6,6,6,5,5,5,5,5,5,6,5,5,5,6,6,6,6,1,1,1,1
32DPR1245Q,6,6,6,6,6,7,7,6,6,6,7,6,6,6,6,6,6,6,7,7,8,8
32DPR1330N,6,6,6,6,6,6,6,6,6,6,6,6,6,6,6,6,6,2,2,2,2,2
32EPR0078B,12,12,11,10,10,9,9,9,9,9,9,9,9,9,8,7,6,6,6,6,6,6
32DPR0133F,6,6,6,6,6,6,6,6,6,6,6,6,6,6,6,6,6,6,3,3,3,3
32DPR1596U,6,6,6,6,6,6,6,6,6,6,6,6,6,6,5,5,4,6,1,1,1,1
32DPR0350U,5,5,5,5,6,6,6,6,6,6,6,6,6,6,6,6,6,6,1,1,2,2
32EPR0162Z,7,7,7,8,8,8,8,8,8,8,8,8,8,9,9,9,9,9,9,9,9,9
32PPR0011Z,6,6,6,6,6,6,6,6,6,6,6,6,6,6,6,6,6,6,6,6,6,5
32DPR1338F,6,6,6,7,7,6,6,6,6,6,6,6,6,6,6,6,6,6,6,6,6,6
32DPR1774G,13,14,16,17,18,18,18,18,18,18,19,19,19,18,18,18,18,18,18,18,18,18
32DPR0139Z,6,6,6,6,6,6,6,6,6,6,6,6,6,6,6,6,6,6,6,6,6,6
32DPR0224X,6,6,6,6,6,6,6,6,6,6,6,6,6,6,6,6,6,6,2,2,2,2
32DPR1689J,6,6,6,6,6,6,6,6,6,6,6,6,6,6,6,6,6,6,4,4,4,5
32DPR0442K,6,6,6,6,6,6,6,6,6,6,6,6,6,6,6,6,6,6,4,4,4,4
32DPR0357N,6,6,6,6,6,6,6,6,6,6,6,6,6,6,6,6,6,6,6,1,1,1
32EPR0035D,6,6,6,6,6,6,6,6,6,6,6,6,6,6,6,6,6,6,6,6,6,6
32DPR1204Q,6,5,6,6,5,5,5,6,6,6,6,6,6,6,6,5,6,6,1,1,1,1
32EPR0168U,5,5,6,6,6,6,6,6,6,6,6,6,6,6,6,6,4,4,1,1,1,1
32DPR1337G,8,9,8,8,7,7,7,7,7,6,6,6,6,6,6,6,6,6,6,6,6,6
32DPR0223Y,6,6,6,6,6,6,6,6,6,6,6,5,5,6,6,6,6,6,6,1,1,1
32DPR2444W,6,6,6,6,6,6,6,6,6,6,6,6,6,6,6,6,6,6,6,6,6,7
32DPR2359Z,6,6,6,6,6,6,6,6,6,6,6,6,6,6,6,6,6,6,2,2,2,2
32DPR0441L,5,5,5,5,5,5,5,5,5,5,5,3,3,4,3,3,3,6,2,2,2,2
32EPR0036C,8,8,8,10,10,10,10,11,12,12,12,12,12,12,12,12,12,12,12,12,12,12
32DPR0006J,6,6,6,6,6,6,6,6,6,6,6,6,6,6,6,5,5,5,5,5,1,1
32DPR1469Y,6,6,6,6,6,5,6,6,6,6,6,5,5,5,5,5,5,6,6,1,1,1
32DPR2312E,1,1,1,1,1,1,1,1,1,2,2,2,2,4,3,2,2,1,1,1,1,1
32DPR0575A,3,3,3,3,3,3,3,3,3,3,3,3,3,3,3,3,3,6,2,1,1,1
32DPR1118U,6,6,6,6,6,6,6,6,6,6,6,6,6,6,6,6,6,6,1,1,1,1
32DPR2445V,6,6,6,6,6,6,6,6,6,6,6,6,6,6,6,6,6,6,2,2,2,2
32DPR1421E,5,5,6,6,6,6,6,6,5,6,6,6,6,6,6,5,5,5,1,1,1,2
32DPR0004L,6,6,6,6,6,6,6,6,6,6,6,6,6,6,6,6,6,6,1,1,1,1
32EPR0032G,9,9,7,8,6,6,6,6,6,6,7,7,7,7,8,9,9,10,10,10,11,11
32DPR0440M,18,18,19,19,19,19,19,19,19,19,19,19,19,19,19,19,19,19,19,19,19,19
32DPR1202S,6,6,6,6,6,6,6,6,6,6,5,5,5,6,6,6,6,6,1,1,1,1
32DPR0489E,8,8,8,7,7,6,6,6,6,6,6,6,6,6,6,6,6,6,6,6,6,6
32EPR0033F,6,6,6,6,6,6,6,6,6,6,6,6,6,6,6,6,6,6,6,6,6,6
32DPR0574B,14,14,15,15,15,15,15,15,15,15,15,15,15,15,15,15,15,15,15,15,15,15
32DPR0005K,10,10,11,11,12,12,12,12,12,12,12,12,12,12,12,12,12,12,12,12,12,12
32DPR0222Z,6,6,6,6,6,5,5,5,5,5,6,6,6,6,6,6,6,6,1,1,1,1
32EPR0165X,6,6,6,6,6,6,6,6,7,8,8,9,9,9,9,9,9,9,9,9,10,10
32DPR2228G,1,1,1,1,1,1,1,1,1,1,1,1,1,1,1,2,2,2,2,2,2,2
32DPR0138A,6,6,6,6,6,6,6,6,6,6,6,6,6,6,6,6,6,6,5,4,4,4
32DPR0790R,6,6,6,6,6,6,6,6,6,6,6,6,6,6,6,6,6,6,1,1,1,1
32DPR2446U,5,6,6,6,6,6,6,6,6,6,6,6,6,7,8,8,8,8,8,8,8,9
32EPR0166W,6,6,6,6,6,6,6,6,6,6,6,6,6,6,6,6,6,6,6,6,6,6
32DPR1420F,6,6,6,6,6,6,6,6,6,6,6,6,6,6,6,6,6,6,1,1,1,1
32DPR0003M,12,12,12,12,12,12,12,12,12,12,12,12,12,12,12,12,11,11,12,12,12,12
32DPR0488F,6,6,6,6,6,6,6,6,6,6,6,6,6,6,6,6,6,6,2,2,2,2
32DPR1201T,6,6,6,6,6,6,6,6,6,6,6,6,6,6,6,6,6,6,3,3,3,3
32DPR1116W,3,3,4,3,2,2,3,3,3,3,3,3,3,3,3,3,2,6,2,2,1,1
32DPR0573C,6,6,6,6,6,6,6,6,6,6,6,6,6,6,6,6,6,6,1,1,1,1
32EPR0034E,6,6,6,6,6,6,6,6,6,6,6,6,6,6,6,6,6,6,6,5,4,4
32DPR0221Z,6,6,6,6,5,5,5,6,6,6,6,6,6,6,5,5,5,6,1,1,1,1
32DPR1249M,10,10,10,10,10,10,11,12,12,12,12,12,12,12,12,12,12,12,15,16,16,17
32DPR1334J,6,6,6,6,6,6,6,6,6,6,6,6,6,6,6,6,6,6,2,2,2,2
32DPR0137B,8,8,9,10,10,10,10,9,9,9,9,9,9,10,9,9,8,7,7,6,6,6
32DPR2314C,6,6,6,6,6,6,6,6,6,6,6,6,6,6,6,6,6,6,1,1,1,1
32DPR1209L,6,6,6,6,6,6,6,6,6,6,6,6,6,6,6,5,5,5,1,1,1,1
32DPR2407S,10,11,12,12,12,12,13,13,13,13,13,13,13,13,13,13,13,13,13,13,13,13
32DPR0664U,6,6,6,6,6,6,6,6,6,6,6,6,6,6,6,6,6,6,2,2,2,2
32DPR0313Q,6,6,6,6,6,6,5,6,6,6,6,6,6,6,6,5,5,5,1,1,1,1
32DPR0228T,6,6,6,6,6,6,6,6,6,6,6,6,6,6,6,6,6,6,3,2,2,2
32DPR0798J,6,6,6,6,6,6,6,6,6,6,6,6,6,6,5,5,6,6,6,1,1,1
32DPR0532C,6,6,6,6,6,6,6,6,6,6,6,6,6,6,6,6,6,6,1,1,1,1
32DPR1426Z,6,6,6,6,6,6,6,6,6,6,6,7,7,7,7,7,7,6,6,6,7,7
32DPR1511X,6,6,6,6,6,6,6,6,6,6,6,6,6,6,6,6,6,6,1,1,1,1
32DPR0663V,6,6,6,6,6,6,6,6,6,6,6,6,6,6,6,6,6,6,3,3,3,3
32DPR0578Y,6,6,6,6,6,6,6,6,6,6,6,6,6,6,6,6,6,6,6,6,6,5
32DPR1208M,15,15,14,13,14,14,14,14,15,15,14,13,13,13,12,12,11,11,11,11,11,12
32EPR0124X,12,11,11,11,11,11,11,10,10,10,10,10,10,10,10,10,9,8,8,8,7,7
32DPR0312R,6,6,7,7,6,6,6,6,6,6,6,6,6,6,6,6,6,6,6,6,6,6
32DPR0796L,6,6,6,6,6,6,6,6,6,6,6,6,6,6,6,6,6,6,6,4,4,4
32DPR0881I,6,6,6,6,6,6,6,6,6,6,6,6,6,6,6,6,5,5,1,1,1,1
32DPR0227U,8,8,8,8,9,8,7,6,6,5,5,5,5,5,5,4,4,5,5,4,4,4
32DPR0446G,6,6,6,6,6,6,6,5,5,6,6,6,6,6,5,5,5,4,1,1,1,1
32DPR0882H,3,3,6,6,6,6,6,6,6,6,6,6,6,6,6,6,6,6,1,1,1,1
32DPR0797K,3,3,3,3,3,3,2,2,4,4,4,4,4,5,5,6,6,6,4,4,4,4
32DPR0531D,6,6,6,6,6,6,6,6,6,6,6,6,6,6,6,6,6,6,1,1,1,1
32DPR2409Q,6,6,6,6,6,6,6,6,6,6,6,6,6,6,6,6,6,6,6,6,6,6
32DPR1558R,6,6,6,6,6,6,6,6,6,6,6,6,6,6,6,6,6,6,2,2,2,2
32DPR0577Z,6,6,6,6,6,5,5,5,5,6,6,6,6,6,6,6,6,6,1,1,1,1
32DPR0662W,6,6,6,6,6,6,6,6,6,5,6,6,6,6,6,6,6,6,1,1,1,1
32DPR1861B,6,6,6,6,6,6,6,6,6,6,6,6,6,6,6,6,6,6,6,6,6,6
32DPR0226V,7,7,7,7,7,6,6,6,6,6,6,6,6,6,6,6,6,6,6,6,6,6
32DPR2097E,8,7,6,6,6,6,6,6,6,6,6,6,6,6,6,6,6,6,6,6,6,6
32DPR0880J,19,19,19,19,19,18,18,19,19,19,19,19,19,19,19,18,18,18,18,18,18,18
32DPR0795M,6,6,6,6,6,6,6,6,6,6,6,6,6,6,6,6,6,6,4,3,3,3
32DPR0530E,6,6,6,6,6,6,6,6,5,6,6,6,6,4,4,3,4,5,1,1,1,1
32DPR0445H,6,6,6,6,6,6,6,6,6,6,6,6,6,6,6,6,6,6,2,2,2,2
32DPR1993T,6,6,6,6,6,6,6,6,6,6,6,6,6,6,6,6,6,6,1,1,1,1
32DPR1206O,6,6,6,6,6,6,6,6,6,6,6,6,6,6,6,6,6,6,3,3,3,3
32DPR1860C,1,1,1,1,2,2,2,4,3,3,3,3,3,3,3,3,3,3,1,1,1,1
32DPR0310T,6,4,5,5,5,5,5,4,5,4,4,4,4,4,2,3,3,3,2,2,2,2
32DPR0225W,6,6,6,6,6,6,6,6,6,6,6,6,6,6,6,6,6,6,3,3,3,3
32DPR0794N,19,19,19,19,19,19,19,19,19,19,16,18,18,18,18,18,17,17,17,17,17,17
32DPR0358M,6,6,6,6,6,6,6,6,5,5,5,5,5,6,6,6,6,6,6,1,1,1
32DPR0443J,6,6,6,6,6,6,6,6,6,6,6,6,6,6,6,6,6,6,2,2,2,2
32DPR1339E,6,6,6,6,6,6,6,6,6,6,6,6,6,6,6,6,6,1,1,1,1,1
32DPR1424B,6,6,6,6,6,6,6,6,6,6,6,6,6,6,6,6,6,5,1,1,1,1
32DPR0008H,6,6,6,6,6,6,6,6,6,6,6,6,6,6,6,6,6,6,6,6,6,6
32DPR0444I,5,6,5,5,5,5,5,5,5,5,6,6,6,6,6,6,6,6,1,1,1,1
32DPR0359L,6,6,6,6,6,6,6,6,6,6,6,6,6,6,6,6,6,6,2,2,2,2
32EPR0122Z,10,10,10,10,11,11,11,11,11,11,11,12,12,12,11,11,11,11,11,11,10,9
32DPR1205P,6,6,6,6,6,6,6,6,6,6,5,5,5,5,5,5,5,5,1,1,1,1
32DPR0661X,6,6,6,6,6,6,6,6,6,6,6,6,6,6,6,6,6,6,3,3,3,3
32DPR0535Z,3,3,3,3,4,4,5,5,4,4,4,5,5,5,5,5,6,6,6,6,6,6
32DPR0620X,9,9,9,9,9,9,9,9,9,9,9,9,9,9,9,9,9,9,9,9,9,9
32DPR1070R,6,6,6,6,6,6,6,6,6,5,5,5,5,6,6,6,6,6,1,1,1,1
32DPR2403W,5,5,6,6,6,6,6,6,6,6,6,6,6,6,6,6,6,6,1,1,1,1
32DPR0668Q,6,6,6,6,6,6,6,6,6,6,6,6,6,6,4,5,5,5,1,1,1,1
32DPR0403I,6,6,6,6,6,6,6,6,6,6,6,6,6,6,6,6,6,6,2,2,2,2
32DPR0318L,5,5,5,5,5,5,5,5,5,4,4,6,6,6,6,6,6,6,2,2,3,3
32DPR0090Y,6,6,6,6,6,6,6,6,6,6,6,6,6,6,6,6,6,6,2,2,2,2
32DPR0887C,6,6,6,6,6,6,6,6,6,6,6,6,6,6,6,6,6,6,2,2,2,2
32DPR1515T,12,12,12,12,12,12,12,12,12,12,12,12,12,12,12,10,10,10,11,12,12,11
32DPR0667R,6,6,6,6,6,6,6,6,6,6,6,6,6,6,6,6,6,6,3,3,3,3
32DPR2319Y,6,6,6,6,6,6,6,6,6,6,6,6,6,6,6,6,6,6,3,3,3,3
32DPR2404V,6,6,4,4,5,5,6,6,6,5,5,5,5,5,4,6,6,6,6,6,6,6
32DPR0317M,6,6,6,6,6,6,6,6,6,6,6,6,6,6,6,6,6,6,1,1,1,1
32DPR0402J,6,6,6,6,6,6,6,6,6,6,6,6,6,6,6,6,6,6,3,3,3,3
32DPR0971A,10,10,10,9,9,9,9,9,9,9,9,10,10,10,10,10,12,12,13,13,12,12
32DPR1998O,2,2,2,2,2,2,1,1,1,1,2,1,1,2,2,3,3,3,3,3,3,3
32DPR0666S,3,3,2,1,2,2,2,2,2,1,1,3,3,3,3,3,3,3,1,1,1,1
32DPR0315O,6,6,5,5,5,5,5,6,6,6,6,6,6,6,6,6,6,6,1,1,1,1
32DPR0400L,6,6,6,6,6,6,6,6,6,6,14,6,6,6,6,6,6,6,1,1,1,1
32DPR0751P,6,6,6,6,6,6,6,6,6,6,6,6,6,6,6,6,6,6,4,4,4,5
32DPR2093I,6,6,6,6,6,6,6,6,6,6,6,6,6,6,6,6,6,6,3,3,3,3
32DPR0316N,8,8,8,9,8,8,7,6,7,7,7,7,7,7,7,6,6,7,7,7,7,7
32DPR0401K,7,7,7,7,7,8,8,10,11,11,10,11,11,9,8,8,8,8,9,9,9,9
32DPR0885E,6,6,6,6,6,6,6,6,6,6,6,6,6,6,6,6,6,6,2,2,2,2
32DPR0970B,6,6,6,6,6,6,6,6,6,6,6,6,6,6,6,6,6,6,1,1,1,1
32DPR0534A,6,6,6,6,6,6,6,6,6,6,6,6,6,6,6,6,6,6,2,2,2,2
32DPR0665T,6,6,6,6,6,6,6,6,6,6,6,6,6,6,6,6,6,2,2,2,2,2
32DPR1731I,6,6,6,6,6,6,6,6,6,6,6,6,6,6,6,6,6,5,5,5,5,5
32DPR0229S,11,11,11,11,11,11,11,11,11,11,11,11,11,11,11,12,12,12,12,12,12,12
32DPR1512W,6,6,6,6,5,5,6,6,6,6,5,6,6,6,6,6,6,6,1,1,1,1
32DPR1863Z,3,3,3,3,3,3,3,3,2,2,2,1,1,1,1,2,1,1,1,1,1,1
32DPR0884F,6,6,6,6,6,6,5,5,4,4,4,5,5,5,6,6,6,6,6,6,6,6
32DPR0799I,12,12,12,12,12,12,12,12,12,13,13,13,13,13,13,13,13,13,13,13,13,13
32PPR0100T,6,6,6,6,6,6,6,6,6,5,5,6,6,6,6,6,6,6,3,3,4,4
32DPR1996Q,6,6,6,6,6,6,5,4,5,5,5,6,6,5,6,6,6,6,1,1,1,1
32DPR0448E,6,6,6,5,6,6,6,6,6,6,6,6,6,6,6,6,6,6,1,1,1,1
32DPR1944K,6,6,6,7,7,7,7,7,7,7,7,7,7,7,8,8,8,8,9,10,10,9
32DPR0082P,6,5,6,6,6,6,5,6,6,6,6,5,5,6,6,6,6,6,1,1,1,1
32DPR2394E,6,6,6,6,6,6,6,6,7,8,9,10,10,12,12,12,12,12,12,12,12,12
32DPR1859N,2,2,2,2,2,2,2,2,2,2,2,2,2,2,2,2,1,1,1,1,1,1
32DPR0878V,12,12,11,10,11,11,11,11,10,10,10,8,8,6,6,6,6,6,5,5,3,3
32DPR2176R,2,2,3,2,2,2,1,1,1,1,1,2,2,1,2,1,1,1,1,1,1,1
32DPR1508J,6,6,6,5,5,6,6,5,5,6,6,6,6,6,6,4,6,6,1,1,1,1
32DPR0527R,6,6,6,6,6,6,6,6,6,6,6,6,6,5,6,5,5,5,1,1,1,1
32DPR1280W,5,4,4,6,6,6,6,6,5,6,6,6,6,6,4,4,6,6,1,1,1,1
32DPR1725Y,13,13,13,14,15,15,15,16,16,16,16,18,18,18,19,19,19,20,20,20,20,20
32DPR0528Q,3,4,4,6,6,5,6,5,6,6,6,6,6,6,6,6,6,6,1,1,1,1
32DPR0613N,6,6,6,6,6,6,6,6,6,6,6,6,6,6,6,6,6,6,1,1,1,1
32DPR0831A,6,6,6,6,6,6,6,6,6,6,6,6,6,6,6,6,6,6,3,3,3,3
32DPR0746D,6,6,6,6,6,6,6,6,6,6,6,6,6,6,6,6,6,6,1,1,1,1
32DPR1062I,6,6,6,6,6,6,6,6,6,6,6,6,6,6,6,5,4,4,4,1,1,1
32DPR1194Z,6,6,6,6,6,6,6,6,6,6,6,6,6,6,6,6,6,6,6,5,5,5
32DPR1943L,6,6,6,6,6,6,6,6,6,6,6,6,6,6,6,6,6,5,5,1,1,1
32DPR1858O,12,12,12,12,12,12,12,12,12,12,12,12,12,12,12,10,9,8,8,8,7,8
32DPR0877W,6,6,6,6,6,6,6,6,6,6,6,5,5,5,6,6,6,6,1,1,1,1
32DPR0962T,6,6,6,6,6,6,6,5,5,5,5,6,6,6,6,6,6,6,1,1,1,1
32DPR2395D,6,6,6,6,6,6,6,6,6,6,6,6,6,6,6,6,6,5,1,2,2,2
32DPR0526S,6,6,6,6,6,6,6,6,6,5,6,6,6,6,6,6,6,5,1,1,1,1
32DPR0611P,6,6,6,6,6,6,6,6,6,6,6,5,5,5,5,4,5,5,1,1,1,1
32DPR1061J,6,6,5,5,6,6,6,6,6,6,6,6,6,5,6,6,6,6,1,1,1,1
32DPR0309D,6,6,6,6,6,6,6,6,6,6,6,6,6,6,6,6,6,6,2,2,2,2
32DPR0745E,6,6,6,6,6,6,6,6,6,6,6,6,6,6,6,5,6,5,1,1,1,1
32DPR1506L,6,6,6,6,6,6,6,6,6,6,6,6,6,6,6,6,6,6,1,1,1,1
32DPR0876X,6,6,6,6,6,6,6,6,6,6,6,6,6,6,6,6,6,6,2,2,2,2
32DPR0525T,6,6,6,6,6,6,6,6,6,6,6,6,6,6,6,6,6,6,2,2,2,2
32DPR0610Q,7,7,7,6,6,6,6,6,6,6,6,5,5,4,4,4,5,6,6,6,6,6
32DPR1060K,9,7,7,8,10,10,10,11,12,14,14,14,14,14,14,12,12,13,13,13,13,13
32EPR0118M,12,12,12,12,12,12,12,12,12,12,12,12,12,12,12,12,12,12,12,12,12,12
32DPR0308E,6,6,6,6,6,6,6,6,6,6,6,6,6,6,6,6,6,6,2,2,2,2
32DPR1193A,6,6,6,6,6,6,6,6,6,6,6,6,6,6,6,6,6,6,3,2,2,2
32DPR0080R,6,6,6,6,6,6,6,6,6,6,6,6,6,6,6,6,6,6,6,1,1,1
32DPR2397B,6,6,6,6,5,5,5,5,5,5,6,6,6,6,6,6,6,6,1,1,1,1
32DPR0875Y,4,4,4,4,4,4,4,4,4,4,4,3,3,3,3,3,3,3,2,2,2,2
32DPR0960V,6,6,6,6,6,6,6,5,5,5,5,6,6,6,6,6,6,6,1,1,1,1
32DPR1505M,7,7,7,7,7,8,8,8,8,8,8,8,8,8,8,8,8,8,8,8,8,8
32DPR0524U,6,6,6,6,6,6,6,6,6,6,6,6,6,6,6,6,6,6,4,4,4,4
32DPR0439X,3,3,3,3,3,3,6,6,6,5,5,6,6,6,6,6,6,5,1,1,1,1
32EPR0119L,18,18,18,18,18,17,18,18,19,19,19,19,19,19,19,19,19,19,19,19,18,18
32DPR2131V,3,3,3,4,3,3,3,3,3,3,3,3,3,3,3,3,3,3,3,3,3,3
32DPR0658J,10,11,10,9,9,9,9,9,10,10,11,11,11,12,12,12,12,12,12,12,12,12
32DPR0743G,6,6,6,6,6,6,6,6,6,6,6,6,6,6,6,6,6,6,1,1,1,1
32DPR2398A,6,6,6,6,5,6,6,5,5,4,4,4,4,6,6,6,6,6,1,1,1,1
32DPR0307F,6,6,6,6,6,6,6,6,6,6,6,6,6,6,6,6,6,6,1,1,1,1
32DPR1855R,12,12,12,12,12,12,11,12,12,12,12,12,12,12,12,12,12,12,12,12,12,12
32DPR1900N,2,2,2,2,2,3,3,3,3,3,3,4,4,3,3,3,3,3,3,3,3,3
32DPR0834Y,6,6,6,6,6,6,6,6,6,6,6,6,6,6,6,6,6,6,4,4,4,4
32DPR1152A,6,6,6,6,6,6,6,6,6,6,6,6,6,6,6,6,6,6,2,3,3,3
32DPR1067D,6,6,6,6,6,6,6,6,6,6,6,6,6,6,6,6,6,6,6,6,6,6
32DPR2390I,6,6,6,7,7,6,6,6,6,7,7,7,7,7,7,6,6,6,6,6,6,6
32DPR0171I,9,10,9,7,7,6,6,6,6,6,6,6,6,6,6,9,8,9,9,10,11,11
32DPR0968N,9,10,10,10,10,10,10,10,10,10,11,11,11,12,12,12,12,11,12,12,12,12
32DPR1199V,6,6,6,6,6,6,6,6,6,6,6,6,6,6,6,6,6,6,2,2,2,2
32DPR0702G,16,17,18,18,18,18,18,18,18,18,18,18,18,18,18,18,18,18,18,18,18,18
32DPR0170J,11,12,12,12,12,12,11,11,11,11,10,10,10,12,12,12,12,12,12,12,12,12
32DPR0749A,21,21,21,21,21,22,23,23,24,24,24,24,24,24,24,24,24,24,24,24,24,24
32DPR1151B,6,6,6,6,6,6,6,6,6,6,6,6,6,6,6,6,6,6,2,2,2,2
32DPR1283T,6,6,6,6,6,6,6,6,6,6,6,6,6,6,6,6,6,6,4,4,4,4
32DPR1198W,6,6,6,6,5,6,6,6,5,5,6,6,6,6,6,6,6,6,1,1,1,1
32DPR1947H,6,6,6,6,6,6,6,6,6,6,6,6,6,6,6,6,6,6,6,3,3,3
32DPR0966P,6,6,6,6,6,6,6,6,6,6,6,6,6,6,6,6,6,6,2,2,2,1
32DPR2391H,6,7,8,10,10,11,11,12,12,12,12,12,12,12,12,12,12,15,15,14,14,14
32DPR0967O,6,6,6,6,6,6,6,6,6,6,6,6,6,6,6,6,6,6,2,2,2,3
32DPR0701H,6,6,6,6,6,6,6,6,6,6,6,6,6,6,6,6,6,6,3,3,3,3
32DPR0616K,6,6,6,6,6,6,6,6,6,6,6,6,6,6,6,6,6,6,1,1,1,1
32DPR1813S,6,6,6,6,6,6,6,6,6,6,6,6,6,6,6,6,6,6,6,6,6,6
32DPR1150C,6,6,6,6,6,6,6,5,6,6,5,6,6,6,6,6,6,6,1,2,2,2
32DPR0832Z,6,6,6,6,6,6,6,6,6,6,6,6,6,6,6,6,6,6,1,1,1,1
32DPR0084N,6,6,6,6,6,6,6,6,6,6,6,6,6,6,6,6,6,6,2,2,2,2
32DPR1282U,6,6,6,6,6,6,6,6,6,6,6,6,6,6,6,6,6,6,3,2,2,2
32DPR1197X,6,6,6,6,6,6,6,6,6,6,6,6,6,6,6,6,6,6,5,5,5,5
32DPR0700I,6,6,6,6,6,6,6,6,6,6,6,6,6,6,5,6,6,6,1,1,1,1
32DPR2174T,2,2,2,2,2,2,2,2,2,2,2,3,3,3,3,3,3,3,3,3,3,3
32DPR0748B,6,6,6,6,6,6,6,6,6,6,6,7,7,6,6,6,6,6,6,6,6,6
32DPR1812T,7,7,8,8,8,8,8,8,8,8,8,8,8,7,6,7,8,7,7,7,7,7
32DPR2393F,6,6,6,6,6,6,6,6,6,6,6,6,6,6,6,6,6,6,6,6,6,6
32DPR1945J,6,6,6,6,6,6,6,6,6,6,6,6,6,6,6,6,6,6,2,2,2,2
32DPR0879U,6,6,6,6,6,6,6,6,5,5,5,5,5,5,5,6,6,6,1,1,1,1
32DPR0964R,10,10,10,9,9,9,8,8,7,6,7,7,7,7,8,8,9,10,11,12,12,12
32DPR1509I,6,6,6,4,4,4,4,4,6,6,6,6,6,6,6,6,6,4,5,5,5,5
32DPR0529P,5,5,5,5,5,5,5,5,5,5,5,5,5,6,5,5,6,6,6,6,6,6
32PPR0109K,7,7,6,6,6,6,6,6,6,6,6,6,6,6,6,6,6,6,6,6,6,6
32DPR1726X,10,9,8,8,6,6,6,6,6,7,8,9,9,9,9,8,7,7,7,6,6,6
32DPR1811U,7,7,7,7,7,7,7,8,8,8,8,8,8,8,8,8,8,8,8,8,8,8
32DPR1063H,6,6,6,6,6,6,6,6,6,6,6,6,6,6,6,6,6,6,2,2,2,2
32DPR0747C,6,7,7,7,7,6,7,6,6,6,6,6,6,6,6,6,6,6,3,3,3,3
32EPR0070J,15,15,15,15,15,15,16,16,17,17,17,17,17,18,15,14,14,13,12,12,12,12
32DPR0706C,6,6,6,6,6,6,6,6,6,6,6,6,6,6,6,6,6,6,5,5,5,6
32DPR0393S,6,6,6,6,6,6,6,6,6,7,7,7,7,8,9,7,7,7,6,6,6,6
32DPR1155Y,6,6,6,6,6,6,6,6,6,6,6,6,6,6,6,6,6,6,6,6,6,6
32DPR0923R,15,15,15,15,15,15,15,15,15,16,15,15,15,15,15,14,14,13,12,12,12,12
32DPR0924Q,12,12,11,10,10,9,8,8,7,8,8,8,8,8,8,6,3,3,3,3,3,3
32DPR0839T,8,8,7,6,6,6,6,6,6,6,6,6,6,6,6,6,6,6,6,6,6,6
32PPR0067B,6,6,6,6,6,6,6,6,6,6,6,6,6,6,6,6,6,6,6,6,6,6
32DPR0176D,6,6,6,6,6,6,6,6,6,6,6,6,6,6,6,6,6,6,6,6,6,6
32DPR1022H,6,6,6,6,6,6,6,6,6,6,6,6,6,6,6,6,6,6,2,2,2,2
32DPR1373L,6,6,6,6,6,6,6,6,6,6,6,6,6,6,6,6,6,6,4,4,4,4
32DPR1288O,6,6,6,6,6,6,6,6,6,6,6,6,6,6,6,6,6,6,2,2,2,2
32PPR0066C,7,7,7,8,8,8,8,8,8,8,8,8,8,6,6,6,6,6,6,6,7,6
32DPR0089I,6,6,6,6,6,6,6,6,6,6,6,6,6,6,6,6,6,6,2,2,2,3
32DPR0174F,7,6,8,9,9,8,8,9,9,9,9,9,9,9,10,9,10,11,11,12,12,12
32DPR1154Z,12,12,12,12,12,12,12,12,12,12,12,12,12,12,12,12,12,12,12,12,12,12
32EPR0071I,13,13,13,13,14,14,14,14,14,14,13,13,13,12,12,10,10,9,11,8,8,9
32DPR0922S,18,18,18,18,18,18,18,18,18,18,18,18,18,18,18,18,18,18,18,18,18,18
32DPR0837V,7,7,6,6,6,6,6,6,6,7,7,7,7,8,8,7,7,7,8,9,10,10
32DPR1287P,6,6,6,6,6,6,6,6,6,6,6,6,6,6,6,6,6,6,2,2,2,2
32DPR1372M,4,4,4,5,4,4,4,4,4,5,5,7,7,7,7,7,8,7,7,7,7,6
32DPR0260B,6,6,6,6,6,6,6,6,6,6,6,6,6,6,6,6,6,6,2,2,2,2
32DPR0175E,6,6,6,6,6,6,6,6,6,6,6,6,6,6,6,6,6,6,3,3,3,3
32DPR0392T,6,6,6,6,6,6,6,6,6,6,6,6,6,6,6,6,6,6,2,3,3,3
32DPR1021I,6,6,6,6,6,6,6,6,6,7,7,7,7,7,7,6,6,6,6,6,6,6
32DPR0705D,6,6,6,6,6,6,6,6,6,6,6,6,6,6,6,6,6,6,3,3,3,3
32DPR1069B,6,6,6,6,6,6,6,6,6,6,6,6,6,6,6,6,6,6,4,4,4,4
32DPR0836W,8,8,8,8,8,8,8,8,8,8,9,9,9,11,11,12,12,12,12,12,12,12
32DPR0173G,6,6,6,6,6,6,6,6,6,6,6,6,6,6,6,6,6,6,6,6,6,6
32DPR0088J,11,12,12,12,12,12,12,11,11,11,11,11,11,11,11,8,6,6,6,6,7,7
32DPR0921T,13,13,14,16,16,18,18,18,18,18,18,18,18,18,18,18,18,18,18,18,18,18
32DPR1153Z,6,6,6,6,6,6,6,6,6,6,6,6,6,6,6,6,6,6,6,6,6,6
32DPR2357A,7,7,7,6,6,6,6,6,6,6,6,6,6,6,6,6,6,6,6,6,6,6
32DPR1371N,6,6,6,6,6,6,6,6,6,6,6,6,6,6,6,6,6,6,4,4,4,4
32DPR0391U,6,6,6,6,6,6,6,6,6,6,6,6,6,6,6,6,6,6,2,2,2,2
32DPR2441Z,6,6,6,6,6,6,6,7,7,8,8,9,9,12,12,12,12,12,13,13,13,13
32DPR1020J,9,9,9,9,9,9,9,10,10,10,10,10,10,10,9,9,10,10,11,12,11,11
32DPR0704E,6,6,6,6,6,6,6,6,6,6,6,6,6,6,6,6,6,6,1,1,1,2
32DPR0619H,6,6,6,5,5,5,5,5,5,5,6,6,6,6,6,6,6,5,1,1,1,1
32DPR1901M,6,6,6,6,6,6,6,6,6,6,6,6,6,6,6,6,6,6,1,1,1,1
32DPR1068C,6,6,6,6,6,6,6,6,6,6,6,6,6,5,6,6,6,6,1,1,1,1
32DPR0920U,13,13,13,13,13,13,13,14,14,14,14,14,14,14,14,14,14,14,14,14,14,14
32DPR0835X,9,10,8,8,7,7,7,7,7,7,7,6,6,7,6,6,6,6,6,6,6,6
32PPR0064E,18,18,18,18,18,17,16,13,12,12,12,11,11,11,7,7,7,7,9,11,11,11
32DPR0172H,6,6,6,6,6,6,6,6,6,6,6,6,6,6,6,6,6,6,2,2,2,2
32DPR0087K,6,6,5,5,5,5,5,6,6,6,6,6,6,6,6,6,6,6,1,1,1,1
32DPR0969M,5,5,5,5,5,5,5,5,5,5,5,5,5,5,5,5,4,6,3,3,3,3
32DPR1370O,6,6,6,6,6,6,6,6,6,7,7,7,7,7,7,6,6,6,6,6,6,6
32DPR1285R,4,4,4,3,6,5,4,6,6,6,6,6,6,6,5,6,6,6,1,1,1,1
32DPR0703F,6,6,6,6,6,6,5,6,5,6,6,5,5,4,5,6,6,6,1,1,1,1
32DPR2442Y,5,6,7,7,7,8,9,9,9,9,10,10,10,12,12,12,12,12,12,12,12,12
32DPR0390V,5,5,5,5,5,5,5,6,5,5,5,5,5,5,5,4,6,6,3,3,3,3
32DPR1027C,13,12,13,13,13,13,14,13,12,13,13,13,13,13,13,13,13,13,13,13,13,12
32DPR1463D,6,6,6,6,6,6,6,6,6,6,6,6,6,6,6,6,6,6,3,3,3,3
32DPR0046K,6,6,6,6,6,6,6,6,6,6,6,6,6,5,5,5,5,5,1,1,1,1
32DPR0131H,8,9,9,10,9,10,9,9,9,9,9,9,9,10,11,10,12,12,12,12,12,12
32EPR0074F,12,12,12,12,12,12,12,12,12,12,12,12,12,12,12,12,12,12,12,11,11,11
32DPR0397O,6,6,6,6,6,6,6,6,6,6,6,6,6,6,6,6,6,6,2,2,2,2
32DPR0709Z,12,12,12,12,12,12,12,12,12,12,12,12,12,12,12,12,12,12,12,12,12,12
32PPR0063F,6,6,6,6,6,6,6,6,6,6,6,6,6,6,6,6,6,6,6,6,6,6
32DPR1159U,6,6,6,6,6,6,6,6,6,6,6,6,6,6,6,6,6,6,3,3,3,3
32DPR1908F,6,6,6,6,6,6,6,6,6,6,6,6,6,6,6,6,6,6,1,1,2,2
32EPR0075E,6,6,6,7,7,7,7,7,7,7,7,7,7,7,7,7,7,7,7,7,7,7
32EPR0160B,10,10,10,10,10,11,12,12,12,12,12,12,12,12,12,12,12,12,12,12,12,12
32DPR1680S,6,6,6,6,6,6,6,6,6,6,6,6,6,6,6,6,6,6,1,1,1,1
32DPR0264Y,7,6,7,6,6,6,6,6,7,7,6,6,6,6,6,6,6,6,6,6,6,5
32DPR2000C,6,6,7,8,9,10,11,11,12,12,12,12,12,12,12,12,12,12,12,12,12,12
32DPR0928M,13,13,13,13,13,13,13,13,13,13,13,13,13,13,13,13,13,13,13,13,13,13
32PPR0062G,12,12,12,12,12,12,12,12,12,12,12,12,12,12,12,12,12,12,11,12,12,12
32DPR0396P,7,7,7,8,8,9,10,10,10,10,11,12,12,13,12,12,12,13,13,13,13,13
32DPR1111A,7,6,6,6,6,6,6,6,6,6,6,6,6,6,6,6,6,6,6,6,6,6
32DPR0481M,12,12,12,13,13,13,13,13,13,13,13,13,13,13,13,13,13,13,13,13,13,13
32DPR1377H,6,6,6,6,6,6,5,6,6,6,6,6,6,6,6,6,6,6,1,1,2,2
32DPR1907G,6,6,6,6,6,6,6,6,6,6,6,6,6,6,6,6,6,6,1,1,1,1
32DPR0130I,6,6,6,6,6,6,6,6,6,6,6,6,6,6,6,6,6,6,1,1,2,2
32DPR1158V,6,6,6,6,6,6,6,6,6,6,6,6,6,6,6,6,6,6,4,5,5,5
32DPR1243S,6,6,6,6,6,6,6,6,6,6,6,6,6,6,6,6,6,1,1,1,1,1
32DPR2399Z,8,7,8,10,12,12,12,12,12,12,12,12,12,12,12,12,12,12,12,12,12,12
32EPR0076D,8,6,6,6,6,6,6,6,6,6,6,6,6,6,6,6,6,6,2,2,2,2
32DPR1376I,6,6,6,6,6,6,6,6,6,6,6,6,6,6,6,6,6,6,2,2,2,2
32DPR0263Z,6,6,6,6,6,5,5,6,6,6,6,6,6,6,6,6,6,6,1,1,1,1
32DPR0480N,6,6,6,5,5,5,6,6,6,6,6,6,6,5,5,5,5,5,1,1,1,1
32DPR0395Q,6,6,6,6,5,6,6,6,6,6,6,6,6,6,6,6,6,6,1,1,1,1
32DPR1025E,11,11,11,12,12,14,11,12,12,12,12,12,12,12,12,12,12,12,12,11,11,11
32DPR1110B,6,6,6,6,6,6,6,6,6,6,6,6,6,6,6,6,6,6,6,6,6,6
32EPR0072H,13,13,13,15,15,15,15,16,16,16,16,16,16,16,14,13,13,13,13,13,12,13
32DPR0178B,6,6,6,6,6,6,6,6,6,6,6,6,6,6,6,6,6,6,2,2,2,2
32DPR1157W,9,9,9,9,9,9,8,9,9,9,8,9,9,9,9,9,12,12,12,12,12,12
32DPR1242T,6,6,6,6,6,6,6,6,6,6,6,6,6,6,6,6,6,6,6,6,6,6
32DPR2353E,11,11,11,10,10,10,10,11,12,13,14,14,14,15,14,13,12,12,11,12,12,12
32DPR1375J,8,8,7,6,6,6,6,6,6,6,6,6,6,6,6,6,6,6,7,8,8,9
32DPR0262Z,6,6,6,6,6,6,6,6,6,6,6,6,6,6,6,6,6,6,5,5,5,5
32DPR0707B,6,6,6,6,6,6,6,6,6,6,6,6,6,6,6,6,6,1,1,1,1,1
32DPR1024F,6,6,6,6,6,6,6,6,6,5,6,6,6,6,6,6,6,1,1,1,1,1
32DPR0394R,6,6,6,6,6,6,7,6,6,6,6,6,6,6,6,6,6,6,5,5,6,6
32DPR1156X,6,6,6,6,6,6,6,6,6,6,6,6,6,6,6,6,6,6,5,5,5,5
32EPR0073G,14,14,14,14,13,14,14,14,14,14,14,14,14,15,15,14,14,14,14,14,14,14
32DPR1241U,6,6,6,6,6,6,6,6,6,6,6,6,6,6,6,6,6,6,6,2,2,2
32DPR0177C,6,6,7,7,8,9,10,11,11,11,10,9,9,9,9,9,9,8,8,8,9,9
32DPR0925P,9,12,12,12,12,11,11,10,10,10,11,11,11,10,10,7,7,7,7,7,6,8
32DPR1023G,7,7,7,6,6,6,6,6,6,7,7,7,7,8,9,8,7,7,7,7,6,6
32DPR2269G,4,5,5,5,6,6,6,6,6,6,6,6,6,6,6,6,6,6,6,6,6,6
32DPR1289N,5,6,6,5,5,5,5,5,5,5,5,5,5,6,6,6,6,6,1,1,1,1
32DPR1374K,6,6,6,6,6,6,6,6,6,6,6,6,6,6,6,6,6,6,3,3,3,3
32PPR0003R,6,6,6,6,6,6,6,6,6,6,6,6,6,6,6,6,6,5,1,1,1,1
32DPR1237H,6,6,6,6,6,6,6,6,6,6,6,6,6,6,6,6,6,6,2,2,2,2
32DPR0692Q,4,4,4,4,5,4,4,4,4,4,4,4,4,3,4,4,4,4,2,2,3,3
32DPR0256P,7,7,7,6,6,6,6,6,6,6,6,6,6,6,6,6,6,6,6,6,6,6
32DPR2435O,6,6,6,6,6,6,6,6,7,9,11,12,12,12,12,12,12,12,12,12,12,12
32DPR0341M,6,6,6,6,6,6,6,6,6,6,6,6,6,6,5,5,5,5,1,1,1,1
32DPR1103S,4,4,4,4,4,5,5,5,5,5,5,5,5,5,5,5,6,6,5,5,5,5
32DPR1018V,6,6,6,6,6,6,6,6,6,6,6,6,6,7,7,7,7,7,8,9,9,10
32DPR0475B,7,7,7,7,7,7,7,7,7,7,8,8,8,9,8,10,9,10,10,10,10,9
32DPR1369Z,6,6,6,6,6,6,6,6,6,5,5,5,5,5,6,6,6,6,1,1,1,1
32DPR1454W,6,6,6,6,6,6,6,6,6,6,6,6,6,6,6,6,6,6,3,3,3,3
32DPR1672J,6,6,5,5,5,6,6,6,6,6,6,6,6,5,6,6,6,6,1,1,1,1
32EPR0151U,8,8,6,6,6,6,6,6,6,6,6,6,6,6,6,6,6,6,4,3,2,2
32DPR0039A,6,6,6,6,6,6,6,6,6,6,6,6,6,6,6,6,6,6,1,1,1,1
32DPR0919E,12,12,12,12,12,12,12,12,12,13,13,13,13,14,15,15,15,15,16,16,16,16
32EPR0152T,12,12,12,12,12,12,11,11,11,11,12,12,12,12,12,12,12,12,12,12,12,12
32DPR1236I,6,6,6,6,6,6,6,6,6,6,6,6,6,6,6,6,6,6,3,3,3,3
32DPR1321F,6,5,6,6,6,6,6,6,6,6,6,6,6,6,6,6,6,6,6,6,6,6
32DPR1453X,6,6,6,6,6,6,6,6,6,6,6,6,6,6,6,6,6,6,2,2,2,2
32DPR2436N,6,6,6,6,6,6,6,5,6,6,5,5,5,6,6,6,6,6,2,2,2,2
32DPR0474C,6,6,6,6,6,6,6,6,5,6,6,5,5,5,5,6,5,5,1,1,1,1
32DPR0389F,6,6,6,6,6,7,7,7,7,7,7,6,6,8,8,8,7,6,6,6,6,6
32DPR1102T,9,9,9,9,9,9,9,9,9,9,9,10,10,10,11,11,11,12,12,13,13,13
32DPR1017W,11,11,12,12,12,12,12,12,11,11,12,11,11,12,12,12,12,12,12,12,12,12
32EPR0020B,12,12,12,12,12,12,12,12,11,11,10,10,10,10,10,9,10,10,11,12,12,12
32PPR0001T,6,6,6,6,6,6,6,6,6,6,6,6,6,6,6,6,6,6,6,6,6,6
32DPR0122Z,6,6,6,6,6,6,6,6,6,6,6,6,6,6,6,6,6,6,3,4,4,4
32DPR1320G,6,6,6,6,6,6,6,6,6,6,6,6,6,6,6,6,6,6,2,2,2,2
32DPR1235J,6,6,6,6,6,6,6,6,6,6,6,6,6,6,6,6,6,6,6,6,6,6
32DPR1671K,6,6,6,6,6,6,7,7,7,16,6,6,6,6,7,7,8,8,8,8,8,8
32DPR0169U,6,6,6,6,6,6,6,6,6,6,6,6,6,6,6,6,6,6,2,2,2,2
32DPR0254R,5,5,5,5,4,4,4,2,3,3,3,3,3,3,3,3,3,3,1,2,2,2
32DPR0918F,12,12,12,12,12,13,15,17,18,18,18,18,18,18,18,18,18,18,18,18,18,18
32DPR0690S,6,6,6,6,6,6,6,6,6,6,6,6,6,6,6,6,6,6,2,2,2,2
32DPR2437M,6,5,6,5,6,6,6,6,5,5,5,5,5,5,5,6,6,6,1,1,1,1
32DPR1452Y,6,6,6,6,6,6,6,6,6,6,6,6,6,6,6,6,6,6,2,2,2,2
32DPR2304W,1,1,1,1,1,1,2,2,1,2,1,1,1,1,1,2,2,1,1,2,2,2
32PPR0049M,6,6,6,6,6,6,6,6,6,6,6,6,6,6,6,6,6,6,6,6,6,6
32DPR0037C,6,6,6,6,6,6,6,6,6,6,6,6,6,6,6,6,6,5,1,1,1,1
32DPR1016X,6,6,6,6,6,6,6,6,6,6,6,6,6,6,6,6,6,6,5,4,5,5
32DPR1101U,4,4,4,4,4,3,5,4,5,4,5,4,4,5,5,6,6,6,5,5,6,6
32DPR0473D,6,6,6,6,6,6,6,6,6,6,6,6,6,6,6,6,6,6,5,5,4,5
32DPR0388G,6,6,6,6,6,6,6,6,6,6,6,6,6,6,6,6,6,6,2,2,2,2
32DPR1149N,6,6,6,6,6,6,6,6,6,6,6,6,6,6,6,6,6,6,2,2,1,1
32DPR1234K,6,6,6,6,6,6,6,6,5,5,5,5,5,5,5,5,5,5,1,1,1,1
32DPR1670L,6,6,6,6,6,6,6,6,6,6,6,6,6,6,6,6,6,6,6,6,6,6
32DPR0168V,7,7,7,7,7,7,6,6,6,6,6,6,6,6,6,6,6,6,5,5,5,5
32DPR0386I,6,6,6,6,6,6,6,6,6,6,6,6,6,6,6,6,6,6,1,1,1,1
32DPR0471F,28,28,28,28,28,28,29,29,29,29,29,29,29,29,29,29,29,29,29,29,29,29
32DPR1451Z,6,6,6,6,6,6,6,6,6,6,6,6,6,6,6,6,6,6,2,2,2,2
32DPR1367A,19,19,19,19,20,20,20,20,20,19,19,19,19,19,19,18,18,18,18,18,18,18
32PPR0048N,11,12,11,12,12,12,10,9,7,6,6,6,6,6,6,6,6,6,6,6,6,6
32DPR0121A,6,6,6,6,6,6,6,6,6,6,6,6,6,6,6,6,6,6,3,3,4,4
32DPR0036D,6,6,6,6,6,6,6,6,6,6,6,6,6,6,6,6,6,6,1,1,1,2
32DPR1584P,6,6,6,6,6,6,6,6,6,6,5,5,5,6,6,6,6,6,1,1,1,1
32DPR2439K,6,5,6,6,6,6,6,6,6,6,6,6,6,6,6,6,6,6,1,1,1,1
32DPR0472E,6,6,6,6,6,6,6,6,6,6,6,6,6,5,6,6,6,6,1,1,1,1
32DPR0387H,6,6,6,6,6,6,6,6,6,6,6,6,6,6,6,6,6,6,4,4,4,5
32DPR1015Y,6,6,6,6,6,6,6,6,6,6,6,6,6,6,6,6,6,6,4,4,4,4
32DPR1100V,7,6,6,6,7,7,7,6,6,6,6,6,6,7,8,7,7,7,6,6,6,6
32DPR1148O,6,6,6,6,6,6,6,6,6,7,7,7,7,7,7,6,7,7,7,8,8,8
32DPR1233L,6,6,6,6,6,5,5,5,5,5,5,6,6,6,6,6,6,6,6,1,1,1
32DPR0917G,6,6,6,6,6,6,6,6,6,6,6,6,6,6,6,6,6,6,1,1,1,1
32PPR0132L,16,17,15,15,15,17,19,20,22,23,22,21,21,22,17,17,18,15,16,15,15,15
32DPR0563W,11,12,12,12,12,12,13,13,13,13,13,13,13,13,13,13,14,13,13,14,14,14
32DPR0212S,6,6,6,6,6,6,6,6,6,6,6,6,6,6,6,6,6,6,5,6,6,7
32DPR0127V,6,6,6,6,6,6,6,6,6,6,6,6,6,6,6,6,6,6,2,2,2,2
32DPR0478Z,6,6,6,6,6,6,6,6,6,6,6,6,6,6,6,6,6,6,3,3,3,3
32DPR2346V,12,12,12,12,12,13,13,13,13,13,13,13,13,12,12,12,12,12,12,12,12,12
32DPR1326A,4,4,3,3,3,3,3,3,3,3,3,6,6,6,6,6,5,6,1,1,1,1
32DPR0781J,6,6,6,6,6,6,6,6,6,6,6,6,6,6,6,6,6,6,4,4,4,5
32DPR1894T,3,3,2,4,4,4,4,4,4,4,4,4,4,4,4,3,3,3,3,3,3,3
32DPR0431E,6,6,6,6,6,6,6,6,6,6,6,5,5,6,6,6,6,6,2,2,2,2
32EPR0022Z,7,7,7,7,7,7,7,7,7,7,7,7,7,8,8,7,7,7,7,7,7,7
32DPR1107O,6,6,6,6,6,5,5,4,4,4,5,5,5,6,6,6,5,6,1,1,1,1
32DPR0126W,6,6,6,6,6,6,6,6,6,6,6,6,6,6,6,6,6,6,5,6,6,6
32DPR0211T,6,6,6,6,6,6,6,6,6,6,6,6,6,6,6,6,6,6,3,3,4,4
32DPR2432R,6,6,6,7,7,8,9,10,11,11,12,12,12,12,12,12,12,12,12,12,12,12
32DPR0477Z,7,7,7,6,7,7,7,8,9,9,9,10,10,9,9,9,8,8,8,8,8,9
32DPR0780K,6,6,6,6,6,6,6,6,6,6,6,6,6,6,6,6,6,2,2,2,2,2
32DPR0695N,6,6,6,6,6,6,6,6,6,6,6,6,6,6,6,6,6,6,3,3,3,3
32DPR0259M,6,6,6,6,6,6,6,6,6,6,6,6,6,6,6,6,6,6,2,2,2,2
32DPR0344J,6,6,6,6,6,6,6,6,5,6,6,6,6,6,6,6,6,6,1,1,1,1
32EPR0156P,15,14,14,13,14,14,14,14,14,14,14,14,14,14,14,15,15,15,15,16,15,15
32DPR2347U,6,6,6,6,6,6,6,6,6,6,6,6,6,6,6,6,7,8,8,8,8,8
32DPR1325B,6,6,6,6,6,6,6,6,6,6,6,6,6,6,6,6,6,6,2,2,2,2
32DPR0430F,6,6,6,6,6,6,6,6,6,6,6,6,6,6,6,6,6,6,1,1,1,1
32EPR0023Z,7,7,7,7,7,7,7,7,7,7,7,8,8,8,8,8,7,7,7,8,8,8
32DPR0562X,5,5,5,4,5,4,4,4,4,5,6,6,6,6,6,6,6,6,4,5,5,6
32DPR2433Q,6,6,6,6,6,6,6,6,6,6,6,6,6,6,6,6,6,6,6,6,6,6
32DPR1239F,6,6,6,6,6,6,6,6,6,6,6,6,6,6,6,6,6,6,1,1,1,1
32EPR0153S,8,8,8,8,8,8,8,8,8,8,8,8,8,9,8,8,8,8,8,8,8,8
32DPR0125X,6,6,6,6,6,6,6,6,6,6,6,6,6,6,6,6,6,6,2,2,2,2
32DPR0210U,12,12,12,11,11,11,10,10,10,9,9,9,9,10,9,10,10,10,11,11,12,12
32DPR1675G,6,6,6,6,6,6,6,6,6,6,6,6,6,6,6,6,6,6,4,4,4,4
32DPR0343K,6,6,6,6,6,6,6,6,6,6,6,6,6,6,6,6,6,6,2,3,3,3
32DPR0694O,6,6,6,6,6,6,6,6,6,6,6,6,6,6,6,6,6,6,1,1,1,1
32DPR2348T,6,6,6,6,6,6,6,6,6,6,6,6,6,5,5,5,6,5,1,1,1,1
32DPR1456U,6,6,6,6,6,6,6,6,6,6,6,6,6,6,6,6,6,6,1,1,1,1
32DPR1105Q,6,6,6,6,6,6,6,6,6,6,6,6,6,6,6,6,6,6,3,3,3,3
32DPR0561Y,6,6,6,6,6,6,6,6,6,6,6,6,6,6,6,6,6,6,2,2,2,2
32EPR0069U,6,6,6,6,6,6,6,6,6,6,6,6,6,6,6,6,6,4,4,4,4,6
32DPR1238G,6,6,6,6,6,6,6,6,6,6,6,6,6,6,6,6,6,6,2,2,2,2
32DPR1323D,6,6,6,6,6,6,6,6,6,6,6,6,6,6,6,6,6,6,2,2,2,2
32DPR0124Y,5,5,5,5,5,5,5,5,5,4,4,4,4,4,4,4,4,4,2,2,2,2
32DPR1674H,6,6,6,6,6,6,6,6,6,6,6,6,6,6,6,6,6,6,2,2,2,2
32DPR0693P,6,6,6,6,6,6,6,6,6,6,6,6,6,6,6,6,6,6,1,1,1,2
32DPR2434P,6,6,6,6,6,6,6,6,6,6,6,6,6,6,8,8,8,8,8,8,8,9
32DPR0342L,6,6,6,6,6,6,6,5,5,4,4,4,4,5,5,6,6,6,1,1,1,1
32DPR0560Z,7,7,7,6,6,6,6,6,6,6,6,6,6,6,6,6,6,6,3,3,3,3
32DPR1673I,6,6,6,6,6,6,6,5,6,6,6,6,6,6,6,5,6,6,6,1,1,1
32DPR0476A,6,6,6,6,6,6,6,6,6,6,6,6,6,6,6,6,6,6,6,3,3,3
32DPR1104R,6,6,6,6,6,6,6,6,6,6,6,6,6,6,6,6,6,6,6,6,6,6
32DPR1019U,6,6,6,6,6,6,6,6,6,6,6,6,6,6,6,6,6,6,1,1,1,1
32DPR0652P,6,6,6,6,6,6,6,6,6,6,6,6,6,6,6,6,6,6,3,3,3,4
32EPR0159M,6,6,6,6,6,6,6,6,6,6,6,6,6,6,6,6,6,6,3,3,3,3
32DPR1414V,6,6,6,6,6,6,6,6,6,6,6,6,6,6,6,6,6,6,1,1,1,1
32DPR0871B,6,6,6,6,6,6,6,6,6,7,8,8,8,8,8,8,7,8,8,9,10,10
32DPR0786E,6,6,6,6,6,6,6,6,6,6,6,6,6,6,6,6,6,6,1,1,1,1
32DPR0302K,6,6,6,6,6,6,6,5,5,5,5,6,6,6,6,6,6,6,2,2,2,2
32DPR1765Z,6,6,6,6,6,6,6,6,6,6,6,6,6,6,5,6,6,5,1,1,1,1
32DPR0217N,6,6,6,6,6,6,6,6,6,6,6,6,6,5,5,5,6,6,1,1,1,1
32DPR0435A,6,6,6,6,6,6,6,6,6,6,6,6,6,5,5,6,6,6,1,1,1,1
32EPR0027V,7,7,8,8,9,10,10,10,10,9,10,10,10,10,10,10,11,11,11,11,11,12
32DPR1632I,6,6,6,5,5,5,6,6,6,6,6,6,6,6,6,6,6,6,2,1,1,2
32DPR0651Q,6,6,6,6,6,6,6,6,6,6,6,6,6,6,6,6,6,6,2,2,2,2
32DPR0566T,6,6,6,6,6,6,6,6,6,6,6,6,6,6,6,6,6,6,3,3,3,3
32DPR0300M,6,6,6,6,6,6,6,6,6,6,6,6,6,6,6,6,5,6,1,1,2,2
32DPR0215P,6,6,6,6,6,6,6,6,6,6,6,6,6,5,5,6,6,6,6,6,6,6
32DPR1413W,6,6,6,6,5,6,6,6,6,6,6,6,6,6,6,6,6,6,1,1,1,1
32DPR0785F,12,12,12,11,9,8,7,7,7,7,7,7,7,8,8,7,7,7,7,6,8,8
32DPR0870C,6,6,6,6,6,6,6,6,6,6,6,6,6,6,6,6,6,6,5,6,6,6
32DPR1546M,6,6,6,6,6,6,6,6,6,6,6,6,6,6,6,6,6,6,1,1,1,1
32DPR0349E,6,6,6,6,6,6,6,6,6,6,6,6,6,6,6,6,6,6,2,2,2,2
32DPR0434B,5,4,4,4,4,4,5,5,5,5,4,5,5,4,4,3,3,6,2,2,2,2
32DPR0650R,6,6,6,6,6,6,6,6,6,6,6,6,6,6,6,6,6,6,1,1,1,1
32DPR0565U,6,6,6,6,6,6,6,6,6,6,6,6,6,6,6,6,6,6,3,3,2,2
32DPR0129T,6,6,8,8,8,8,7,7,6,6,6,8,8,7,6,6,6,7,7,7,7,7
32DPR0214Q,6,6,6,6,6,6,6,6,6,6,6,6,6,6,6,6,6,6,2,2,2,2
32DPR0784G,6,6,6,6,6,6,6,6,6,6,6,6,6,6,6,6,6,6,4,4,4,5
32DPR1412X,6,6,6,6,6,6,6,6,6,6,6,6,6,6,6,6,6,6,3,3,3,3
32DPR1327Z,6,6,6,6,6,6,6,6,6,6,6,6,6,6,6,6,6,6,1,1,1,1
32DPR1630K,6,6,6,6,6,6,6,5,5,5,4,5,5,6,6,6,6,6,1,1,1,1
32DPR0564V,6,6,6,6,6,6,6,6,6,6,6,6,6,6,6,6,6,2,2,2,2,2
32DPR1109M,6,6,6,6,6,6,6,6,6,6,6,6,6,6,6,6,6,6,4,4,4,5
32EPR0025X,12,12,12,12,12,12,12,12,12,12,12,12,12,12,12,12,12,12,12,12,12,12
32DPR0479Y,6,6,6,6,6,6,6,6,6,6,6,6,6,6,6,6,6,6,5,5,5,6
32EPR0158N,8,8,8,8,8,9,10,12,12,12,12,12,12,12,12,12,12,12,12,12,12,12
32DPR0128U,6,6,6,6,6,6,6,6,6,6,6,6,6,6,6,6,6,6,1,1,1,1
32DPR1678D,6,6,6,6,6,5,6,6,6,6,6,6,6,6,6,5,5,5,1,1,1,1
32DPR0213R,6,6,6,6,6,6,6,6,6,6,6,6,6,6,6,6,6,6,4,4,4,4
32DPR0697L,6,6,6,6,6,5,5,5,5,5,4,5,5,6,5,6,5,6,1,1,1,1
32DPR0432D,4,4,4,4,4,4,4,4,3,3,3,2,2,2,2,2,3,4,2,2,3,3
32DPR2086Z,6,6,6,6,6,6,6,6,6,6,6,6,6,6,6,6,6,6,5,5,5,6
32DPR0783H,6,6,6,6,6,6,6,6,6,6,6,6,6,6,6,6,6,6,2,2,2,2
32DPR1459R,6,6,6,6,6,5,5,5,6,6,6,6,6,4,4,4,4,5,1,1,1,1
32DPR0438Y,6,6,6,6,6,6,6,6,6,6,6,6,6,6,6,6,6,6,4,5,5,5
32DPR0874Z,14,14,15,15,14,14,14,14,14,14,15,15,15,16,16,17,17,17,17,17,17,17
32DPR1504N,6,6,6,6,6,6,6,6,6,6,6,6,6,6,6,6,6,6,3,3,3,3
32DPR0523V,6,6,6,6,6,6,6,6,6,6,6,6,6,6,6,6,6,6,1,1,1,1
32DPR1419Q,6,6,6,6,6,6,6,6,6,6,6,6,6,6,6,6,6,6,2,2,2,2
32EPR0115P,17,17,17,17,17,17,17,17,17,17,17,17,17,17,17,17,17,17,18,18,18,18
32PPR0007N,18,18,18,15,14,12,12,12,12,12,12,12,12,12,12,12,12,12,12,12,12,12
32DPR0742H,6,6,6,6,6,6,6,6,6,6,6,6,6,6,6,6,5,5,1,1,1,1
32DPR1418R,6,6,6,6,6,6,6,6,6,6,6,6,6,6,6,6,6,6,5,5,5,6
32DPR1503O,6,6,6,6,6,6,6,6,6,6,5,6,6,5,5,6,6,6,1,1,1,1
32DPR1191C,18,18,18,18,19,19,19,19,18,18,19,19,19,19,19,19,19,18,18,18,18,18
32DPR0437Z,5,5,5,5,5,5,5,5,5,3,5,5,5,5,4,4,4,4,2,2,2,3
32DPR0873Z,9,8,8,7,6,6,6,6,6,6,6,6,6,6,6,7,7,7,7,7,6,7
32DPR0522W,6,6,6,6,6,6,6,6,6,6,6,6,6,6,6,6,6,6,1,2,2,2
32EPR0116O,19,19,19,19,18,18,18,18,18,18,18,18,18,18,18,15,14,14,14,14,13,13
32DPR0655M,6,6,6,6,6,6,6,6,6,6,6,6,6,6,6,6,6,6,2,2,2,2
32DPR0740J,6,6,6,6,6,6,5,6,6,6,6,5,5,6,6,5,4,1,1,1,1,1
32PPR0006O,6,6,6,6,6,6,6,6,6,6,6,6,6,6,6,6,6,6,6,6,6,6
32DPR0305H,6,6,6,6,6,6,6,5,5,6,5,6,6,6,6,6,6,6,2,2,2,2
32DPR0656L,6,6,6,6,5,5,5,6,6,6,6,6,6,6,6,6,6,6,1,1,1,1
32DPR0741I,5,6,6,6,6,6,6,6,6,5,5,5,5,5,6,6,6,6,1,1,1,1
32EPR0117N,12,12,12,12,12,12,12,12,12,12,12,12,12,12,12,12,12,12,12,12,12,12
32DPR1417S,14,15,15,15,15,15,15,16,16,16,16,16,16,16,17,17,17,17,18,18,18,18
32DPR1190D,6,6,6,6,6,6,6,6,6,6,6,6,6,6,6,6,6,6,2,2,2,2
32DPR2081D,6,6,6,6,6,6,6,6,6,6,6,6,6,6,6,6,6,6,6,2,2,2
32DPR0521X,6,6,6,6,6,6,6,6,6,6,6,6,6,6,6,6,6,6,2,2,2,2
32DPR1986J,3,3,4,5,4,4,4,4,4,5,5,3,3,3,3,3,3,3,1,1,1,1
32DPR1635F,6,6,6,6,5,5,6,5,6,6,6,6,6,6,6,6,5,5,1,1,1,1
32EPR0028U,8,8,8,8,8,7,6,6,6,6,6,6,6,6,6,6,6,6,6,6,6,6
32EPR0113R,9,9,9,9,9,10,10,10,10,10,10,11,11,10,10,9,9,9,10,11,11,11
32DPR0654N,6,6,5,5,5,5,5,5,6,6,6,6,6,6,6,6,6,6,1,1,1,1
32DPR0569Q,6,6,6,6,6,6,6,6,6,6,6,6,6,6,6,6,6,6,2,2,2,2
32DPR0304I,6,6,6,6,6,6,6,6,6,6,6,6,6,6,6,6,6,6,3,3,3,3
32DPR0219L,6,6,6,7,7,7,6,6,6,6,6,6,6,6,6,6,6,6,6,5,5,6
32DPR1416T,6,6,6,6,6,6,6,6,6,6,6,6,6,6,6,6,6,6,6,6,6,6
32DPR1501Q,6,7,7,7,7,7,7,8,8,7,7,7,7,8,7,7,8,7,7,8,8,7
32DPR1549J,11,12,11,10,11,7,7,6,6,6,6,6,6,6,6,6,6,6,6,6,6,6
32DPR1985K,6,6,6,6,6,6,6,7,8,8,8,7,7,6,6,6,6,6,6,6,6,6
32DPR0520Y,6,6,6,6,6,6,6,6,6,6,6,6,6,6,6,6,6,6,2,2,2,2
32DPR2309R,8,9,8,8,8,8,8,8,8,9,9,10,10,10,10,11,11,11,12,12,12,12
32DPR0568R,6,6,6,6,6,6,6,6,6,6,6,6,6,6,6,6,6,6,2,2,2,2
32DPR0653O,15,15,15,15,15,15,15,15,15,16,16,16,16,16,16,16,17,17,17,18,18,18
32EPR0114Q,17,17,17,17,17,17,17,17,17,17,17,17,17,17,17,16,16,16,16,16,16,16
32EPR0029T,20,20,20,20,20,20,20,20,20,20,20,20,20,20,20,20,20,20,20,19,19,18
32DPR0303J,6,6,6,6,6,6,6,6,6,6,6,6,6,6,6,6,6,6,6,6,6,6
32DPR0218M,11,11,11,8,8,8,8,8,8,8,8,8,8,8,8,6,6,6,1,1,1,1
32DPR0787D,4,4,5,5,5,5,5,5,5,5,5,5,5,4,4,3,3,3,1,1,1,1
32DPR1500R,6,7,7,7,7,8,8,8,8,7,7,8,8,8,8,9,10,7,7,7,8,8
32DPR1984L,10,10,10,9,9,9,8,7,7,7,7,8,8,8,9,10,10,10,11,12,12,12
32DPR1415U,5,5,5,5,5,5,5,5,4,3,4,4,4,4,4,6,6,6,2,2,3,3
32DPR1847I,2,3,3,3,6,6,6,6,6,6,6,6,6,6,6,6,6,6,1,1,1,1
32DPR1932F,9,10,11,11,12,12,12,12,12,13,13,13,13,13,13,12,13,13,14,14,14,14
32DPR1183U,6,6,6,6,6,6,6,6,6,6,6,6,6,6,6,6,6,6,3,3,3,3
32DPR1098X,6,6,6,6,6,6,6,6,6,6,6,6,6,6,6,6,6,1,1,1,1,1
32DPR0866Q,12,12,12,12,12,12,12,12,13,14,15,15,15,14,14,13,12,12,12,12,12,12
32DPR2164M,6,6,6,6,6,6,6,5,5,5,5,5,5,6,6,6,6,6,2,1,1,1
32DPR2031W,8,8,8,9,9,12,12,12,13,13,13,13,13,14,14,14,14,14,14,14,14,14
32DPR0516L,6,6,6,6,6,6,6,6,6,6,6,6,6,6,6,6,6,5,1,1,1,1
32DPR1050D,8,9,7,7,6,7,7,7,6,6,6,6,6,6,6,3,6,6,5,5,5,5
32DPR0649B,6,6,6,6,6,5,5,6,6,6,6,6,6,6,6,6,6,1,2,2,2,2
32EPR0108F,6,6,6,6,6,6,6,6,6,6,6,6,6,6,6,6,6,6,6,6,6,6
32DPR2250I,6,6,6,6,6,6,6,6,6,6,6,6,6,6,6,6,6,6,3,3,3,3
32DPR2165L,6,5,4,5,3,3,3,4,5,5,4,2,2,1,1,1,1,1,1,1,1,1
32DPR0865R,5,5,5,6,6,6,6,5,5,4,6,6,6,6,6,6,6,6,1,1,1,1
32DPR1097Y,6,6,6,6,6,6,6,6,6,6,6,6,6,6,6,6,6,6,1,1,1,1
32DPR1182V,12,13,13,13,13,13,13,13,14,15,15,16,16,17,17,17,18,18,18,18,18,18
32DPR0999G,6,6,6,6,6,6,6,6,6,6,7,7,7,7,7,7,7,7,8,8,8,9
32DPR1712U,6,6,6,6,6,5,6,6,6,6,6,6,6,6,6,6,6,6,1,1,1,1
32DPR2299A,2,2,2,2,1,2,2,2,2,2,2,2,2,3,2,2,2,2,2,2,2,2
32DPR0648C,6,6,6,6,6,6,6,6,6,6,6,6,6,6,6,6,5,6,6,1,1,1
32DPR1930H,6,6,6,6,6,5,5,5,5,5,6,6,6,3,3,3,3,3,2,2,2,2
32DPR2251H,7,7,7,7,7,8,9,11,12,12,13,13,13,13,13,13,13,13,13,13,14,14
32DPR0428R,19,18,17,16,16,16,16,15,14,12,12,12,12,12,12,12,12,12,12,12,12,12
32DPR0864S,6,6,6,6,6,6,6,6,6,6,6,5,5,6,6,6,5,6,1,1,1,1
32DPR0779V,6,6,6,6,6,6,6,6,6,6,6,6,6,6,6,6,6,4,6,4,4,4
32DPR0513O,6,6,6,6,6,6,6,6,6,6,6,6,6,6,6,6,6,6,2,2,2,2
32DPR1409J,5,6,6,6,5,5,5,5,5,5,5,6,6,6,6,6,6,1,1,1,2,2
32DPR1711V,3,3,3,3,3,3,3,3,3,3,6,6,6,6,6,6,6,6,1,1,1,1
32EPR0106H,6,6,6,6,6,6,6,6,6,6,6,6,6,6,6,6,6,6,3,3,3,3
32DPR0514N,6,6,6,6,6,6,6,6,6,6,6,6,6,6,6,6,6,4,3,3,4,4
32DPR0429Q,12,12,12,12,12,12,14,17,19,20,18,19,19,20,19,19,19,19,19,19,18,18
32DPR0998H,6,6,6,6,6,6,6,6,6,6,6,6,6,6,6,6,6,6,3,3,3,3
32DPR0647D,6,6,6,6,6,6,6,6,6,6,6,6,6,6,6,6,6,6,3,3,3,3
32DPR0732A,8,7,7,8,9,9,10,11,12,12,14,14,14,15,15,15,14,14,14,13,14,14
32DPR1408K,14,13,13,13,12,12,12,12,12,10,10,11,11,9,8,7,7,8,8,8,8,8
32DPR1095Z,15,15,15,15,14,14,13,14,13,13,14,14,14,13,13,12,12,12,12,11,10,9
32DPR1180X,6,6,6,6,6,6,6,6,6,6,6,6,6,6,6,6,6,6,2,2,2,2
32DPR2252G,8,8,8,8,8,8,8,8,7,7,8,8,8,9,10,10,11,11,12,12,12,12
32DPR0863T,12,11,10,10,8,7,8,9,10,10,11,12,12,13,12,12,10,10,9,9,9,9
32DPR1844L,13,13,13,13,13,13,13,13,13,13,13,13,13,14,15,15,16,16,16,17,17,17
32DPR0778W,6,6,6,6,6,6,6,6,6,6,6,6,6,6,6,6,6,6,2,2,2,2
32DPR0427S,6,6,6,6,6,6,6,6,6,6,6,6,6,6,6,6,6,6,4,4,4,4
32DPR0512P,6,6,6,6,6,6,6,6,6,6,6,6,6,6,6,6,6,6,4,4,4,4
32DPR1710W,6,6,6,7,8,9,12,12,12,13,13,13,13,13,14,14,13,13,13,13,13,13
32DPR2385X,6,6,6,6,6,6,6,6,6,6,6,6,6,6,6,6,6,6,2,1,1,1
32DPR0997I,6,6,6,7,6,7,6,6,6,6,6,6,6,6,6,6,6,6,5,5,6,5
32DPR0646E,6,6,5,6,6,5,4,4,5,5,6,6,6,5,5,5,5,5,1,1,1,1
32DPR0731B,6,6,6,6,6,6,6,6,6,6,6,6,6,6,6,6,6,6,3,3,3,3
32EPR0107G,6,6,6,6,6,6,6,6,6,6,6,6,6,6,6,6,6,6,2,2,2,2
32DPR1803L,9,8,7,7,7,8,7,7,7,7,7,7,7,7,7,7,7,7,7,7,7,8
32DPR1718O,7,7,8,8,8,8,8,7,7,6,6,6,6,6,6,6,6,6,6,6,6,6
32DPR0822T,6,6,6,6,6,6,6,6,6,6,6,6,6,6,6,6,6,6,2,2,2,1
32DPR0074G,6,6,6,6,6,6,6,6,6,6,6,6,6,6,6,6,6,6,2,2,2,2
32DPR1054Z,6,6,6,6,6,6,6,6,6,6,6,6,6,6,6,6,6,6,1,1,1,1
32DPR1187Q,6,6,6,6,6,6,6,6,6,6,6,6,6,6,6,6,6,6,1,1,1,1
32DPR2075T,6,6,6,6,6,6,6,6,6,6,6,6,6,6,6,6,6,6,3,3,3,3
32DPR0292U,10,11,11,11,11,10,9,9,8,8,9,8,8,8,8,7,8,7,7,7,7,7
32DPR1490A,6,6,6,6,6,6,6,6,6,6,5,5,5,6,6,5,5,5,1,1,1,1
32PPR0090C,11,11,12,12,12,10,9,6,6,7,7,8,8,10,12,11,11,10,9,10,9,10
32DPR1717P,10,10,9,9,9,10,10,9,9,9,8,8,8,9,9,8,8,8,7,7,7,7
32DPR0736X,6,6,6,6,6,6,6,6,6,6,6,6,6,6,6,6,6,5,1,1,2,2
32DPR0821U,11,12,12,14,15,14,14,15,14,14,15,16,16,16,17,16,16,16,17,17,17,18
32DPR1271O,6,6,6,5,5,6,5,5,6,6,6,6,6,5,6,6,6,6,6,1,1,1
32DPR0955J,6,6,6,6,6,6,6,6,6,6,6,6,6,6,6,5,5,4,1,1,1,1
32DPR1186R,7,7,7,6,6,6,6,6,6,6,6,6,6,6,6,6,6,6,6,6,6,6
32DPR0735Y,4,4,4,4,4,3,3,3,3,3,3,2,2,3,3,3,3,6,1,1,1,1
32DPR1053A,6,6,6,6,6,6,5,5,6,6,6,6,6,6,6,6,6,6,1,1,1,1
32DPR0072I,6,6,6,6,6,6,6,6,6,6,6,6,6,6,6,6,6,6,2,2,2,2
32DPR1270P,6,6,6,6,6,6,6,6,6,6,6,6,6,6,6,6,6,6,2,2,2,2
32DPR1185S,6,6,6,6,6,6,6,6,6,6,6,6,6,6,6,6,6,2,2,2,2,2
32DPR1715R,6,6,6,6,6,6,6,6,6,7,7,7,7,7,7,6,6,6,3,3,3,3
32DPR0518J,7,8,7,7,6,6,6,6,6,6,6,6,6,6,6,6,6,4,4,4,4,4
32DPR0290W,6,6,6,6,6,6,6,6,6,6,6,6,6,6,6,6,6,6,2,2,2,2
32DPR0734Z,10,10,11,12,11,11,11,11,11,11,11,11,11,12,12,11,11,9,8,8,8,8
32DPR2381A,6,6,6,6,6,6,6,6,7,7,9,9,9,9,7,7,7,6,6,6,6,6
32DPR1052B,6,6,6,6,6,6,6,6,6,6,6,6,6,6,6,6,6,6,1,1,1,1
32DPR1099W,6,6,6,6,6,6,6,6,6,6,6,6,6,6,6,6,6,6,3,3,2,2
32DPR1184T,6,6,6,6,6,6,6,6,6,6,6,6,6,6,6,6,6,6,4,4,5,5
32DPR2078Q,1,1,1,1,1,1,1,1,1,1,6,3,3,2,3,3,3,3,3,3,3,3
32DPR1848H,6,6,6,6,6,6,6,6,6,6,7,8,8,10,10,7,6,6,6,4,3,3
32DPR0868O,12,12,13,13,13,13,13,13,13,13,13,13,13,13,13,12,12,12,12,12,12,12
32DPR0602H,6,6,6,6,6,6,6,6,6,5,6,6,6,6,6,6,6,6,1,1,1,1
32DPR0517K,6,6,6,6,6,5,6,6,5,4,5,5,5,5,6,6,6,6,6,6,6,6
32DPR1714S,6,6,6,6,6,6,6,6,6,6,6,6,6,6,6,5,5,6,1,1,1,1
32DPR1051C,6,6,6,6,6,6,6,6,6,6,6,6,6,5,5,6,5,5,5,5,5,5
32DPR0381N,6,6,6,6,6,6,6,6,6,6,6,6,6,6,6,6,6,6,3,3,3,3
32DPR0296Q,6,6,6,6,6,6,6,6,6,6,6,6,6,6,6,6,6,6,2,2,2,2
32DPR0609A,6,6,6,6,6,6,6,5,6,6,6,6,6,6,6,6,5,5,1,1,1,1
32DPR1494X,6,6,6,6,6,6,6,6,6,6,6,6,6,6,6,6,6,5,5,6,6,6
32DPR0030J,6,6,6,6,6,6,6,6,6,5,6,5,5,5,5,5,6,5,1,1,1,1
32DPR0912L,10,10,7,8,7,7,7,7,8,7,8,8,8,9,8,8,7,8,8,8,8,7
32DPR0827O,6,6,6,6,6,6,6,6,6,6,6,6,6,6,6,6,6,6,3,3,3,2
32DPR1143T,6,6,6,6,6,6,6,6,6,6,6,6,6,6,6,6,6,6,5,5,5,5
32DPR1939Z,12,12,12,12,12,12,12,12,12,12,12,12,12,12,12,12,12,12,12,12,12,12
32DPR1276J,3,3,4,2,3,3,3,3,3,3,2,3,3,6,6,6,6,6,2,2,2,2
32DPR1361G,6,7,7,7,8,8,8,8,10,10,11,11,11,10,10,10,10,10,10,11,10,9
32DPR0163Z,6,6,6,6,6,6,6,6,6,6,6,6,6,6,6,6,6,6,2,2,2,2
32DPR0380O,6,6,6,6,6,6,6,6,6,6,6,6,6,6,6,6,6,6,6,3,3,3
32DPR0295R,6,6,6,6,6,6,6,6,6,6,6,6,6,6,6,6,6,6,1,1,1,1
32DPR1057X,7,7,8,8,8,8,8,8,9,9,8,8,8,9,9,6,6,6,6,6,8,8
32DPR1142U,6,6,6,6,6,6,6,6,6,6,6,6,6,6,6,6,6,6,3,3,3,3
32DPR1493Y,6,6,6,6,6,6,6,6,6,7,8,8,8,8,8,7,6,6,6,6,6,6
32DPR0078C,6,6,6,6,6,6,6,6,6,6,6,6,6,6,7,8,8,8,8,7,6,6
32DPR0911M,7,7,7,7,7,7,7,7,7,6,6,6,6,6,6,6,6,6,6,6,6,6
32DPR1275K,6,6,6,6,6,6,6,6,5,5,6,6,6,6,6,6,6,6,1,1,1,1
32DPR0959F,6,6,6,6,6,6,6,6,6,6,6,6,6,6,6,6,6,6,1,1,1,1
32DPR0294S,6,6,6,6,6,6,6,5,5,5,6,6,6,6,5,6,6,6,1,1,1,1
32DPR2211G,3,3,3,4,4,4,3,3,3,3,3,3,3,3,3,2,1,1,1,1,1,1
32DPR1056Y,6,6,6,6,6,6,6,6,6,6,6,6,6,6,6,6,6,6,1,1,1,1
32DPR1141V,6,6,6,6,6,6,6,6,6,6,6,6,6,6,6,6,6,6,2,2,2,2
32DPR0824R,6,6,6,6,6,6,5,5,5,5,6,6,6,6,5,5,5,6,1,1,1,1
32DPR1492Z,6,6,6,6,6,6,6,6,6,6,6,6,6,6,6,6,6,6,6,6,6,6
32DPR0910N,6,6,6,6,6,6,6,6,6,6,6,6,6,6,6,6,6,6,2,2,2,2
32PPR0052Z,6,6,6,6,6,6,6,6,6,6,6,6,6,6,6,6,6,6,6,6,6,6
32DPR0077D,11,11,12,12,13,13,13,14,15,16,17,18,18,19,19,19,19,19,19,19,19,19
32DPR0162A,6,6,6,6,6,6,6,6,6,6,6,6,6,6,6,6,6,6,5,5,6,6
32DPR0958G,6,6,6,6,6,6,6,5,5,5,5,5,5,6,6,6,6,6,3,3,3,3
32DPR1274L,11,10,10,9,8,8,8,7,7,6,6,6,6,6,6,6,6,6,6,6,6,6
32DPR1189O,6,6,6,6,6,6,6,6,6,6,6,6,6,6,6,6,6,6,2,2,2,2
32DPR1719N,6,6,6,6,6,6,6,6,6,6,6,6,6,6,5,4,6,6,1,1,1,1
32DPR1491Z,18,18,18,18,18,19,19,19,20,21,21,21,21,21,21,19,19,19,19,19,19,19
32DPR2430T,7,8,8,8,8,9,9,8,8,8,8,8,8,7,7,6,6,6,6,6,6,6
32DPR0075F,6,6,6,6,6,6,6,6,6,6,6,6,6,6,6,6,6,6,2,2,2,2
32DPR0160C,6,6,6,6,6,6,6,6,6,6,6,6,6,6,6,6,6,6,4,4,4,4
32DPR1055Z,6,6,6,6,6,6,6,6,6,6,6,6,6,6,6,6,6,6,1,1,1,1
32DPR0823S,6,6,6,6,6,6,6,6,6,6,6,6,6,6,6,6,6,6,2,2,2,2
32DPR0738V,6,6,6,6,6,6,6,6,6,6,6,6,6,6,6,6,6,6,2,2,2,2
32DPR1273M,4,4,4,4,4,4,6,4,4,4,4,4,4,4,4,3,6,6,2,2,2,2
32DPR1188P,11,11,11,11,11,11,12,12,12,12,12,12,12,12,12,12,12,12,12,12,12,12
32DPR1937A,2,2,2,2,2,2,2,2,3,3,3,4,4,4,4,4,3,2,1,2,2,2
32DPR0161B,6,6,6,6,6,6,6,6,6,6,6,6,6,6,6,6,6,6,2,2,2,2
32DPR0957H,6,6,6,6,6,6,6,6,6,6,6,6,6,6,6,6,6,6,1,1,1,1
32PPR0099U,6,6,6,6,6,6,6,6,6,6,6,6,6,6,6,6,6,6,6,6,6,6
32DPR0606D,6,6,6,6,6,6,6,6,6,6,6,6,6,5,6,6,6,6,2,2,2,3
32DPR1366B,6,6,6,6,6,6,6,6,6,6,6,6,6,6,6,6,6,6,3,3,3,3
32DPR0167W,6,6,6,6,6,6,6,6,6,6,6,6,6,6,6,6,6,6,2,2,2,2
32DPR0385J,6,6,6,6,6,6,6,6,6,6,6,6,6,6,6,6,6,6,3,3,3,3
32DPR0470G,6,6,6,6,6,6,6,6,6,6,6,6,6,6,6,6,6,6,2,2,2,2
32DPR1014Z,12,12,12,12,12,12,12,13,12,12,12,12,12,12,12,12,12,12,12,12,12,12
32DPR1583Q,6,6,6,6,6,6,6,6,6,6,6,6,6,6,6,6,6,6,4,4,4,4
32DPR1498T,6,6,6,6,6,6,6,6,6,6,6,6,6,6,6,6,6,4,6,4,4,4
32DPR0120B,6,6,6,6,6,6,6,6,6,6,6,6,6,6,6,6,6,6,3,3,3,3
32DPR2254E,8,9,8,8,8,7,6,6,6,6,8,8,8,9,9,11,11,12,12,12,12,12
32DPR2169H,4,4,4,4,4,4,4,4,4,4,4,4,4,3,3,3,3,3,3,3,3,3
32DPR0916H,6,6,6,6,6,6,6,6,6,6,6,6,6,6,6,6,6,6,6,6,6,6
32DPR1147P,6,6,6,6,6,6,6,6,6,6,6,6,6,6,6,6,6,6,2,2,2,2
32DPR1232M,6,6,6,6,6,6,6,6,6,6,6,6,6,6,6,6,6,6,4,5,5,5
32DPR1365C,6,6,6,6,6,6,6,6,6,6,6,6,6,6,6,6,6,6,4,4,4,4
32DPR0033G,6,6,6,6,6,6,6,6,5,5,6,6,6,6,6,6,5,6,1,1,1,1
32DPR1013Z,6,6,6,6,6,6,6,6,6,6,5,5,5,6,6,5,5,4,1,1,1,1
32PPR0050B,6,6,6,6,6,6,6,6,6,6,6,6,6,6,6,6,6,6,6,6,6,6
32DPR0384K,4,6,6,6,6,6,6,6,6,6,6,6,6,6,6,6,6,6,1,1,1,1
32DPR1146Q,6,6,6,6,6,5,5,5,5,6,5,6,6,6,5,5,6,5,2,2,2,2
32DPR1231N,6,6,6,6,6,6,6,6,6,6,6,6,6,6,6,6,6,6,4,3,3,3
32DPR0034F,6,6,6,6,6,6,6,6,6,6,6,6,6,6,6,6,5,5,1,1,1,1
32DPR1497U,14,13,13,13,13,13,14,14,14,15,15,15,15,14,15,14,15,16,17,17,17,17
32DPR0251U,6,6,6,6,6,6,6,6,6,6,6,6,6,6,6,6,6,5,1,1,1,1
32DPR0166X,6,6,6,6,6,6,6,6,6,6,6,6,6,6,6,6,6,6,4,4,4,4
32DPR0915I,6,6,6,6,6,6,6,6,7,8,8,8,8,6,6,6,6,6,6,6,6,6
32PPR0097W,6,6,6,6,6,6,6,6,6,6,6,6,6,6,6,6,6,6,6,6,6,6
32DPR1364D,6,6,6,6,6,6,6,6,6,6,6,6,6,6,6,6,6,6,3,3,3,3
32DPR0032H,6,6,6,6,6,6,6,6,6,6,6,6,6,6,6,6,6,6,1,1,1,1
32EPR0060C,12,12,12,12,12,12,13,13,13,13,13,13,13,14,14,14,14,14,14,14,14,14
32DPR2388U,6,6,6,6,6,6,6,6,5,5,4,5,5,6,6,6,6,6,1,1,1,1
32DPR0298O,6,6,6,6,6,6,6,6,6,6,6,6,6,6,6,6,6,6,2,2,2,2
32DPR0383L,5,5,5,5,5,5,5,5,5,5,5,5,5,5,5,4,4,4,3,3,3,3
32DPR1145R,6,6,6,6,6,6,6,6,6,6,6,6,6,6,6,6,6,6,3,3,3,3
32DPR1230O,6,5,5,5,5,5,6,6,6,6,6,6,6,6,6,6,6,6,1,1,1,1
32EPR0061B,14,14,14,14,14,15,15,15,15,15,15,15,15,15,15,14,14,14,14,14,14,14
32DPR1809F,10,10,9,8,7,6,7,7,7,6,6,6,6,6,6,6,6,6,6,6,6,6
32DPR1496V,6,6,6,6,6,6,6,6,6,6,6,6,6,6,6,6,6,6,2,3,3,3
32DPR0250V,6,6,6,6,6,6,6,6,6,6,6,6,6,6,6,6,6,6,1,1,1,2
32DPR0165Y,12,12,12,12,12,12,11,11,12,11,11,10,10,10,11,11,11,12,12,13,13,13
32DPR0829M,6,5,5,6,6,6,6,6,6,6,6,6,6,6,6,6,6,6,1,1,1,1
32DPR2256C,6,6,6,6,6,6,6,6,6,6,6,6,6,6,6,6,6,6,2,2,2,2
32DPR1012A,6,6,6,6,6,5,5,6,6,6,5,5,5,5,5,5,5,6,1,1,1,1
32DPR0382M,6,6,6,6,6,6,6,6,6,6,6,6,6,6,6,6,6,6,3,3,3,3
32DPR1363E,6,6,6,6,6,7,7,7,7,6,8,8,8,8,8,8,8,8,9,9,9,9
32DPR1495W,8,7,7,7,7,8,8,8,7,7,6,6,6,6,6,6,6,6,6,6,6,7
32DPR1580T,6,6,6,6,6,6,6,6,6,6,6,6,6,5,5,5,5,5,6,1,1,1
32DPR0828N,9,9,9,9,9,9,9,9,9,9,9,9,9,9,9,8,8,8,9,12,12,12
32DPR1144S,6,6,6,6,6,6,6,6,6,6,6,6,6,6,6,6,6,6,1,1,1,2
32DPR1059V,6,6,6,6,6,6,6,6,6,6,6,6,6,6,6,6,6,6,1,1,1,1
32DPR0913K,6,6,6,6,6,5,4,4,5,5,6,5,5,6,6,5,5,5,5,5,5,5
32DPR1362F,7,7,7,7,7,7,8,8,8,8,9,9,9,10,9,9,9,8,8,8,9,9
32DPR0164Z,6,6,6,6,6,6,6,6,6,6,6,6,6,6,6,6,6,6,4,4,4,4
32DPR1225C,6,6,6,6,6,6,6,6,6,6,6,6,6,6,6,6,6,3,3,3,3,3
32DPR0026X,6,6,5,5,5,5,5,5,6,6,6,6,6,6,6,6,6,6,1,1,1,1
32DPR0111U,2,2,2,2,4,4,6,6,6,6,6,6,6,6,6,6,6,6,6,3,4,4
32EPR0054S,14,14,14,15,14,14,14,14,14,14,14,14,14,15,15,15,15,15,15,17,23,24
32DPR1661D,6,6,6,6,6,6,6,6,6,6,6,6,6,6,6,6,6,6,2,2,2,2
32DPR0244K,8,9,10,9,9,10,10,10,10,10,10,9,9,8,8,7,7,7,7,7,7,8
32DPR0159N,6,6,6,6,6,6,6,6,6,6,6,6,6,6,6,6,6,6,2,2,2,2
32DPR0680L,4,4,4,4,3,3,3,4,3,3,3,3,3,3,3,6,6,6,1,1,1,1
32DPR1357U,6,6,6,6,6,6,6,6,6,6,6,6,6,6,6,6,6,6,6,6,7,7
32PPR0039F,6,6,6,6,6,6,6,6,6,6,6,6,6,6,6,6,6,6,6,6,6,6
32DPR2424I,6,6,6,6,6,6,6,6,6,6,6,6,6,6,6,6,6,6,2,2,2,2
32DPR0462Y,6,6,6,6,6,6,6,6,6,6,6,6,6,6,6,6,6,6,1,1,1,1
32DPR2339L,2,2,3,6,6,6,6,6,6,6,5,5,5,6,5,6,6,5,1,1,1,1
32DPR1006Q,6,6,6,6,6,6,6,6,6,6,6,6,6,6,6,6,6,6,3,3,3,3
32EPR0055R,12,12,12,12,12,12,12,12,12,12,12,12,12,12,13,12,12,12,12,12,12,12
32DPR1139G,6,6,6,6,6,6,6,6,6,6,6,6,6,6,6,6,6,6,2,2,2,2
32DPR1224D,6,6,6,6,6,6,5,5,4,6,6,5,5,6,6,6,6,1,1,1,1,1
32DPR0594P,6,6,6,6,6,6,6,6,6,6,6,6,6,6,6,6,6,6,1,1,1,1
32DPR0110V,8,9,9,10,10,10,10,11,11,11,12,12,12,12,12,12,12,12,12,12,12,12
32DPR1575H,6,6,6,6,6,6,6,6,5,5,5,6,6,6,5,5,6,6,6,1,1,1
32DPR0158O,4,4,6,5,5,5,5,5,4,4,4,3,3,3,3,3,6,6,6,6,6,6
32DPR0243L,6,6,5,4,4,4,4,4,4,4,5,5,5,6,6,6,7,6,6,6,6,6
32DPR1441S,6,6,6,6,6,6,6,6,6,4,4,5,5,5,5,6,6,6,1,1,1,1
32DPR1356V,6,6,6,6,6,6,6,6,5,6,6,6,6,6,6,6,6,6,1,1,1,1
32PPR0038G,6,6,7,8,8,8,7,7,6,6,6,6,6,6,6,6,6,6,6,6,6,6
32PPR0123D,6,6,6,6,6,6,6,6,6,6,6,6,6,6,6,6,6,6,6,6,6,6
32DPR0377A,6,6,6,6,6,6,6,6,6,6,6,6,6,6,6,6,6,6,3,3,4,4
32DPR0461Z,7,7,7,6,6,6,6,6,6,6,7,7,7,7,7,6,6,6,7,8,8,8
32DPR0906A,6,5,5,6,4,6,5,6,6,6,6,6,6,5,6,5,5,6,1,1,1,1
32DPR1223E,6,6,6,6,6,6,6,6,6,6,6,6,6,6,6,6,6,6,6,6,6,6
32DPR0157P,6,6,6,6,6,6,6,6,6,6,6,6,6,6,6,6,6,6,4,5,5,5
32DPR0242M,6,6,5,6,4,4,4,5,5,5,5,5,5,6,6,6,6,6,1,1,1,1
32DPR1004S,6,6,6,6,6,6,6,6,6,6,6,6,6,6,6,6,6,6,2,2,2,2
32DPR0376B,6,6,6,6,6,6,6,6,6,6,6,6,6,6,6,6,6,6,5,5,5,5
32DPR2426G,6,6,6,6,6,6,6,6,6,6,6,6,6,6,6,6,6,6,2,2,2,2
32DPR1573J,6,6,6,6,6,6,6,6,5,6,5,5,5,6,6,6,6,6,1,1,1,1
32DPR1488M,6,6,6,6,6,6,6,6,6,6,6,6,6,6,6,6,6,6,3,3,3,3
32PPR0169Z,5,6,6,7,8,10,12,13,13,15,15,15,15,17,18,18,18,17,18,10,10,19
32DPR0024Z,6,6,6,6,6,6,6,6,6,6,6,6,6,6,6,6,5,6,1,1,2,2
32DPR0460Z,4,4,4,5,4,4,4,4,2,2,3,4,4,4,4,4,4,4,2,2,2,3
32DPR0156Q,6,6,6,6,6,6,6,6,6,6,6,6,6,6,6,6,6,6,2,2,2,2
32EPR0053T,9,9,10,10,10,10,10,11,11,11,11,11,11,11,11,11,11,11,11,12,12,12
32DPR1137I,6,6,6,6,6,6,6,5,5,5,6,6,6,6,6,6,6,6,1,1,1,1
32DPR1222F,9,9,10,9,9,9,9,9,9,8,8,7,7,7,9,9,11,12,12,13,14,14
32PPR0121F,6,6,6,6,6,6,6,6,6,6,6,6,6,6,6,6,6,6,6,6,6,6
32DPR0375C,8,8,9,9,8,7,6,6,6,6,7,7,7,8,8,8,7,7,8,8,9,9
32DPR2427F,6,6,6,6,6,6,6,6,6,6,6,6,6,6,6,6,6,6,6,6,6,6
32DPR1269Z,6,6,6,6,6,6,6,6,6,6,6,6,6,6,6,6,6,6,1,1,1,1
32DPR1136J,7,6,6,6,6,6,6,6,6,7,7,7,7,7,7,6,6,6,6,6,6,6
32DPR0023Z,6,6,6,6,6,6,6,6,6,6,6,6,6,6,6,6,6,6,2,2,2,2
32DPR1221G,6,6,6,6,6,6,6,6,6,6,6,6,6,6,6,6,6,3,3,3,3,3
32PPR0168Z,7,8,7,6,6,6,6,7,7,7,8,9,9,9,9,9,8,8,8,9,9,9
32DPR0466U,6,6,6,6,6,6,6,6,6,5,6,6,6,6,6,6,6,6,1,1,1,1
32EPR0010V,18,18,18,19,19,19,19,19,20,19,19,19,19,19,18,17,16,16,16,16,16,15
32DPR0551R,6,6,6,6,6,6,6,6,6,6,6,6,6,6,6,6,6,6,2,3,3,3
32PPR0120G,6,6,6,6,7,7,7,7,7,6,6,6,6,6,6,6,6,6,6,6,6,6
32DPR0200N,15,15,15,15,15,15,15,15,15,15,15,16,16,15,15,14,14,14,14,15,14,14
32DPR0115Q,6,6,6,5,5,5,5,6,5,5,5,6,6,6,6,6,7,7,8,9,10,10
32EPR0058O,12,12,12,12,12,12,12,12,12,12,12,12,12,13,13,13,13,13,13,13,13,13
32DPR2249T,10,10,10,12,12,11,11,12,12,12,12,12,12,12,12,12,12,13,13,13,13,13
32DPR0770D,4,4,4,4,4,4,4,4,4,4,4,6,6,6,6,6,6,6,3,3,3,3
32DPR0249F,6,6,6,6,6,6,6,6,6,6,6,6,6,6,6,6,6,6,2,2,2,2
32DPR0334C,8,7,7,6,6,6,6,6,6,6,6,6,6,6,6,6,6,6,5,6,6,6
32DPR1313X,6,6,6,6,6,6,6,6,6,6,6,6,6,6,6,6,6,6,3,3,3,3
32DPR1228Z,12,11,10,10,10,9,8,9,9,9,8,8,8,8,8,7,7,7,7,7,7,7
32DPR1531K,6,6,6,6,6,5,5,5,6,5,5,6,6,5,5,5,5,1,1,1,1,1
32DPR1446N,6,9,8,8,7,8,8,8,7,6,6,6,6,6,6,6,6,6,6,6,6,6
32DPR1882O,6,6,6,6,6,6,6,6,7,7,7,7,7,7,8,8,7,7,8,7,7,6
32DPR0550S,6,6,6,5,5,5,6,6,6,6,6,6,6,6,6,6,6,6,1,1,1,1
32EPR0011U,23,24,24,24,24,24,24,24,24,24,24,24,24,24,24,24,24,24,24,24,24,24
32DPR0465V,4,6,6,6,6,6,6,6,6,6,6,6,6,6,6,6,6,6,1,1,1,1
32EPR0059N,12,12,12,12,12,12,13,13,13,13,13,13,13,13,13,13,13,13,13,13,13,13
32DPR1664A,10,10,10,10,10,10,11,11,11,9,9,9,9,9,9,9,8,8,8,8,8,8
32DPR0683I,6,6,6,6,6,6,6,6,6,6,6,6,6,6,6,5,5,5,1,1,1,1
32DPR0114R,5,5,5,5,5,5,5,5,4,4,4,6,6,6,6,6,6,6,3,3,4,4
32DPR0029U,6,6,6,6,6,6,6,6,6,6,6,6,6,6,6,6,6,5,5,5,4,4
32DPR2420M,6,6,6,6,6,6,6,6,6,6,6,6,6,6,6,6,6,6,6,6,6,6
32DPR0333D,4,4,4,4,4,6,6,6,6,6,6,6,6,6,6,6,6,6,2,2,2,2
32DPR0684H,6,6,6,6,6,6,6,6,6,6,6,6,6,6,6,6,6,6,1,1,1,1
32DPR1445O,14,13,13,14,13,13,13,13,13,13,13,13,13,13,13,13,13,13,13,13,13,13
32DPR1530L,6,6,6,6,6,6,6,6,6,6,6,6,6,6,6,6,6,6,2,2,2,2
32EPR0056Q,21,21,21,22,22,22,22,22,22,22,22,22,22,22,22,22,22,22,22,22,22,22
32DPR0028V,6,6,6,6,6,6,6,6,6,6,6,6,6,6,6,6,6,6,6,6,6,6
32DPR0113S,6,6,6,6,6,6,6,6,6,6,6,6,6,6,6,6,6,6,5,5,5,5
32DPR1009N,6,6,5,5,4,4,5,6,5,6,6,6,6,5,6,6,5,5,1,1,1,1
32DPR1311Z,6,6,6,6,6,6,6,6,6,6,6,6,6,6,6,6,6,6,3,3,3,4
32DPR2203Y,6,6,6,6,6,6,6,6,6,6,6,6,6,6,6,6,6,6,2,2,2,2
32DPR2421L,5,5,6,6,6,6,6,6,6,6,6,6,6,6,6,6,6,6,1,1,1,1
32DPR1227A,6,6,6,6,6,6,6,6,5,5,5,5,5,6,6,6,6,1,1,1,1,1
32DPR0909Y,6,6,6,6,6,6,6,6,6,6,6,6,6,6,6,6,6,6,6,6,6,6
32DPR1795T,1,1,1,1,1,1,1,1,1,2,2,2,2,2,2,2,2,2,1,1,1,1
32DPR0247H,8,8,8,7,6,7,8,9,9,9,9,9,9,10,10,9,8,7,8,8,7,7
32PPR0166B,5,6,6,6,6,6,6,6,6,6,7,6,6,6,6,6,6,7,6,6,6,6
32DPR0332E,6,6,6,6,6,6,6,6,6,6,6,6,6,6,6,6,6,6,6,4,4,4
32DPR1359S,6,6,6,6,6,6,6,6,6,6,6,6,6,6,6,6,6,6,2,2,2,2
32DPR1444P,6,6,6,6,6,6,6,6,6,6,6,6,6,6,6,6,6,6,3,3,3,3
32DPR0112T,6,6,6,6,6,7,7,7,7,6,6,6,6,6,6,6,6,6,6,6,6,6
32DPR0378Z,6,6,6,6,6,6,6,6,6,6,6,6,6,6,6,6,6,6,1,1,2,2
32DPR0681K,11,11,11,11,11,11,11,11,11,11,12,12,12,12,12,12,12,12,12,12,12,13
32DPR2119Z,6,5,5,4,4,4,4,4,4,4,4,4,4,4,3,3,3,3,3,3,3,3
32DPR2422K,7,10,10,10,11,12,12,12,12,12,12,12,12,13,13,13,13,15,16,18,18,18
32DPR0330G,6,6,6,6,6,6,6,6,6,6,6,6,6,6,6,6,6,6,3,3,3,3
32DPR1310Z,6,6,6,6,6,6,6,6,6,6,6,6,6,6,6,6,6,6,1,1,1,1
32EPR0057P,15,15,15,15,14,14,15,15,15,15,15,15,15,16,16,16,16,17,17,17,17,17
32DPR1226B,8,6,7,7,7,7,6,7,6,7,7,7,7,7,7,6,6,6,6,6,7,7
32DPR1358T,15,15,15,15,15,14,15,15,15,13,13,13,13,13,14,14,14,14,14,15,15,15
32DPR1443Q,6,6,6,6,6,6,6,6,6,6,6,6,6,6,6,6,6,3,3,3,3,3
32DPR0246I,6,6,6,6,6,6,6,6,6,6,6,6,6,6,5,5,5,4,1,1,1,1
32DPR0331F,6,6,6,6,6,6,6,6,6,6,6,6,6,6,6,6,6,6,1,1,1,1
32DPR1007P,6,5,5,6,6,6,6,6,6,6,6,6,6,6,5,5,6,6,1,1,1,1
32DPR0463X,6,6,6,6,6,6,6,6,6,6,6,6,6,6,6,6,6,6,3,3,3,3
32DPR1972G,2,2,2,3,3,3,2,2,2,1,1,1,1,1,1,1,1,1,1,1,1,1
32DPR0422X,19,19,19,19,19,19,19,19,19,19,19,19,19,19,19,19,19,19,19,19,19,19
32DPR1887J,2,2,1,1,2,2,2,3,2,3,2,2,2,4,4,2,2,2,2,2,2,2
32DPR0337Z,3,3,3,3,3,3,3,3,3,6,6,6,6,5,6,6,6,6,1,1,1,1
32EPR0014R,7,7,7,8,8,8,8,8,8,8,8,8,8,8,8,8,8,8,8,8,8,7
32DPR0640K,6,6,6,6,6,6,6,6,6,6,6,6,6,6,5,5,5,5,1,1,1,1
32DPR0555N,6,6,6,6,6,6,6,6,6,6,6,6,6,6,6,6,6,6,6,6,6,6
32DPR1668X,19,19,19,19,19,19,19,19,19,18,18,18,18,18,18,18,18,18,18,18,17,16
32DPR1090E,6,6,6,6,6,6,6,6,6,6,6,6,6,6,6,6,6,6,3,3,3,3
32DPR0205I,11,10,10,10,10,10,10,10,10,10,10,10,10,10,10,10,10,10,10,10,10,10
32DPR0689C,6,6,6,6,6,6,6,6,6,6,6,6,6,6,6,6,6,6,4,4,5,5
32DPR1402Q,14,14,14,14,14,14,15,15,15,15,15,14,14,13,14,14,14,14,14,14,13,13
32DPR1317T,4,4,4,3,3,3,3,3,2,2,3,3,3,3,3,6,6,6,1,2,2,2
32DPR0421Y,6,6,6,6,6,6,6,6,6,6,6,6,6,6,6,6,6,6,5,5,5,5
32DPR0554O,6,6,6,6,6,6,6,6,6,6,6,6,6,6,6,6,6,6,2,2,2,2
32DPR0469R,6,6,6,6,6,6,6,6,6,6,6,6,6,6,6,6,6,6,1,1,1,1
32DPR1667Y,6,6,4,5,5,5,4,4,5,5,5,6,6,6,6,6,6,5,5,5,5,5
32DPR0119M,2,2,2,2,2,2,2,2,2,2,2,2,2,3,3,3,3,6,2,2,2,2
32DPR0204J,9,10,10,10,11,10,10,9,11,9,10,11,11,11,11,12,11,11,10,10,10,9
32DPR0773A,7,6,6,6,6,6,6,6,6,6,6,6,6,6,6,6,6,6,6,6,6,6
32DPR0688D,12,12,12,12,12,12,12,12,12,12,12,12,12,12,12,12,12,12,12,12,12,12
32DPR1401R,9,9,8,7,7,7,6,6,6,6,6,6,6,6,6,6,6,6,6,6,6,6
32DPR1316U,6,6,6,6,6,6,6,6,6,6,6,6,6,6,6,6,6,6,2,2,2,2
32DPR0553P,6,6,6,6,6,6,6,6,6,6,6,6,6,6,6,6,6,6,2,2,2,2
32DPR0202L,7,7,7,7,6,5,5,6,6,8,8,8,8,9,8,6,6,6,6,6,6,6
32DPR0117O,6,6,6,6,6,6,6,6,6,6,6,6,6,6,6,6,6,6,5,5,6,6
32DPR0468S,6,6,6,6,6,6,6,6,6,6,6,6,6,5,5,6,6,6,6,6,6,6
32DPR1400S,5,4,5,5,5,5,5,5,5,5,5,5,5,5,5,5,6,6,5,5,5,5
32DPR1315V,6,6,6,6,6,6,6,6,6,6,6,6,6,6,6,6,6,6,3,3,3,3
32DPR0772B,14,14,14,14,14,14,14,15,15,16,16,16,16,16,16,16,18,18,18,18,18,18
32DPR1751W,7,7,7,6,6,6,6,6,6,6,6,6,6,6,6,6,6,6,3,4,4,4
32DPR0687E,13,14,15,15,15,15,15,15,16,16,15,15,15,14,12,11,11,11,12,12,12,12
32DPR0118N,6,6,6,6,6,6,6,6,6,6,6,6,6,6,6,6,6,6,4,4,4,4
32DPR0203K,10,8,8,8,8,8,7,7,6,6,6,6,6,6,6,6,6,6,4,4,4,4
32DPR1884M,6,6,6,6,6,6,6,6,6,6,6,6,6,6,6,6,6,6,1,1,1,1
32DPR0420Z,6,6,6,6,6,6,6,6,6,6,6,6,6,6,6,6,6,6,2,2,2,2
32DPR0467T,6,6,6,6,6,6,6,6,6,6,6,6,6,6,6,6,6,6,1,1,1,1
32DPR0552Q,12,12,12,12,12,12,12,12,12,12,12,13,13,13,13,14,14,12,13,14,14,14
32DPR1448L,8,8,7,6,6,6,6,6,6,6,6,6,6,6,6,6,6,6,4,4,4,4
32DPR0201M,6,6,6,6,6,6,6,6,6,6,6,6,6,6,6,6,6,6,2,2,2,2
32DPR0116P,6,6,6,6,6,6,6,6,6,6,6,6,6,6,6,6,6,6,6,7,7,7
32DPR1750X,7,6,6,6,6,6,6,6,6,6,6,6,6,6,6,6,6,6,4,4,5,5
32DPR1229Z,8,7,7,6,6,6,6,6,6,6,6,6,6,6,6,6,6,6,6,6,5,5
32DPR1314W,6,6,6,6,6,6,6,8,6,6,7,7,7,7,6,6,6,6,7,8,8,8
32DPR0771C,6,6,6,6,6,6,6,6,6,6,6,6,6,6,6,6,6,6,2,1,1,1
32DPR0686F,6,6,7,7,7,7,6,6,6,7,6,7,7,7,7,7,7,6,5,5,5,5
32DPR0335B,6,6,6,6,6,6,6,6,6,6,6,6,6,6,6,6,6,6,2,2,2,2
32DPR1883N,6,6,6,6,6,6,6,6,6,6,6,6,6,6,6,6,6,6,2,2,2,2
32DPR1407L,6,6,6,6,6,6,6,6,5,5,5,5,5,5,5,5,4,4,1,1,1,1
32DPR0777X,4,2,3,3,3,6,6,6,6,6,6,6,6,5,5,5,5,6,1,1,1,2
32DPR0511Q,6,6,6,6,6,6,6,6,6,6,6,6,6,6,6,6,6,6,1,2,2,2
32DPR0426T,6,6,6,6,6,6,6,6,6,6,6,6,6,6,6,6,6,6,2,2,2,2
32DPR0996J,4,4,6,7,7,7,7,7,8,8,9,10,10,12,12,12,12,12,12,12,13,13
32EPR0104J,6,6,6,6,6,6,6,6,6,6,6,6,6,6,6,6,7,8,9,11,12,12
32DPR1094A,6,6,6,6,6,6,6,6,6,6,6,6,6,6,6,6,6,6,4,6,6,6
32DPR0209E,6,6,6,6,6,6,6,6,6,6,6,6,6,6,6,6,6,6,6,6,6,6
32DPR2428E,6,6,6,6,6,6,6,5,5,5,5,5,5,6,6,6,6,6,1,1,1,1
32DPR0776Y,6,6,6,6,6,6,6,6,6,6,6,6,6,6,6,6,6,6,6,3,3,2
32DPR1406M,6,6,6,6,6,6,6,6,6,6,6,6,6,6,6,6,6,6,1,1,1,1
32DPR1539C,6,6,6,6,6,6,6,6,6,6,6,6,6,6,6,6,6,6,4,4,4,4
32DPR0425U,3,3,3,3,4,4,4,4,3,3,3,3,3,4,4,4,4,6,6,6,6,6
32DPR0994L,8,6,6,6,6,6,6,6,6,6,6,6,6,6,6,6,6,6,6,6,6,6
32EPR0105I,6,6,6,6,6,6,6,6,6,6,6,6,6,6,6,6,6,6,3,3,4,4
32DPR0995K,12,12,12,12,12,12,12,13,13,13,13,13,13,12,12,12,12,12,12,12,12,13
32DPR0559J,6,6,6,6,6,6,6,6,6,6,6,6,6,6,6,6,6,6,3,3,3,3
32DPR1093B,7,7,8,8,8,8,8,8,8,8,8,8,8,8,8,7,7,7,7,7,7,7
32DPR2429D,6,6,6,6,6,6,6,6,6,6,6,6,6,6,6,6,6,2,2,2,2,2
32DPR0208F,16,15,16,15,15,15,16,16,16,16,14,13,13,14,15,15,15,15,15,14,14,14
32DPR0424V,6,6,6,6,6,6,6,6,6,6,6,6,6,6,6,6,6,6,3,3,3,3
32DPR0775Z,6,6,6,6,4,6,6,6,6,6,6,6,6,6,6,6,6,6,2,2,2,2
32DPR1405N,6,6,6,6,7,6,7,7,7,8,8,8,8,8,8,8,9,10,10,10,10,9
32EPR0101M,6,6,6,6,6,6,6,6,6,6,6,6,6,6,6,6,6,6,6,6,6,6
32PPR0126A,6,6,6,6,6,7,8,9,10,11,10,9,9,11,12,12,12,12,13,14,15,16
32DPR1404O,6,6,6,6,6,6,6,6,6,6,6,6,6,6,6,6,7,7,7,7,7,7
32DPR1319R,4,4,4,4,4,4,4,4,4,3,3,3,3,3,3,6,6,6,1,2,2,2
32DPR1092C,6,6,6,6,6,6,6,6,6,7,7,7,7,8,9,8,9,10,10,9,9,11
32DPR1755S,3,3,2,3,3,3,3,3,5,5,6,6,6,6,5,6,6,6,1,1,1,1
32DPR1840P,12,12,12,14,14,14,14,14,14,14,14,13,13,13,13,14,14,14,14,14,14,14
32DPR0207G,7,6,6,6,6,6,6,6,6,6,6,6,6,6,6,6,6,6,6,4,4,4
32DPR0423W,6,6,6,6,6,6,6,6,6,6,6,6,6,6,6,6,6,6,3,3,3,3
32DPR0338Z,6,6,6,6,6,6,6,6,5,6,6,6,6,6,6,6,6,6,6,1,1,1
32DPR0774Z,7,6,6,6,7,7,7,7,7,7,7,7,7,7,7,7,7,7,7,7,7,6
32EPR0102L,6,6,6,6,6,7,6,7,7,9,9,11,11,11,11,11,11,11,11,11,11,11
32EPR0017O,6,6,6,6,6,6,6,6,7,6,6,6,6,6,6,6,6,6,6,6,6,6
32DPR0992N,7,9,7,6,6,6,6,6,6,6,7,7,7,7,6,6,6,6,6,6,6,6
32DPR0641J,6,6,6,6,6,6,6,6,6,6,6,6,6,6,6,6,6,6,2,2,2,2
32DPR1622B,6,6,6,6,6,6,6,6,6,6,6,6,6,6,6,6,6,6,2,2,2,2
32DPR0556M,6,6,6,6,6,6,6,6,6,6,6,6,6,6,6,6,6,6,2,2,2,3
32DPR1669W,7,7,8,8,8,7,7,7,8,8,8,8,8,8,8,8,11,12,12,12,12,12
32DPR0557L,6,6,6,6,6,6,6,6,6,6,6,6,6,6,6,6,6,6,6,6,6,6
32DPR0206H,8,8,7,7,7,7,7,7,7,6,6,6,6,6,6,6,6,6,6,6,6,6
32PPR0125B,6,6,6,7,7,7,7,6,6,6,6,6,6,6,6,6,6,6,6,6,6,6
32EPR0103K,9,6,6,6,6,6,6,6,6,6,6,6,6,6,6,6,6,6,6,6,6,6
32EPR0018N,15,16,16,16,16,16,17,17,17,17,18,18,18,19,19,19,19,19,19,19,19,19
32DPR1403P,4,4,4,4,5,6,6,6,6,6,6,6,6,6,6,6,6,6,6,6,6,6
32DPR1318S,6,6,6,6,6,6,6,6,6,6,6,6,6,6,6,6,6,6,2,2,2,2
32DPR2067K,6,6,6,6,6,6,6,6,6,6,6,6,6,6,6,6,6,6,6,6,6,6
32DPR0721V,9,8,8,8,7,6,6,6,6,6,6,6,6,6,6,6,6,6,6,6,6,6
32DPR0940H,6,6,6,6,6,8,10,11,11,11,11,10,10,11,11,11,11,10,10,10,10,10
32DPR1171P,7,7,7,7,7,6,6,6,6,6,6,6,6,6,6,6,6,6,6,6,6,6
32DPR1086S,6,6,6,6,5,6,6,6,5,5,6,5,5,5,6,6,6,6,1,1,1,1
32DPR0504G,6,6,6,6,6,6,6,6,6,5,5,6,6,6,5,5,5,6,1,1,1,1
32DPR0419J,6,6,6,6,6,6,6,6,6,6,6,6,6,6,6,6,6,6,3,3,3,3
32DPR0191W,11,11,11,11,11,10,10,10,9,9,9,9,9,7,7,7,6,6,6,6,6,6
32DPR2068J,6,6,6,6,6,6,6,6,6,6,6,6,6,6,6,6,6,1,1,1,1,1
32DPR0720W,6,6,6,6,6,6,6,6,6,6,6,6,6,6,6,6,6,6,5,5,5,5
32DPR1085T,6,6,6,6,6,6,6,6,6,6,6,6,6,6,6,6,6,6,6,1,1,1
32DPR1170Q,6,6,6,6,8,9,8,8,8,8,8,8,8,7,6,6,6,6,6,6,6,6
32DPR1834E,14,14,14,14,14,14,14,15,15,15,15,15,15,16,17,17,17,17,17,17,17,17
32DPR0768P,12,12,12,12,11,10,10,10,10,10,11,12,12,11,11,9,9,9,10,10,9,9
32DPR0853M,6,6,6,6,6,6,6,6,6,6,6,6,6,6,6,6,6,6,3,3,3,3
32DPR0418K,12,12,13,13,12,12,12,12,12,12,12,12,12,12,11,11,12,12,12,12,12,12
32DPR0190X,12,12,13,12,12,12,12,12,12,12,12,12,12,12,12,11,11,11,12,12,12,12
32DPR0503H,10,9,8,7,7,6,6,6,6,6,6,6,6,6,6,6,6,6,4,4,4,4
32DPR1700P,6,6,5,4,5,6,6,6,6,6,6,6,6,6,5,6,6,6,1,2,2,2
32DPR0634Z,6,6,6,6,6,6,6,6,6,6,6,6,6,6,6,6,6,6,2,2,1,1
32DPR1833F,11,12,12,12,12,12,12,12,12,12,12,12,12,12,12,12,12,12,12,12,12,12
32DPR1084U,6,6,6,6,6,6,6,6,6,6,6,6,6,6,6,6,6,6,3,3,3,3
32DPR0852N,6,6,6,6,6,6,6,6,6,6,6,6,6,6,6,6,6,6,2,2,2,2
32DPR0417L,6,6,6,6,6,6,6,6,6,6,6,6,6,6,6,6,6,6,1,1,1,1
32DPR2287W,4,4,4,2,2,2,2,2,2,2,2,2,2,2,2,2,2,2,1,1,1,1
32DPR1965X,3,3,3,3,3,3,3,3,3,3,3,3,3,3,3,3,3,3,3,3,3,3
32DPR0502I,6,6,6,5,5,5,5,6,6,6,6,6,6,6,6,6,6,5,1,1,1,1
32DPR1529W,6,6,6,6,6,6,6,6,6,6,6,6,6,6,6,6,6,6,1,1,1,1
32DPR0766R,6,6,6,6,6,6,6,6,6,6,6,6,6,6,6,6,6,6,2,2,2,2
32DPR0851O,12,12,12,12,12,12,12,12,12,12,12,12,12,12,12,12,12,12,12,12,12,12
32DPR1083V,7,7,6,6,6,6,6,6,6,6,6,6,6,6,6,6,6,6,6,6,6,6
32DPR0501J,6,6,6,6,6,6,6,6,6,6,6,6,6,6,6,6,6,6,6,6,6,6
32DPR0416M,6,6,6,6,6,6,6,6,6,6,6,6,6,6,6,6,6,6,2,2,2,2
32DPR0985D,6,6,6,6,6,6,6,6,6,6,6,6,6,6,6,6,6,6,3,3,3,3
32DPR0549C,6,7,7,8,9,9,10,9,9,9,9,9,9,9,9,11,11,11,11,12,12,12
32DPR0280P,6,6,6,6,6,6,6,6,6,6,6,6,6,6,6,6,6,6,4,4,4,4
32DPR0195S,17,17,17,17,18,17,18,18,17,18,14,15,15,15,15,13,13,13,13,13,12,12
32DPR1042V,6,6,6,6,6,6,6,6,6,6,6,6,6,6,6,6,6,3,3,3,3,3
32DPR2063O,11,12,12,13,13,13,13,13,13,13,14,14,14,14,14,15,15,15,15,15,15,15
32DPR0810O,6,6,6,6,6,6,6,6,6,6,6,6,6,6,6,6,6,6,6,3,3,3
32DPR0725R,6,6,6,6,6,6,6,6,6,7,7,7,7,7,7,7,7,7,7,7,7,7
32DPR1706J,6,6,6,6,6,6,6,6,6,6,6,6,6,6,6,6,6,6,3,3,3,3
32DPR0726Q,6,6,6,6,6,6,6,6,6,6,6,6,6,6,6,6,6,6,3,3,3,3
32DPR0944D,6,6,6,6,6,6,6,5,5,5,5,5,5,6,6,6,6,6,2,2,2,2
32DPR1260I,6,6,6,6,6,6,6,6,6,6,6,6,6,6,5,5,5,4,1,1,1,1
32DPR1175L,6,6,6,6,6,6,6,6,6,6,6,6,6,6,6,6,6,6,3,3,3,3
32DPR1392Z,6,6,6,6,6,6,6,6,5,5,6,6,6,6,6,6,6,6,1,1,1,1
32DPR1705K,6,6,6,6,6,6,6,6,6,6,6,6,6,6,6,6,6,1,1,1,1,1
32DPR0061C,6,6,6,6,6,6,6,6,6,6,6,5,5,5,5,5,6,6,1,1,1,1
32DPR1041W,8,8,8,6,6,6,6,7,7,7,7,7,7,7,7,7,7,11,11,11,11,10
32DPR2064N,6,6,6,6,6,6,6,6,6,6,6,6,6,6,6,6,6,6,1,1,1,1
32DPR0724S,11,12,12,11,9,9,9,8,8,9,9,9,9,7,7,6,6,6,6,6,6,6
32DPR0639V,6,6,6,6,6,6,5,6,6,6,6,6,6,6,6,6,6,6,2,2,2,2
32DPR1174M,6,6,6,6,6,6,6,6,6,6,6,6,6,6,6,6,6,6,2,2,2,2
32DPR1838A,6,6,6,6,6,6,6,6,6,6,6,6,6,6,6,6,6,6,6,6,6,6
32DPR0062B,6,6,6,6,6,6,6,6,6,6,6,6,6,6,6,6,6,6,1,1,1,1
32DPR0858H,6,6,6,6,6,6,6,6,6,6,6,6,6,6,6,6,6,6,1,1,1,1
32DPR0194T,10,11,12,12,13,14,16,16,16,16,16,16,16,15,15,13,12,12,11,11,12,13
32EPR0091W,14,14,14,14,14,14,14,14,15,15,15,15,15,15,14,11,11,11,11,11,12,12
32DPR0507D,6,6,6,6,6,6,6,6,6,6,6,6,6,6,6,6,6,5,1,1,1,1
32DPR1704L,12,12,12,12,12,12,12,12,12,12,12,12,12,12,12,12,12,12,12,12,12,12
32DPR0723T,6,6,6,6,6,6,6,6,6,6,6,6,6,6,6,6,6,6,4,4,4,4
32DPR0060D,6,6,6,6,6,6,6,6,6,6,6,6,6,6,6,5,5,5,1,1,1,1
32DPR0638W,6,6,6,6,5,6,5,5,5,5,6,6,6,6,6,6,4,4,4,4,4,4
32DPR1040X,6,6,6,6,6,6,6,6,6,6,6,6,6,6,6,6,6,6,2,2,2,2
32DPR2065M,6,6,6,6,6,6,6,6,6,6,6,6,6,6,6,6,6,6,2,2,2,2
32DPR1088Q,6,6,6,6,6,6,6,6,6,6,6,6,6,6,6,6,6,2,2,2,2,2
32DPR1173N,6,6,6,6,6,6,6,6,6,6,6,6,6,6,6,6,6,6,1,1,1,1
32DPR0857I,6,6,6,6,6,6,6,6,6,6,6,6,6,6,6,6,6,6,2,2,1,1
32DPR0193U,10,10,10,9,9,10,8,8,8,9,8,9,9,10,9,8,8,8,8,9,9,10
32DPR2283Z,3,3,3,3,6,6,6,6,5,5,6,6,6,6,5,5,5,6,1,1,1,1
32DPR0506E,6,6,7,5,5,5,5,5,4,3,3,6,6,6,6,6,6,6,6,6,6,6
32DPR1703M,12,12,12,12,12,12,12,12,12,12,12,12,12,12,14,14,14,14,14,14,14,14
32DPR0722U,6,6,6,6,6,6,6,6,6,6,6,6,6,6,6,5,5,6,1,1,1,1
32DPR0637X,12,11,12,12,12,12,12,12,12,12,12,12,12,12,12,12,12,12,12,12,12,12
32DPR2284Z,3,3,2,3,4,4,3,3,3,3,3,3,3,3,3,3,2,2,2,2,2,2
32DPR0941G,5,5,5,5,5,5,5,6,6,6,6,6,6,6,6,6,6,6,4,4,4,4
32DPR1172O,6,6,6,6,6,6,6,6,6,6,6,6,6,6,6,6,6,6,1,1,1,1
32DPR1087R,6,6,6,6,6,6,6,6,6,6,6,6,6,6,6,6,6,6,2,2,2,2
32DPR0856J,15,15,15,15,15,15,15,15,16,16,17,17,17,18,18,18,18,18,18,18,18,18
32DPR0505F,6,6,6,6,6,6,6,6,6,6,6,6,6,6,6,6,6,6,6,3,3,3
32DPR1390B,6,6,6,6,6,6,6,6,6,6,6,6,6,6,6,6,6,6,1,1,1,1
32DPR0192V,11,10,10,10,10,9,10,9,7,6,6,6,6,6,6,6,6,6,6,6,6,6
32DPR1350A,6,6,6,6,6,6,6,6,6,6,6,6,6,5,5,5,5,5,1,1,1,1
32DPR2027J,6,6,6,6,6,6,6,6,6,6,6,6,6,6,6,6,6,6,3,3,3,3
32DPR0284L,6,6,6,6,6,6,6,6,6,6,6,6,6,6,6,6,6,6,1,1,1,1
32DPR0199O,6,8,9,9,10,9,9,9,8,8,8,8,8,10,10,9,8,8,7,7,6,6
32DPR1046R,6,6,6,6,6,6,6,6,6,6,6,6,6,6,6,6,6,6,1,1,1,1
32DPR1131O,10,12,12,11,11,11,11,12,12,12,12,12,12,12,11,11,11,12,12,12,12,12
32DPR1482S,6,6,6,6,6,6,6,6,6,6,6,6,6,6,6,6,6,6,6,6,6,6
32DPR0151V,6,6,6,6,6,6,6,6,6,6,6,6,6,6,6,6,6,6,6,6,6,6
32DPR0066Y,6,6,6,6,6,6,6,6,6,6,6,6,6,6,6,6,6,6,6,5,5,6
32DPR0900G,12,12,12,12,12,10,10,10,10,12,12,12,12,12,11,10,9,9,10,10,10,11
32EPR0094T,23,24,24,24,24,24,24,24,24,24,24,24,24,24,24,24,24,23,23,23,23,23
32DPR1927U,2,2,3,5,5,6,6,6,6,6,6,6,6,6,6,3,3,2,1,1,1,1
32DPR0198P,9,9,9,9,9,11,11,11,11,11,10,11,11,9,9,9,9,10,10,10,11,11
32EPR0095S,19,19,19,18,18,17,15,15,14,14,14,15,15,15,15,14,15,15,15,15,16,16
32DPR1264E,6,6,6,6,6,6,6,6,6,6,6,6,6,6,6,6,6,6,2,2,2,2
32DPR1179H,6,6,6,6,6,6,6,6,6,6,6,6,6,6,6,6,6,6,2,2,2,2
32DPR1396W,6,6,6,6,6,6,6,6,6,6,6,6,6,6,6,6,6,6,1,1,1,1
32DPR1709G,12,12,13,14,15,17,17,18,18,18,18,18,18,18,18,18,17,17,17,17,16,15
32DPR1481T,6,6,6,6,6,6,6,6,6,6,6,6,6,6,6,5,6,6,1,1,1,1
32DPR1130P,6,6,6,6,6,6,6,6,6,6,6,6,6,6,6,6,6,6,3,2,2,2
32DPR1263F,6,6,6,6,6,6,6,6,6,6,6,6,6,6,6,6,6,6,2,2,2,2
32DPR1178I,12,12,11,10,6,5,5,6,6,4,5,6,6,7,7,7,7,8,9,9,10,10
32DPR0150W,12,12,12,12,11,11,12,12,12,12,12,12,12,12,12,12,12,12,12,12,12,12
32DPR1926V,7,7,7,7,7,8,8,8,8,8,8,9,9,11,12,12,12,12,12,12,12,12
32DPR0282N,6,6,6,6,6,6,6,6,6,6,6,6,6,6,6,6,6,6,2,2,2,2
32DPR0197Q,11,11,10,10,9,9,9,9,8,8,8,8,8,8,7,7,6,6,6,6,6,6
32PPR0089N,7,7,7,7,6,6,6,6,6,6,6,6,6,6,6,6,6,6,6,6,6,6
32DPR1708H,6,6,6,6,5,5,5,6,6,6,5,5,5,5,5,5,5,6,1,1,1,1
32DPR2332S,6,6,6,6,6,6,6,6,6,6,6,6,6,6,6,6,6,6,3,3,4,4
32DPR1044T,6,6,6,6,6,6,6,6,6,6,6,6,6,6,6,5,6,6,1,1,1,1
32DPR1177J,7,7,7,6,6,6,6,6,6,6,6,6,6,6,6,6,6,6,6,6,6,6
32EPR0092V,11,11,11,11,10,10,11,11,11,12,12,11,11,7,7,6,6,6,6,6,6,6
32DPR0946B,12,12,12,12,12,12,12,12,10,10,10,9,9,8,7,6,6,7,7,7,7,7
32PPR0040V,6,6,6,6,6,6,6,6,6,6,6,6,6,6,6,6,6,6,6,6,6,6
32DPR0064Z,6,6,6,6,6,6,6,6,6,6,6,6,6,6,6,6,6,6,1,1,1,1
32DPR0509B,6,6,6,6,6,6,6,6,6,6,6,6,6,6,6,6,6,6,2,3,3,3
32PPR0088O,8,8,7,8,8,8,9,10,11,11,11,11,11,10,10,10,10,11,12,12,12,12
32DPR0281O,11,11,11,11,11,11,11,11,11,12,11,11,11,11,11,11,12,11,11,11,11,11
32DPR0196R,7,7,7,6,6,6,6,6,6,6,6,6,6,6,6,6,6,6,3,3,3,3
32DPR1043U,6,6,6,7,7,7,7,7,7,8,9,10,10,10,11,11,12,12,12,13,14,16
32DPR2333R,6,6,6,6,6,6,6,6,6,6,6,6,6,6,6,6,6,6,2,2,2,2
32DPR1707I,6,6,6,6,6,6,6,6,6,6,6,6,6,6,6,6,6,6,2,2,2,2
32DPR0812M,6,6,6,6,6,6,6,6,6,6,6,6,6,6,6,6,6,6,2,2,2,2
32EPR0093U,6,6,6,6,6,6,6,6,6,6,6,6,6,6,6,6,6,6,6,6,6,6
32DPR1924X,6,6,6,6,6,6,5,6,6,6,6,6,6,6,6,6,6,6,1,1,1,1
32DPR0945C,4,4,4,4,4,4,4,4,4,6,6,6,6,6,6,6,6,6,3,3,3,3
32DPR1176K,6,6,6,6,6,6,6,6,6,6,6,5,5,6,6,6,6,6,1,1,1,1
32DPR0240O,6,6,6,6,6,6,6,6,6,6,6,6,6,6,6,6,6,6,2,2,2,2
32DPR0155R,6,6,6,6,6,6,6,6,6,6,6,6,6,6,5,5,5,6,1,1,2,2
32DPR0904C,7,6,6,6,6,6,6,6,6,6,6,6,6,6,6,6,6,6,4,5,7,7
32DPR0819F,6,6,6,6,6,6,6,6,6,6,6,6,6,6,6,6,6,6,3,3,3,3
32PPR0087P,6,6,6,6,6,6,6,6,6,6,6,6,6,6,6,6,6,6,7,7,7,7
32DPR1002U,6,6,6,6,6,6,6,6,6,6,6,6,6,6,6,6,6,6,2,2,2,2
32DPR0289G,12,12,12,12,12,12,13,13,14,13,14,14,14,14,14,14,14,14,14,14,14,14
32DPR0374D,6,6,6,6,6,6,6,6,6,6,6,6,6,5,4,4,4,5,1,1,1,1
32PPR0086Q,6,6,6,6,6,6,6,6,6,6,6,6,6,6,6,6,6,6,6,6,6,6
32DPR1486O,6,6,6,6,6,6,6,6,6,6,6,6,6,6,6,6,6,6,3,3,3,3
32DPR2024M,2,2,2,2,1,2,2,2,2,2,2,2,2,2,2,2,1,1,1,1,1,1
32DPR0154S,6,6,6,6,6,6,6,6,6,6,6,6,6,6,6,6,6,6,2,2,2,2
32DPR0372F,7,6,6,6,6,6,6,6,6,6,6,6,6,6,6,6,6,6,4,4,4,4
32DPR0287I,5,5,5,5,5,5,6,6,6,6,6,6,6,5,5,5,5,6,1,1,1,1
32DPR1352Z,6,6,6,6,6,6,6,6,6,6,6,5,5,5,5,6,6,5,1,1,1,1
32DPR1268A,6,6,6,6,6,5,5,5,5,5,5,6,6,6,6,6,6,6,1,1,1,1
32DPR0022A,6,6,6,6,6,6,6,6,6,6,6,6,6,6,6,6,6,6,2,2,2,2
32DPR2242Z,3,3,3,3,2,2,2,2,3,3,3,3,3,2,2,2,2,2,2,2,2,2
32DPR1485P,6,6,6,6,6,6,6,6,6,6,6,6,6,6,5,5,5,4,1,1,1,1
32DPR0373E,6,6,6,6,6,6,6,6,6,5,5,6,6,6,6,6,6,6,2,2,2,2
32DPR1001V,6,6,6,6,6,6,6,6,6,6,6,6,6,6,6,6,6,6,1,1,1,1
32PPR0085R,6,6,6,6,6,6,6,6,6,6,6,6,6,6,6,6,6,6,6,6,6,6
32PPR0170O,4,5,6,5,6,6,4,5,6,6,6,6,6,6,6,6,6,6,1,2,2,2
32DPR1134L,6,6,6,6,6,6,6,6,6,6,6,6,6,6,5,5,5,6,1,1,1,1
32DPR0818G,6,6,6,6,6,6,6,6,6,6,6,6,6,6,6,6,6,6,3,3,3,3
32DPR1049O,6,6,6,6,6,6,6,6,6,6,6,6,6,6,6,6,6,6,3,3,3,3
32DPR1267B,6,6,6,6,6,6,6,6,6,6,6,6,6,6,6,6,6,6,6,6,6,6
32DPR0153T,6,6,6,6,6,6,6,6,6,6,6,6,6,6,6,6,6,6,3,3,2,2
32EPR0096R,11,11,11,11,11,10,10,10,9,9,9,10,10,8,8,8,8,8,8,7,7,7
32DPR0286J,6,6,6,6,6,6,6,6,6,6,6,6,6,6,6,6,6,6,4,3,3,3
32DPR0371G,6,6,6,6,6,6,6,6,6,6,6,6,6,6,6,6,6,6,3,3,3,3
32DPR1351Z,6,6,6,6,6,6,6,6,5,5,5,6,6,6,6,6,5,1,1,1,1,1
32DPR1484Q,6,6,6,6,6,6,6,6,6,6,6,6,6,6,6,6,6,6,4,4,5,5
32DPR0021B,6,6,6,6,6,6,6,6,6,6,6,6,6,6,6,6,6,6,1,1,1,1
32DPR0902E,6,6,6,6,6,6,6,6,6,6,6,6,6,6,6,6,6,6,2,3,3,3
32DPR1133M,6,6,6,6,6,6,6,6,6,6,6,6,6,5,4,6,6,6,6,1,1,1
32DPR0370H,6,6,6,6,6,6,6,6,6,6,6,6,6,6,6,6,6,6,2,2,2,2
32DPR1047Q,7,7,7,8,8,8,8,8,8,9,9,9,9,10,10,9,7,6,6,6,7,7
32DPR1132N,6,6,6,6,6,6,6,6,6,6,6,6,6,6,6,6,6,6,2,2,2,2
32DPR1398U,5,5,5,6,6,6,6,6,6,6,6,6,6,6,6,6,6,6,1,1,1,1
32DPR1483R,6,6,6,6,6,6,6,6,6,6,6,6,6,6,6,6,6,6,1,1,1,1
32DPR0152U,6,6,6,6,6,6,6,6,6,6,6,6,6,6,6,6,6,6,3,3,2,2
32DPR0901F,12,12,12,13,13,13,13,13,13,13,13,12,12,12,12,12,12,12,12,12,12,12
32DPR2108U,6,6,6,6,6,6,6,6,6,6,6,6,6,6,6,6,6,6,2,2,2,2
32EPR0042N,10,9,8,7,7,6,8,8,8,9,9,9,9,7,7,6,8,8,9,9,9,10
32DPR0450T,6,6,6,6,6,6,6,6,6,6,6,6,6,6,6,6,6,6,1,1,1,1
32DPR0365W,6,6,6,6,6,6,6,6,6,6,6,6,6,6,6,6,6,6,1,1,1,1
32DPR0498M,12,12,12,11,11,10,10,10,10,10,8,9,9,11,12,11,13,13,13,12,13,13
32DPR1128A,6,6,6,6,6,6,5,5,5,5,5,5,5,6,6,6,6,6,1,1,1,1
32DPR0583J,6,6,6,6,6,6,6,6,6,6,6,6,6,6,6,6,6,6,1,1,1,1
32PPR0027A,9,8,7,8,7,6,7,8,9,10,11,11,11,11,12,11,11,11,11,10,10,11
32DPR1696T,6,6,6,6,6,6,6,6,6,6,6,6,6,6,6,6,6,6,2,2,2,2
32DPR0148H,6,6,6,6,6,6,6,6,6,6,6,6,6,6,6,6,6,6,3,3,3,3
32DPR0233E,9,8,8,8,8,8,8,8,8,8,7,7,7,7,7,6,6,6,6,6,6,7
32DPR2327G,12,12,12,12,11,10,9,9,8,9,10,11,11,11,12,12,10,10,11,12,12,12
32DPR1345P,7,7,6,7,6,6,6,7,7,7,7,7,7,9,9,10,11,11,10,10,10,10
32DPR1430M,3,3,3,2,3,3,3,3,3,3,3,3,3,3,3,3,3,6,1,1,1,1
32DPR0013T,6,6,6,6,6,6,6,6,6,6,6,6,6,6,6,6,6,6,1,1,1,1
32PPR0159S,12,11,13,13,13,12,11,12,12,12,13,11,11,10,9,9,8,9,7,6,6,6
32DPR0279Z,6,6,6,6,6,6,6,6,6,6,6,6,6,5,6,6,6,5,5,5,5,5
32DPR0582K,6,6,6,5,5,5,5,6,6,5,5,5,5,6,6,6,6,6,1,1,1,1
32DPR0231G,6,6,6,6,6,6,6,6,6,6,6,6,6,6,6,6,6,6,3,3,3,3
32DPR0146J,10,10,11,11,10,11,10,10,10,11,12,12,12,13,13,12,13,13,13,12,12,12
32EPR0043M,13,13,13,13,13,13,13,13,14,14,14,14,14,15,15,17,17,17,18,18,18,18
32DPR0497N,9,9,8,7,7,7,7,7,7,7,7,7,7,8,6,7,7,7,8,9,9,9
32DPR0809Z,6,6,6,6,6,6,6,6,6,6,6,5,5,6,6,6,6,6,2,2,2,2
32DPR1344Q,6,6,6,6,6,6,6,6,6,6,6,6,6,6,6,6,6,6,5,5,5,4
32PPR0026B,6,6,6,6,6,6,6,6,6,6,6,6,6,6,6,6,6,6,6,6,6,6
32DPR0232F,7,7,7,6,6,6,6,6,6,6,6,6,6,6,6,7,7,7,7,7,7,7
32DPR0147I,8,8,8,8,8,8,8,8,7,6,6,6,6,6,6,6,6,6,5,5,5,5
32DPR1780R,2,2,2,2,2,3,3,2,2,2,2,2,2,3,3,3,3,3,3,3,3,3
32DPR1695U,6,6,6,6,6,6,6,6,6,6,6,6,6,6,6,6,6,6,6,6,6,6
32DPR0364X,10,9,10,8,8,6,7,7,7,8,8,8,8,8,8,7,7,7,7,6,6,6
32DPR2328F,6,6,6,6,6,6,5,5,6,6,6,6,6,5,6,5,6,5,1,1,1,1
32DPR1126C,6,6,6,4,6,5,6,6,6,6,6,6,6,6,5,5,5,5,1,1,1,1
32PPR0158T,6,6,6,6,6,6,6,6,6,6,6,6,6,6,6,6,5,3,3,3,3,3
32DPR0012U,6,6,6,6,6,6,6,6,6,6,6,6,6,6,6,6,6,6,2,2,3,3
32DPR1477G,6,6,6,6,6,6,6,6,6,6,6,6,6,6,5,6,6,5,1,1,1,1
32DPR0145K,6,6,6,6,6,6,6,6,6,6,6,6,6,6,6,6,6,6,2,2,2,2
32DPR0230H,11,11,11,11,11,11,11,11,10,9,10,9,9,9,9,8,7,7,12,12,12,12
32DPR0496O,17,18,18,18,18,18,18,18,18,18,18,18,18,18,18,18,18,18,18,18,18,18
32DPR0808Z,6,6,6,6,6,6,6,6,6,6,6,6,6,6,6,5,5,5,1,1,1,1
32DPR2329E,6,6,6,6,6,6,6,6,6,5,6,6,6,6,6,6,6,6,1,1,1,1
32DPR1258U,6,6,6,6,6,6,6,6,6,6,5,6,6,6,5,5,5,6,2,2,2,2
32DPR1343R,6,6,6,6,6,6,6,6,6,6,6,6,6,6,6,6,6,2,2,2,2,2
32PPR0025C,15,15,15,15,15,16,16,16,16,16,15,14,14,13,13,12,12,12,12,12,12,12
32DPR0363Y,7,6,6,6,6,6,6,6,6,6,6,6,6,6,6,6,6,6,6,6,6,6
32DPR2414B,6,6,6,6,6,6,7,9,10,10,10,12,12,12,12,12,12,12,12,12,12,12
32EPR0041O,20,20,20,20,20,20,20,20,20,20,19,19,19,15,14,11,10,10,9,9,9,9
32DPR0495P,6,6,6,6,6,6,6,5,5,5,6,5,5,5,6,6,6,6,1,1,1,1
32DPR1210A,6,6,6,6,6,6,8,9,11,11,12,13,13,13,13,13,12,12,12,12,12,12
32DPR0580M,6,6,6,6,6,6,6,6,6,6,6,6,6,6,6,6,6,6,3,3,3,3
32PPR0157U,6,6,6,6,6,6,6,6,5,6,6,6,6,6,6,6,6,6,5,5,5,6
32DPR1693W,6,6,6,6,6,6,6,6,6,6,7,7,7,7,7,7,6,6,6,6,6,6
32DPR0059O,6,6,6,6,6,6,6,6,6,6,6,6,6,6,6,6,6,6,1,1,1,1
32DPR0144L,10,9,9,10,10,10,10,10,10,10,10,10,10,10,10,10,11,12,11,12,12,12
32DPR1342S,6,6,6,6,6,6,6,6,6,6,6,6,6,6,6,6,6,6,2,2,2,2
32PPR0024D,6,6,6,6,6,6,6,6,6,7,6,6,6,6,6,6,6,6,6,6,6,6
32PPR0156V,6,6,8,9,10,11,11,9,8,8,9,8,8,8,8,6,6,6,6,8,7,6
32DPR1475I,6,6,6,6,6,6,6,6,6,6,6,6,6,5,5,5,5,5,1,1,1,1
32DPR1560F,6,6,6,6,6,6,6,6,6,6,6,6,6,6,6,6,6,6,2,2,2,2
32DPR2415A,6,6,6,5,5,5,5,5,6,6,6,6,6,6,6,5,5,5,1,1,1,1
32DPR0278A,6,6,6,6,6,6,6,6,6,6,6,6,6,6,6,6,6,6,1,1,1,1
32DPR1435H,5,5,5,5,5,5,6,6,6,6,6,6,6,6,4,5,4,4,1,1,1,1
32DPR0890Q,6,6,6,6,6,6,6,6,6,6,6,6,6,6,6,6,6,6,2,2,3,3
32DPR1520E,6,6,6,6,6,6,6,6,6,6,6,6,6,6,6,6,6,6,2,2,3,3
32PPR0023E,12,12,13,12,12,12,12,11,11,11,12,13,13,15,15,16,17,17,16,16,15,16
32DPR0018O,6,6,6,6,6,6,6,6,6,6,6,6,6,6,6,6,6,6,3,3,3,3
32EPR0131G,17,17,17,17,17,17,17,17,17,17,18,18,18,18,18,18,18,18,18,18,18,18
32EPR0046J,6,6,6,6,6,6,6,6,6,6,6,6,6,6,6,6,6,6,6,6,6,6
32DPR0369S,6,6,6,6,6,6,6,6,6,5,6,6,6,6,6,6,6,6,1,1,1,1
32DPR1216V,6,6,6,6,6,6,6,6,6,7,7,7,7,6,6,6,6,6,4,4,4,4
32DPR1301S,6,6,6,6,6,6,6,6,6,6,6,6,6,6,6,6,6,6,1,1,1,1
32DPR1652W,6,6,6,6,6,6,6,6,6,6,6,6,6,6,6,6,6,6,1,1,1,1
32EPR0047I,18,18,18,18,18,18,18,18,18,18,18,18,18,18,18,18,18,18,18,18,18,18
32DPR0019N,11,12,12,12,12,12,12,12,13,13,13,12,12,12,12,11,11,10,11,11,11,11
32DPR1785M,3,3,3,2,2,2,2,2,2,2,2,2,2,2,2,2,1,1,1,1,1,1
32DPR1870J,6,6,6,6,6,6,6,6,6,6,6,6,6,6,6,6,6,6,3,3,3,3
32DPR0321Z,6,6,6,6,6,6,6,6,6,6,6,6,6,6,6,6,6,6,2,2,2,2
32DPR0237A,5,5,6,6,6,6,6,6,6,6,6,6,6,4,4,4,4,6,1,1,1,1
32DPR0368T,11,12,13,14,8,7,7,8,7,7,8,9,9,9,9,9,8,10,9,9,9,9
32DPR0453Q,6,6,6,6,6,6,6,6,6,6,6,6,6,6,6,6,6,6,2,2,2,2
32DPR1349L,5,4,5,5,5,5,5,6,6,6,6,6,6,6,6,6,6,6,6,1,1,1
32DPR1434I,6,6,6,6,6,6,6,6,6,6,6,6,6,6,6,6,6,6,2,2,2,2
32DPR0017P,6,6,6,6,6,6,6,6,6,6,6,6,6,6,6,6,6,6,3,2,2,2
32DPR0102M,6,6,6,6,6,6,6,6,6,5,5,6,6,6,6,6,6,6,1,1,1,1
32PPR0022F,6,6,6,6,6,7,7,8,9,10,11,12,12,12,12,12,11,10,12,13,12,12
32DPR1300T,6,6,6,6,6,6,6,6,6,6,6,6,6,7,9,11,12,12,12,12,12,12
32DPR1215W,15,15,15,15,15,15,15,16,17,16,15,15,15,17,18,18,18,18,18,18,18,18
32DPR1566Z,6,6,6,6,6,6,6,6,6,6,6,6,6,6,6,6,6,6,4,4,4,4
32DPR0587F,6,6,6,6,6,6,6,6,6,6,6,6,6,6,6,6,6,6,4,4,4,4
32EPR0133E,6,6,6,6,6,6,6,6,6,6,6,6,6,6,6,6,6,6,6,6,6,6
32DPR0672C,6,6,6,6,5,6,6,6,6,6,6,6,6,5,6,5,5,5,1,1,1,1
32DPR1348M,6,6,6,6,6,6,6,7,6,6,6,6,6,7,7,6,6,6,7,7,8,9
32DPR1433J,6,5,6,6,6,6,6,6,6,6,5,4,4,5,5,6,6,6,1,1,1,1
32DPR0236B,6,6,6,6,6,6,6,6,6,6,6,6,6,6,6,6,6,6,2,2,2,2
32DPR0452R,5,6,6,6,4,5,5,6,6,6,5,5,5,4,5,6,6,5,1,1,1,1
32DPR0367U,6,6,6,6,6,6,6,6,6,6,6,6,6,6,6,6,6,6,1,1,1,1
32EPR0044L,12,10,10,9,8,7,8,9,9,9,9,10,10,12,12,12,12,12,12,12,12,12
32DPR0016Q,6,6,6,6,6,6,6,6,6,6,6,6,6,6,6,6,6,6,1,1,1,1
32DPR0101N,6,6,6,6,6,6,6,6,6,6,6,6,6,6,6,6,6,6,1,1,1,1
32DPR0671D,6,6,6,6,6,6,6,6,6,6,6,6,6,6,6,6,6,6,3,3,3,3
32DPR0586G,6,6,6,6,6,6,6,6,6,6,6,6,6,6,6,6,6,6,1,1,1,1
32DPR1214X,6,6,6,6,6,6,6,6,6,6,6,6,6,6,6,6,6,6,3,3,3,3
32DPR1432K,6,6,6,6,6,6,6,6,6,6,6,6,6,6,6,6,6,6,2,2,2,2
32DPR1347N,19,20,16,16,16,16,16,17,18,18,18,18,18,18,18,18,18,18,18,18,18,18
32DPR0366V,6,6,6,6,6,6,6,6,6,6,6,6,6,6,6,6,6,6,1,1,1,1
32DPR0451S,6,6,6,6,6,6,6,6,6,6,6,6,6,6,6,6,6,6,1,1,2,2
32EPR0045K,6,6,6,6,6,6,6,6,6,6,6,6,6,6,6,6,6,6,6,6,6,6
32DPR0499L,6,6,6,6,6,6,7,6,6,7,7,7,7,8,7,6,6,7,8,9,10,10
32DPR0584I,6,6,6,6,6,6,6,6,6,6,6,6,6,6,6,5,5,6,1,1,1,1
32DPR0100O,6,6,6,6,6,6,6,6,6,6,6,6,6,6,6,6,6,6,1,1,1,1
32DPR0015R,6,6,6,6,6,6,6,6,6,6,6,6,6,6,6,6,6,6,2,2,2,2
32DPR0149G,6,6,6,6,6,6,6,6,6,6,6,6,6,6,6,6,6,6,2,2,2,2
32DPR0234D,6,6,6,6,6,6,6,6,6,6,6,6,6,6,6,6,6,6,2,2,2,2
32DPR0585H,11,11,11,11,12,12,12,12,12,12,12,12,12,12,12,12,12,12,12,12,12,12
32DPR0670E,6,6,6,6,6,6,6,6,6,6,6,6,6,6,6,6,6,6,3,3,3,3
32DPR1697S,6,6,6,6,6,6,6,6,6,6,6,6,6,6,6,6,6,6,1,1,1,1
32DPR1431L,6,6,6,6,6,6,6,6,6,6,6,6,6,6,6,6,6,6,2,2,2,1
32DPR1346O,6,6,6,6,6,5,6,6,6,6,6,6,6,6,6,6,5,6,1,1,1,1
32DPR0410S,6,6,6,6,6,6,6,6,6,6,6,6,6,6,6,6,6,6,6,6,6,6
32DPR0325V,6,6,6,6,6,6,6,6,6,6,6,6,6,6,6,6,5,5,1,1,2,2
32DPR0761W,6,6,6,6,6,6,6,6,6,5,5,5,5,6,6,6,6,6,1,1,1,1
32DPR1960B,6,6,6,6,6,6,6,6,6,6,6,6,6,6,6,6,6,6,6,6,6,6
32DPR1306N,5,6,6,6,5,5,5,6,6,6,6,6,6,6,6,6,6,6,1,1,1,1
32EPR0002M,12,12,12,12,12,12,12,12,12,12,12,12,12,12,11,9,9,9,9,10,10,10
32DPR1439D,6,6,6,6,6,6,6,6,6,6,6,6,6,6,6,6,6,6,2,2,2,2
32DPR2419X,11,12,12,12,12,13,14,14,14,14,14,15,15,15,15,15,15,15,15,15,15,15
32DPR0544H,6,6,6,6,6,6,6,6,6,6,6,6,6,6,6,6,6,6,3,3,3,3
32DPR0459K,6,5,5,5,5,5,5,6,6,6,5,5,5,5,6,6,6,4,1,1,1,1
32DPR1305O,6,6,6,6,6,6,6,6,6,6,6,6,6,5,5,5,5,5,1,1,1,1
32DPR1656S,6,6,6,6,6,6,6,6,6,6,6,6,6,6,6,6,6,6,2,2,2,2
32EPR0136B,9,9,9,9,9,10,10,10,10,10,10,11,11,12,12,12,12,12,12,12,12,12
32DPR1741P,7,6,6,6,7,7,7,7,7,7,7,7,7,8,8,9,8,8,8,8,8,8
32DPR0108G,6,6,6,6,6,6,6,6,6,6,6,6,6,5,5,6,6,6,2,2,2,2
32DPR1789I,1,1,1,1,1,1,1,1,1,3,1,1,1,1,2,2,2,2,1,1,1,1
32DPR0324W,6,6,6,6,5,6,6,6,6,5,6,5,5,6,6,5,4,5,1,1,1,1
32DPR0675Z,6,6,6,6,6,6,6,6,6,6,6,6,6,6,6,6,6,6,1,1,1,1
32DPR0893N,6,6,6,6,6,6,6,6,6,6,6,6,6,6,6,6,6,6,2,2,2,2
32DPR0457M,6,6,6,6,6,6,6,6,6,5,5,5,5,6,5,5,6,6,1,1,1,1
32DPR1523B,6,6,6,6,6,6,6,6,6,6,6,6,6,6,6,6,6,6,3,3,3,3
32DPR1438E,5,4,4,5,5,6,6,6,6,6,6,6,6,6,6,6,6,6,2,2,2,2
32DPR0543I,10,10,11,11,11,11,12,12,11,10,10,10,10,8,9,10,10,11,11,12,12,12
32DPR1655T,6,6,6,6,6,6,6,6,6,6,6,6,6,6,6,6,6,6,1,1,1,1
32DPR1740Q,2,2,2,2,2,1,1,1,1,1,1,1,1,1,1,1,1,1,1,1,1,1
32DPR0107H,6,6,6,6,6,6,6,6,6,6,6,6,6,6,6,6,6,3,3,4,4,4
32EPR0004K,12,12,12,12,11,8,8,8,8,8,8,9,9,9,9,9,8,8,9,6,6,6
32DPR2060R,6,6,6,6,6,6,6,6,6,6,6,6,6,6,6,6,6,5,5,1,1,1
32DPR0458L,6,6,6,6,6,6,6,6,6,6,6,6,6,6,6,6,5,5,1,1,1,1
32DPR1304P,7,7,7,8,7,7,7,7,7,7,7,7,7,8,9,8,8,8,8,8,8,9
32DPR1219S,6,6,6,6,6,6,5,6,5,5,6,6,6,6,6,6,6,6,1,1,1,1
32DPR0760X,6,6,6,6,6,6,6,6,6,6,6,6,6,5,5,4,5,5,1,1,1,2
32EPR0137A,14,14,14,14,14,14,14,14,14,14,14,14,14,14,14,14,14,14,14,14,14,14
32DPR1437F,6,6,6,6,6,6,6,6,6,6,6,6,6,6,6,6,6,6,2,2,2,2
32DPR1788J,2,2,2,1,2,2,2,2,4,4,3,2,2,2,2,2,2,2,1,1,1,1
32DPR0238Z,6,6,6,6,6,6,6,6,6,6,6,6,6,6,6,6,6,6,1,1,1,1
32DPR0456N,6,6,6,6,6,6,6,6,6,6,5,6,6,6,6,6,6,6,2,1,1,1
32DPR0892O,6,6,6,6,6,6,6,6,6,6,6,6,6,6,6,6,6,6,2,2,2,2
32DPR1654U,3,3,3,3,3,3,3,3,6,6,6,6,6,6,6,6,6,6,1,1,1,2
32DPR0106I,6,6,6,6,6,6,6,6,6,6,6,6,6,6,6,6,6,6,3,3,3,3
32EPR0134D,18,18,18,18,18,18,18,18,18,18,18,18,18,18,18,18,18,18,18,18,18,18
32DPR1303Q,6,6,6,6,6,6,6,6,6,6,6,6,6,6,6,6,6,6,3,3,3,3
32DPR1872H,7,6,6,7,6,6,6,6,6,6,6,6,6,6,6,6,6,6,3,2,2,2
32DPR1787K,6,6,6,6,6,6,6,6,6,6,6,6,6,6,6,6,6,6,3,3,4,4
32DPR0540L,6,6,6,6,6,6,6,5,5,5,5,6,6,6,6,5,6,6,1,1,1,1
32EPR0001N,14,14,14,14,14,14,15,15,15,15,15,15,15,16,16,16,16,16,16,16,16,16
32DPR1568Y,6,6,6,6,6,6,6,6,6,6,6,6,6,6,6,6,6,6,3,3,3,3
32DPR1653V,6,6,6,5,6,6,6,6,6,6,6,6,6,6,6,6,6,6,6,6,6,6
32DPR0105J,14,14,16,16,17,17,17,17,17,17,16,16,16,16,16,16,16,16,16,16,16,16
32DPR1217U,6,6,6,6,6,6,6,6,5,5,6,6,6,6,6,6,6,1,1,1,1,1
32DPR1302R,12,7,8,7,7,7,7,7,6,6,7,7,7,8,8,8,7,6,6,7,7,8
32DPR0329R,6,6,6,6,6,6,6,6,6,6,6,6,6,6,6,6,6,6,1,1,1,1
32DPR0414O,6,6,6,6,6,6,6,6,6,6,6,6,6,6,6,6,6,6,5,5,5,5
32DPR0765S,6,6,6,6,6,6,6,6,6,6,6,6,6,6,6,6,6,6,1,1,1,1
32DPR1082W,6,5,5,5,6,6,7,7,7,7,6,6,6,7,7,7,7,8,10,11,11,11
32DPR1963Z,2,3,3,3,3,3,3,3,3,3,2,2,2,2,2,1,2,2,2,2,2,2
32EPR0007H,6,6,6,6,6,6,6,6,6,6,6,6,6,6,6,6,6,6,6,6,6,6
32DPR0500K,6,6,6,6,6,6,6,6,6,6,5,5,5,5,5,5,6,1,1,1,1,1
32DPR1612V,6,6,6,6,6,6,6,6,6,6,6,6,6,6,5,6,5,6,1,1,1,1
32DPR0415N,6,6,6,6,6,6,6,6,6,6,6,6,6,6,6,6,6,6,4,4,4,4
32DPR0899H,14,14,14,14,14,14,14,14,14,14,14,14,14,14,14,13,13,13,14,14,14,14
32DPR0984E,12,12,12,12,12,12,12,12,13,13,13,13,13,13,14,14,14,14,14,14,14,14
32DPR0548D,13,13,13,12,12,12,12,12,12,12,12,12,12,12,12,15,15,14,13,13,13,12
32DPR1309K,6,6,6,6,6,6,6,6,6,6,6,6,6,6,6,6,6,6,2,2,2,2
32DPR1081X,8,9,9,9,9,9,9,9,9,10,10,11,11,12,12,12,12,12,12,12,12,12
32DPR0679W,6,6,6,6,6,6,6,6,6,6,6,6,6,6,6,6,6,6,3,3,3,3
32DPR2416Z,6,6,6,6,6,6,6,6,6,6,6,6,6,6,6,6,6,3,4,4,4,4
32DPR0413P,9,9,10,8,9,11,11,11,10,8,8,8,8,9,10,12,11,11,11,12,12,12
32DPR1526Z,11,10,10,9,8,8,8,10,10,10,10,10,10,8,8,8,6,6,6,5,4,2
32DPR1962Z,3,3,3,3,3,2,3,3,3,2,2,1,1,1,2,1,1,1,1,1,1,1
32DPR0983F,6,6,6,6,6,6,6,6,6,6,6,6,6,5,5,5,5,5,1,2,2,2
32DPR0898I,9,8,8,8,8,8,7,7,7,7,7,7,7,7,7,7,9,9,8,8,10,10
32DPR0632B,13,13,14,14,14,14,14,14,14,14,14,14,14,14,14,14,14,14,14,14,14,14
32DPR0547E,18,18,18,18,18,18,18,18,18,18,18,18,18,18,18,18,18,18,18,18,18,18
32EPR0008G,18,18,18,19,19,19,19,19,19,19,19,19,19,19,19,17,17,17,16,16,15,15
32DPR2417Z,6,6,6,6,6,6,6,6,6,6,6,6,6,6,6,6,6,6,6,3,3,3
32DPR0678X,6,6,6,6,6,6,6,6,6,6,6,6,6,6,6,6,6,6,1,1,1,1
32DPR0763U,6,6,6,6,6,6,6,6,6,6,6,6,6,6,6,6,6,6,2,2,2,2
32DPR2190K,2,2,2,1,2,2,2,1,1,1,1,1,1,1,1,1,1,1,1,1,1,1
32DPR0412Q,6,6,6,6,6,6,6,6,6,6,6,6,6,6,6,6,6,6,4,4,4,4
32DPR0327T,6,6,6,6,6,6,6,6,6,6,6,6,6,6,6,6,6,6,4,4,4,4
32DPR0897J,6,6,6,6,6,6,6,6,6,6,6,6,6,6,6,6,6,6,2,2,2,2
32DPR0546F,6,6,6,6,6,6,6,6,6,6,6,6,6,6,6,6,6,6,2,2,2,2
32DPR0631C,10,10,10,10,10,11,12,12,12,12,12,12,12,12,12,12,12,12,12,12,12,12
32EPR0005J,12,12,12,12,12,12,12,12,12,12,12,12,12,12,12,12,12,12,12,12,12,12
32DPR1658Q,19,19,20,20,20,20,21,22,22,22,23,23,23,23,24,24,24,24,24,24,24,24
32DPR0677Y,6,6,6,6,6,5,4,5,5,5,5,5,5,6,6,6,6,5,1,1,1,1
32DPR0762V,6,6,6,6,6,6,6,6,6,6,6,6,6,6,6,6,6,6,5,5,5,5
32DPR1307M,6,6,6,6,6,6,6,6,6,6,6,6,6,6,6,6,6,6,3,3,3,3
32DPR1961A,6,6,6,6,6,6,6,6,6,6,6,6,6,6,6,6,6,6,1,1,1,1
32DPR0411R,4,6,6,6,6,6,6,6,6,6,6,6,6,6,6,6,6,6,2,2,2,2
32DPR1876D,6,6,6,6,6,6,6,6,6,6,6,6,6,6,6,6,6,6,6,6,6,6
32DPR0895L,14,13,13,13,13,13,12,12,12,13,13,13,13,12,12,12,12,11,10,12,10,10
32DPR0980I,6,6,6,6,6,6,6,6,6,6,6,6,6,6,6,6,6,6,2,2,2,2
32EPR0006I,6,6,6,6,6,6,6,6,6,6,6,6,6,6,6,6,6,6,6,6,6,6
32DPR0981H,4,4,4,4,4,4,4,4,4,4,4,4,4,6,6,6,6,6,4,4,4,4
32DPR0896K,6,6,6,6,6,6,6,6,6,6,6,6,6,6,6,6,6,6,3,3,3,3
32DPR0545G,6,6,6,6,6,6,6,6,6,6,6,6,6,6,6,6,6,3,3,3,3,3
32DPR1657R,10,9,10,10,10,9,10,11,10,10,10,11,11,11,12,12,12,12,12,12,12,12
32DPR0109F,6,6,6,6,6,6,6,6,6,6,6,6,6,6,6,6,6,6,3,3,3,3
32DPR2055F,6,6,6,6,6,6,6,6,6,6,6,6,6,6,6,4,6,6,6,6,6,6
32DPR0624T,18,18,18,18,18,18,18,18,18,18,18,18,18,18,18,18,18,18,18,18,18,18
32DPR0539W,6,6,6,6,6,6,6,6,6,6,6,6,6,6,6,6,6,6,2,2,2,2
32DPR1074N,8,8,8,8,8,9,9,9,9,9,8,9,9,9,9,9,9,9,9,10,10,12
32DPR0843F,6,6,6,6,6,6,6,6,6,6,6,6,6,6,6,6,6,6,2,2,2,2
32DPR0758I,7,7,8,8,9,7,8,8,7,7,7,7,7,9,8,8,9,10,10,9,9,9
32DPR0407E,10,11,12,8,10,10,10,10,10,10,10,10,10,9,7,7,7,7,7,7,13,14
32DPR1519P,1,1,1,1,1,1,1,1,1,1,1,1,1,1,1,1,2,2,2,2,2,2
32DPR1604M,6,6,6,6,6,6,6,6,6,6,6,6,6,6,6,6,6,6,2,2,2,2
32DPR0623U,12,12,12,12,12,12,12,12,12,12,12,11,11,10,10,10,10,10,10,10,10,10
32DPR1073O,6,6,6,6,6,6,6,6,6,6,6,6,6,6,6,6,6,6,2,2,3,3
32DPR0757J,12,12,12,12,12,12,12,11,11,11,12,11,11,12,12,11,9,9,7,6,6,6
32DPR1954R,6,6,6,6,6,6,6,6,6,5,6,6,6,4,5,6,6,6,1,1,1,1
32DPR2142A,6,6,6,6,6,6,6,6,6,6,6,6,6,6,6,6,6,6,4,4,4,4
32DPR0406F,6,6,6,6,6,6,6,6,6,6,6,6,6,6,6,6,6,6,6,6,6,6
32DPR1869U,4,4,2,2,2,2,2,1,2,2,2,2,2,2,1,1,1,1,1,1,1,1
32DPR0973Z,6,6,6,6,6,6,6,6,6,6,6,6,6,6,6,6,6,6,2,2,2,2
32DPR0622V,6,5,6,6,6,6,6,6,6,6,6,6,6,4,6,6,6,6,1,1,1,1
32DPR1603N,6,6,6,6,6,6,6,6,6,6,6,6,6,6,6,6,6,6,2,3,3,3
32EPR0129S,24,24,24,24,24,24,24,24,24,24,24,24,24,25,26,27,26,26,26,26,26,26
32DPR1736D,2,2,1,1,1,1,1,1,1,1,1,1,1,2,2,3,3,3,1,1,1,1
32DPR0841H,6,6,6,6,6,6,6,6,6,6,6,6,6,6,6,6,6,6,6,6,6,6
32DPR0756K,6,6,6,6,6,6,6,6,6,6,6,6,6,6,6,6,6,6,1,1,1,1
32DPR1072P,6,6,6,6,6,6,6,6,6,6,6,6,6,6,6,6,6,6,6,6,6,6
32DPR0889A,5,6,6,6,6,6,5,6,6,6,6,6,6,6,6,6,5,6,1,1,1,1
32DPR0092W,6,6,6,6,6,6,6,6,6,6,6,6,6,6,6,5,6,6,3,3,3,3
32DPR0536Z,6,6,6,6,5,6,6,6,6,6,5,4,4,4,4,5,6,6,1,1,1,2
32DPR1071Q,4,5,5,5,5,5,5,4,6,6,6,6,6,6,6,6,6,6,3,3,3,3
32DPR0754M,6,6,6,6,6,6,6,6,6,6,6,6,6,6,6,6,6,6,1,1,1,1
32DPR0404H,6,6,6,6,6,6,6,6,6,6,6,6,6,6,6,6,6,6,3,3,3,3
32DPR0319K,6,6,6,6,6,6,6,6,6,6,6,6,6,6,6,6,6,6,2,2,3,3
32DPR0091X,6,6,6,6,6,6,6,6,6,6,6,6,6,6,6,6,6,6,6,3,3,3
32DPR0840I,6,6,6,6,6,6,6,6,6,6,6,6,6,6,6,6,6,6,1,1,1,1
32DPR1952T,7,7,7,7,7,7,6,6,6,6,6,6,6,6,6,6,4,4,4,4,4,4
32DPR1516S,15,15,17,17,18,18,18,18,18,18,18,18,18,17,17,15,14,14,14,14,14,14
32DPR0888B,12,12,12,12,12,12,12,12,12,12,12,11,11,11,11,12,12,12,12,12,12,12
32DPR0183N,14,14,13,14,15,16,17,17,18,17,17,18,18,18,16,18,18,18,19,19,19,19
32DPR0931Z,6,6,6,6,6,6,6,6,6,6,6,6,6,6,6,6,6,6,3,3,3,3
32DPR1296X,6,6,6,6,6,6,6,6,6,6,6,6,6,6,6,6,6,6,6,6,6,6
32DPR1381U,6,6,6,6,6,6,6,6,6,6,5,6,6,4,6,6,6,6,1,1,1,1
32DPR0979T,13,13,12,12,12,12,12,12,12,12,12,12,12,12,13,13,14,14,14,14,13,13
32DPR0714L,6,6,6,6,6,6,6,6,6,6,6,6,6,6,6,6,6,6,2,2,2,2
32DPR1030Q,5,5,5,5,5,5,5,5,5,5,5,5,5,5,5,5,5,5,5,5,5,5
32DPR1163G,7,7,7,6,7,6,6,6,6,6,6,6,6,6,6,6,6,6,5,5,5,6
32DPR1078J,6,6,6,6,6,6,6,6,6,6,6,6,6,6,6,6,6,6,2,2,2,2
32DPR2184Z,7,7,7,7,7,7,7,7,7,7,6,6,6,6,6,6,6,6,6,6,6,5
32DPR0097R,6,6,6,6,6,6,6,6,6,6,6,6,6,6,6,6,6,6,1,1,1,1
32DPR0182O,6,6,6,6,6,6,6,6,6,6,6,6,6,6,6,6,6,6,3,3,3,3
32DPR0978U,18,17,17,17,18,18,18,18,18,18,18,18,18,18,18,18,19,19,19,19,19,19
32DPR1380V,3,3,3,3,3,3,3,3,3,3,3,3,3,6,6,6,6,6,1,1,1,1
32DPR0713M,6,6,6,6,6,6,6,6,6,6,6,6,6,6,6,6,6,6,1,1,1,1
32DPR2270W,4,4,4,4,4,4,4,4,4,4,4,4,4,4,4,4,4,4,4,4,4,4
32DPR0628P,3,3,3,3,3,3,3,3,3,3,3,6,6,6,6,6,6,6,1,1,1,1
32DPR1162H,9,9,9,8,7,7,6,6,7,7,7,7,7,7,8,7,7,7,7,8,8,9
32DPR0846C,6,6,6,6,6,6,6,5,6,6,6,6,6,6,6,6,6,6,1,1,1,1
32DPR1958N,2,2,2,2,2,2,2,3,3,2,3,3,3,3,3,3,3,3,3,3,3,3
32DPR2053H,6,6,6,6,6,6,6,6,6,6,6,6,6,6,6,6,6,6,3,3,3,3
32DPR0409C,9,8,8,7,6,6,6,6,6,6,6,6,6,6,6,6,6,2,4,4,4,4
32DPR0181P,6,6,6,6,6,6,6,6,6,6,6,6,6,6,6,6,6,6,3,3,3,3
32DPR0711O,6,6,6,6,6,6,6,6,6,6,6,6,6,6,6,6,6,5,1,1,1,1
32DPR0626R,6,6,6,6,6,6,6,6,6,6,6,6,6,6,6,6,6,6,2,2,3,3
32DPR1294Z,6,6,6,6,6,6,6,6,6,6,6,6,6,6,6,6,6,6,3,4,4,4
32DPR0712N,6,6,6,6,6,8,9,10,11,11,12,12,12,12,12,13,13,13,13,14,14,16
32DPR2186Y,3,3,3,3,3,3,3,3,3,4,3,3,3,2,3,2,2,1,1,1,1,1
32DPR0627Q,6,6,6,6,6,6,6,6,6,6,6,6,6,6,6,6,6,6,2,3,3,3
32DPR0845D,12,12,12,12,12,12,12,12,12,12,12,12,12,14,16,15,18,18,18,18,18,18
32DPR0930A,13,13,13,12,14,13,13,13,13,13,14,14,14,13,13,13,13,13,13,14,14,14
32DPR1161I,6,6,6,6,6,6,6,6,6,6,6,6,6,6,6,6,6,6,2,2,2,2
32DPR1076L,6,6,6,6,6,6,6,6,5,5,5,6,6,6,6,6,6,6,1,1,1,1
32DPR1606K,5,6,5,5,5,5,6,6,6,6,6,6,6,5,5,5,5,4,1,1,1,1
32DPR2054G,3,3,3,3,3,4,3,3,4,4,4,4,4,4,5,5,6,6,3,3,3,3
32DPR0710P,6,6,6,6,6,6,6,6,6,6,6,6,6,6,6,6,6,6,1,1,1,1
32DPR1160J,6,6,6,6,6,6,6,6,6,6,6,6,6,6,6,6,6,6,5,5,5,5
32DPR1075M,9,7,7,6,6,6,6,6,6,6,6,6,6,6,6,6,6,6,6,6,6,6
32DPR1739A,6,6,6,6,6,6,6,6,6,6,6,6,6,6,6,6,6,6,6,6,6,6
32DPR0759H,4,4,4,5,5,5,5,5,5,5,5,5,5,5,4,6,6,6,2,2,2,3
32DPR0180Q,6,6,6,6,5,6,6,6,6,6,6,6,6,6,6,6,6,6,2,2,2,2
32DPR0095T,10,10,9,9,8,8,8,7,7,7,7,7,7,7,6,6,2,2,2,2,2,2
32DPR0844E,6,6,6,6,6,6,6,6,6,6,6,6,6,6,6,6,6,6,2,2,2,2
32DPR1168B,13,13,13,12,12,12,12,12,12,12,12,12,12,12,12,13,13,13,13,13,13,12
32EPR0082O,12,12,12,12,12,12,12,12,12,13,14,15,15,17,18,18,18,18,18,18,18,18
32DPR0187J,6,6,6,6,6,6,6,6,6,6,6,6,6,6,6,6,6,6,2,2,2,2
32DPR0935W,6,6,6,6,6,6,6,6,6,6,6,6,6,6,6,6,6,6,3,3,3,3
32DPR2233S,6,6,6,6,6,6,6,6,6,6,6,6,6,6,6,6,6,6,6,6,6,6
32DPR1470N,6,6,6,6,6,6,6,6,6,6,6,6,6,5,5,5,5,6,1,1,1,1
32DPR1385Q,6,6,6,6,6,6,6,6,6,6,6,6,6,6,6,6,6,6,6,6,6,6
32DPR2452E,5,6,6,7,6,6,6,6,7,7,8,8,8,10,12,12,12,12,12,12,12,12
32DPR0718H,6,6,6,6,6,6,6,6,6,6,6,6,6,6,6,6,6,6,4,4,4,4
32DPR0803E,6,6,6,6,6,6,5,5,5,5,5,5,5,6,6,5,5,5,1,1,1,1
32DPR1034M,6,6,6,6,6,6,6,6,6,6,6,6,6,6,6,6,6,6,5,5,5,5
32EPR0083N,10,9,9,10,11,11,12,12,13,13,13,14,14,14,14,14,14,14,14,14,16,14
32DPR1915P,6,6,6,6,6,6,6,6,6,6,6,6,6,6,6,6,6,6,6,6,6,6
32DPR1167C,6,6,6,6,6,6,6,6,6,6,6,6,6,6,6,6,6,6,3,3,3,3
32DPR0934X,6,6,6,6,6,6,6,6,6,6,6,6,6,6,6,6,6,6,1,1,1,1
32DPR0849Z,16,17,17,16,15,13,12,13,13,13,14,14,14,14,14,12,9,8,8,8,7,6
32DPR0271H,6,6,6,6,6,6,6,6,6,5,5,5,5,5,5,6,6,6,1,1,1,1
32DPR0186K,16,16,16,16,16,16,16,18,18,18,17,18,18,18,18,18,18,17,17,17,17,16
32DPR1033N,6,6,6,6,6,6,6,6,6,6,6,6,6,6,6,6,6,6,3,3,3,3
32DPR1384R,6,6,6,6,6,6,6,6,6,5,5,5,5,4,6,6,6,5,1,1,1,1
32DPR1299U,6,6,6,6,6,6,6,6,6,6,6,6,6,6,6,6,6,6,4,4,4,4
32DPR0053U,6,6,6,6,5,6,6,6,6,6,6,6,6,6,6,6,6,6,1,1,1,1
32DPR1251A,6,6,6,6,6,6,6,6,6,6,6,6,6,6,6,6,6,6,2,2,2,2
32DPR1166D,6,6,6,6,6,6,6,6,6,6,6,6,6,6,6,6,6,6,1,1,1,1
32DPR0933Y,6,6,6,6,6,6,5,5,5,4,4,5,5,5,6,6,6,6,6,1,1,1
32DPR0185L,8,7,6,8,9,9,9,9,9,9,9,9,9,11,12,10,10,10,9,8,8,8
32PPR0162F,6,6,6,6,6,6,6,6,6,6,6,6,6,6,6,6,6,6,6,6,6,6
32DPR2320N,6,6,6,6,6,6,6,6,6,6,6,6,6,6,6,6,6,6,2,2,2,2
32DPR1032O,7,6,6,6,6,6,6,6,6,6,6,6,6,6,6,6,6,6,6,6,6,6
32DPR1383S,6,6,6,6,6,6,6,6,6,6,6,6,6,6,6,6,6,6,1,1,1,1
32DPR1298V,6,6,6,6,6,6,6,6,6,6,6,6,6,6,6,6,6,6,3,3,3,3
32EPR0080Q,15,15,15,16,17,17,17,17,17,17,17,17,17,14,13,12,12,12,12,12,12,12
32DPR0801G,16,17,18,18,19,19,20,20,20,20,20,20,20,21,21,21,21,21,21,21,21,21
32DPR0184M,6,6,6,6,6,6,6,6,6,6,6,6,6,6,6,6,6,6,3,3,3,3
32DPR0848A,17,17,17,18,18,18,19,19,19,19,19,19,19,19,19,19,18,18,18,18,18,18
32EPR0081P,12,12,12,12,12,12,12,12,12,12,12,12,12,12,12,12,12,12,12,12,12,12
32DPR0932Z,11,11,12,12,12,12,12,12,12,12,12,12,12,12,12,12,12,12,12,12,12,12
32DPR1250B,6,6,6,6,6,6,6,6,6,6,6,6,6,6,6,6,6,6,5,5,5,5
32DPR1165E,6,6,6,6,6,6,6,6,6,5,6,6,6,6,6,6,6,6,1,1,1,1
32DPR1297W,6,6,6,6,6,6,6,6,6,6,6,6,6,6,6,6,5,6,1,1,1,1
32DPR1031P,5,5,5,5,5,5,5,5,5,6,6,6,6,6,6,6,6,6,6,6,6,6
32DPR0715K,6,6,6,6,6,6,6,6,6,6,6,6,6,6,6,6,6,6,4,5,6,6
32DPR1164F,12,11,12,12,12,13,13,14,15,15,15,15,15,15,15,15,15,15,15,15,16,16
32DPR1079I,6,6,6,6,6,6,6,6,6,6,6,6,6,6,6,6,6,6,3,3,3,3
32DPR0051W,6,6,6,6,6,5,5,6,6,5,5,6,6,6,6,6,6,6,2,2,2,2
32PPR0160H,6,6,6,6,6,6,6,6,6,6,6,6,6,6,6,6,6,6,6,6,8,10
32DPR1124E,6,6,6,6,6,6,6,6,6,6,6,6,6,6,6,6,6,6,3,3,3,3
32DPR1039H,9,8,8,7,7,7,7,7,7,7,7,8,8,8,8,8,8,7,7,7,7,7
32DPR0807A,6,6,6,6,6,6,6,6,6,6,5,5,5,4,6,6,6,6,1,1,1,1
32DPR0143M,4,4,4,4,4,4,4,4,4,2,2,2,2,2,3,3,3,6,2,2,2,2
32EPR0171H,6,6,6,6,6,6,6,6,6,6,6,6,6,6,6,8,8,8,9,9,10,10
32DPR0277B,6,6,6,6,6,6,6,6,6,6,6,6,6,6,6,6,6,6,1,1,1,1
32DPR1341T,6,6,6,6,6,6,6,6,6,6,6,6,6,6,6,6,6,6,2,2,1,1
32DPR1474J,6,7,6,6,6,7,8,8,9,10,11,11,11,12,12,11,9,9,9,9,9,9
32DPR1389M,15,15,15,15,15,15,16,16,16,16,16,16,16,16,16,15,16,16,16,16,16,16
32DPR0010W,6,6,6,6,6,6,6,6,6,6,6,6,6,6,6,6,6,6,3,3,3,3
32DPR0361Z,6,6,6,6,6,6,6,6,6,6,6,6,6,6,6,6,6,6,6,2,2,2
32DPR0806B,6,6,6,6,6,6,6,6,6,6,6,6,6,6,6,6,6,6,2,2,2,2
32DPR2363L,6,6,6,7,8,10,11,12,14,14,15,15,15,15,15,14,13,13,13,13,12,12
32DPR0142N,6,6,6,6,6,6,6,6,6,6,6,6,6,6,6,6,6,6,2,3,2,2
32DPR0057Q,6,6,6,6,6,6,5,4,5,5,5,4,4,6,5,5,5,4,1,1,1,1
32DPR2012H,9,9,10,11,12,12,12,13,13,14,15,15,15,16,16,16,16,16,16,16,17,17
32DPR1038I,6,6,6,6,6,6,6,6,6,6,6,6,6,6,6,6,6,6,2,2,2,2
32DPR1123F,3,3,4,2,2,2,2,2,2,2,2,2,2,2,2,3,3,6,2,2,2,2
32DPR0493R,6,6,6,6,6,6,6,6,6,6,6,6,6,6,6,6,6,3,3,3,3,3
32EPR0172G,3,6,6,6,6,6,6,6,6,6,6,6,6,6,6,6,6,6,6,6,6,6
32DPR1340U,6,6,6,6,6,6,6,6,5,5,5,5,5,6,6,6,6,5,1,1,1,1
32DPR0276C,6,6,6,6,6,6,6,6,6,6,6,6,6,6,6,6,6,6,5,5,5,6
32DPR0939S,12,11,11,10,10,10,10,11,10,8,8,6,6,6,6,7,7,8,8,9,9,10
32DPR1122G,7,7,7,6,7,7,7,7,6,6,6,6,6,6,6,6,6,6,7,6,6,6
32DPR1388N,6,6,6,6,6,6,6,6,6,6,6,6,6,5,5,4,4,6,1,1,1,2
32DPR1473K,6,6,6,6,6,6,6,6,6,6,6,6,6,6,6,6,6,1,1,1,1,1
32DPR0141O,2,2,2,4,4,4,4,4,4,4,4,4,4,4,4,4,4,4,2,3,3,3
32DPR2364K,6,6,6,6,6,6,6,6,6,6,6,6,6,6,6,6,6,6,1,1,1,1
32EPR0084M,11,11,11,11,11,11,12,12,12,12,11,10,10,9,9,8,8,8,10,10,10,10
32DPR0805C,6,6,6,6,6,6,6,6,6,6,5,6,6,6,6,6,6,6,2,2,2,2
32DPR0492S,10,10,9,10,8,7,6,6,6,7,7,7,7,7,6,6,7,7,7,8,9,9
32DPR1690Z,3,3,6,6,6,5,5,6,6,6,6,6,6,6,6,5,6,6,1,1,1,1
32DPR0938T,6,6,6,6,6,6,6,6,6,7,8,8,8,9,9,10,10,9,8,9,9,9
32DPR0360A,6,6,6,6,6,6,6,6,6,6,6,6,6,6,6,6,6,6,2,2,2,2
32DPR1036K,6,6,6,6,6,6,6,6,6,6,5,6,6,6,6,6,6,6,1,1,1,1
32DPR1121H,6,6,6,6,6,6,6,6,6,6,6,6,6,6,6,6,6,2,2,2,2,2
32DPR1472L,13,13,13,14,15,17,17,17,18,19,19,19,19,19,19,19,18,18,18,18,18,18
32DPR1387O,6,6,6,6,6,6,6,6,6,6,6,6,6,6,6,6,6,6,1,1,1,1
32DPR0140P,6,6,6,6,6,6,6,6,6,6,6,6,6,6,6,7,6,6,6,6,7,6
32DPR0055S,6,6,6,6,6,6,6,6,6,6,6,6,6,6,6,6,6,6,1,1,1,1
32DPR0188I,6,6,6,6,6,6,7,6,6,6,6,6,6,6,6,6,6,6,6,7,7,7
32DPR2450G,5,6,6,6,6,6,6,6,6,6,8,9,9,11,12,12,12,12,12,12,12,12
32EPR0170I,7,7,7,6,6,6,7,7,8,8,8,8,8,8,8,7,7,7,7,7,6,6
32DPR0936V,17,17,17,16,16,16,16,16,16,16,16,17,17,18,18,18,18,18,18,18,18,18
32DPR1169A,12,12,13,13,13,13,13,13,12,13,13,13,13,13,13,12,12,12,12,12,12,13
32DPR1386P,6,6,6,6,6,6,6,6,6,6,6,6,6,6,6,6,6,6,6,3,3,4
32DPR1471M,6,6,6,6,6,6,6,6,6,6,6,6,6,6,6,6,6,6,2,2,2,2
32DPR0274E,6,6,6,6,6,5,6,6,6,6,6,6,6,6,6,6,6,6,1,1,1,1
32DPR0189H,6,6,6,6,6,6,6,6,6,6,6,6,6,6,6,6,6,5,5,5,4,4
32DPR2015E,1,1,1,1,1,1,1,1,1,1,1,1,1,1,1,1,1,1,1,1,1,1
32DPR0491T,9,10,10,9,9,9,9,9,9,9,8,9,9,9,10,10,9,9,8,8,9,8
32DPR0804D,11,11,10,10,10,10,10,10,11,12,12,12,12,12,12,12,12,12,12,12,12,12
32DPR0719G,6,6,6,6,6,6,6,6,6,6,6,6,6,6,6,6,6,6,5,5,5,5
32DPR1035L,5,5,5,5,4,4,4,4,6,6,6,6,6,6,6,6,6,6,6,6,6,6
