cct,proyeccion_1,proyeccion_2,proyeccion_3,proyeccion_4,proyeccion_5,mae,rmse,mape,rp
32DPR2447T,171,171,178,184,188,25.41,33.08,0.10,0.29
32DPR1225C,75,73,71,71,71,3.57,4.56,0.05,0.00
32DPR0026X,17,18,19,20,21,2.32,2.97,0.13,0.00
32DPR0111U,47,48,63,70,70,17.91,20.02,0.20,0.53
32EPR0054S,474,477,476,479,480,36.79,56.77,0.06,0.29
32DPR1661D,45,43,43,44,45,2.33,2.71,0.05,0.00
32DPR0244K,188,194,194,191,195,9.21,10.39,0.05,0.00
32DPR0159N,75,76,76,76,74,4.60,6.02,0.09,0.00
32DPR0680L,23,21,20,21,21,3.00,4.09,0.15,0.06
32EPR0030I,234,234,234,238,240,9.75,11.56,0.04,0.00
32DPR0136C,141,140,140,140,140,3.76,5.05,0.03,0.00
32DPR1357U,150,147,143,140,146,7.62,8.69,0.05,0.00
32DPR1200U,37,41,41,35,37,4.49,5.12,0.14,0.00
32DPR1115X,257,254,250,246,241,10.45,13.23,0.05,0.06
32PPR0039F,125,121,115,112,112,11.60,14.59,0.14,0.24
32DPR0487G,41,40,39,36,37,3.57,4.61,0.10,0.00
32DPR2424I,41,41,39,38,38,3.25,3.93,0.09,0.00
32DPR0462Y,35,34,31,30,30,3.11,4.22,0.15,0.12
32DPR2339L,18,17,15,16,17,2.23,2.66,0.18,0.06
32DPR1248N,84,81,79,77,74,8.15,9.51,0.15,0.12
32DPR1333K,43,43,44,42,52,7.45,9.06,0.22,0.35
32EPR0079A,402,387,379,373,368,20.92,22.81,0.06,0.24
32DPR1006Q,107,103,100,98,96,11.00,13.05,0.16,0.18
32EPR0163Z,378,380,394,407,401,33.69,36.06,0.07,0.65
32EPR0055R,333,327,340,344,345,11.34,13.89,0.03,0.06
32DPR1139G,40,41,41,40,39,2.85,3.57,0.07,0.00
32DPR1224D,30,29,24,20,18,5.92,6.84,0.47,0.41
32DPR0594P,42,40,38,37,37,5.93,6.96,0.30,0.35
32DPR0110V,287,278,280,290,291,13.66,16.71,0.04,0.12
32DPR1575H,18,20,21,20,18,2.40,3.02,0.17,0.00
32EPR0031H,299,298,293,283,281,22.92,27.77,0.11,0.47
32DPR0485I,109,102,102,102,104,6.71,7.88,0.06,0.00
32DPR0570F,190,192,206,211,209,10.94,12.04,0.05,0.00
32DPR0001O,201,180,169,162,152,37.78,42.24,0.64,0.76
32DPR2448S,140,154,166,186,204,58.99,63.09,0.19,0.88
32DPR0158O,138,122,114,120,110,18.85,22.34,0.24,0.35
32DPR0243L,84,86,89,90,90,9.27,11.87,0.09,0.06
32DPR0220A,473,457,459,458,455,17.95,24.86,0.05,0.29
32DPR0135D,43,34,36,42,43,8.03,9.41,0.27,0.29
32DPR0571E,35,35,36,35,36,2.75,3.07,0.08,0.00
32DPR0486H,45,48,49,51,50,4.20,4.78,0.10,0.00
32DPR1441S,33,32,24,21,21,6.18,7.22,0.42,0.29
32DPR1356V,15,15,16,16,16,1.77,2.43,0.10,0.00
32DPR1114Y,59,55,53,50,49,6.46,7.71,0.17,0.12
32PPR0038G,177,181,175,159,149,20.71,22.50,0.22,0.53
32PPR0123D,50,47,51,46,50,10.62,13.16,0.15,0.41
32DPR0377A,109,113,109,104,108,6.14,8.24,0.06,0.06
32DPR1332L,49,50,53,48,49,5.13,6.04,0.13,0.12
32DPR1247O,16,15,14,15,15,1.57,2.08,0.13,0.06
32DPR0461Z,131,123,127,128,125,13.26,15.47,0.10,0.18
32DPR0351T,31,30,33,33,35,4.89,5.95,0.29,0.24
32DPR0906A,19,19,17,19,17,3.37,4.09,0.15,0.00
32DPR1223E,107,109,125,137,134,12.46,14.58,0.09,0.18
32DPR0484J,74,77,77,75,79,16.03,20.84,0.12,0.41
32DPR0399M,78,77,75,70,70,4.59,5.68,0.07,0.00
32DPR1113Z,98,98,103,101,105,6.41,7.40,0.07,0.00
32DPR2449R,170,175,179,182,184,23.99,26.88,0.09,0.41
32DPR0157P,104,103,97,86,83,10.50,12.05,0.14,0.24
32DPR1029A,50,48,48,47,45,3.52,4.29,0.08,0.00
32DPR0242M,16,15,15,14,14,1.80,2.37,0.14,0.00
32EPR0077C,450,443,451,458,471,15.44,17.73,0.03,0.18
32DPR1682Q,32,31,32,27,25,4.11,4.75,0.20,0.06
32DPR1004S,56,58,57,56,56,4.70,5.48,0.11,0.00
32DPR0376B,90,92,95,93,94,5.83,6.97,0.07,0.00
32DPR2426G,37,37,36,34,33,1.64,2.28,0.05,0.00
32DPR0134E,98,104,106,102,97,5.43,6.31,0.06,0.00
32DPR1573J,24,23,22,19,18,5.24,5.82,0.36,0.18
32DPR1488M,112,109,100,97,97,9.99,11.70,0.12,0.06
32PPR0169Z,237,268,284,292,291,47.38,49.85,0.13,0.94
32DPR0024Z,39,38,36,39,37,5.10,6.06,0.15,0.12
32DPR0460Z,57,55,56,53,45,8.29,9.81,0.21,0.18
32DPR1246P,91,87,87,85,85,4.84,5.94,0.06,0.00
32DPR1331M,69,64,60,58,57,9.64,10.22,0.25,0.47
32DPR0156Q,65,63,61,58,57,6.53,7.51,0.16,0.18
32DPR1379F,19,20,20,18,19,2.06,2.74,0.11,0.06
32EPR0053T,353,347,350,364,369,17.50,21.58,0.04,0.12
32DPR1137I,27,27,26,23,21,3.88,4.73,0.27,0.24
32DPR1222F,212,212,226,227,231,18.44,21.25,0.07,0.24
32DPR0132G,33,33,31,31,31,2.20,2.70,0.08,0.00
32DPR0047J,203,218,243,228,228,22.52,26.61,0.08,0.47
32DPR1112Z,57,55,56,56,56,6.49,8.25,0.10,0.06
32DPR2317Z,35,33,32,29,30,2.65,3.29,0.09,0.00
32PPR0121F,136,131,125,125,124,15.38,19.12,0.16,0.29
32DPR0398N,179,179,181,190,196,11.18,12.68,0.05,0.06
32DPR0483K,387,395,403,400,413,12.48,14.77,0.03,0.06
32DPR1028B,20,20,21,19,20,2.05,2.60,0.11,0.00
32DPR0375C,225,217,209,210,213,10.72,13.41,0.05,0.00
32DPR2427F,68,64,66,66,74,12.38,13.93,0.12,0.35
32DPR1245Q,116,124,127,124,128,10.42,12.36,0.07,0.12
32DPR1330N,48,48,46,40,40,5.23,6.25,0.17,0.06
32EPR0078B,170,172,169,172,186,12.26,14.70,0.09,0.24
32DPR0133F,66,68,70,69,70,2.23,2.51,0.03,0.00
32DPR1269Z,34,36,34,36,34,4.48,5.79,0.18,0.12
32DPR1596U,23,22,20,19,19,2.93,3.35,0.18,0.06
32DPR1136J,136,137,134,138,136,6.45,8.02,0.05,0.00
32DPR0023Z,63,62,61,60,58,5.52,7.02,0.12,0.06
32DPR1221G,80,81,75,74,76,5.65,7.28,0.09,0.06
32DPR0350U,34,36,34,37,38,4.12,5.07,0.14,0.06
32PPR0168Z,207,203,202,209,203,16.00,19.53,0.07,0.12
32EPR0162Z,236,228,237,237,247,11.25,12.71,0.05,0.00
32PPR0011Z,67,67,61,62,56,7.41,8.57,0.16,0.29
32DPR0466U,24,24,24,24,24,2.18,3.44,0.10,0.06
32DPR1338F,164,159,175,179,179,11.68,13.35,0.08,0.06
32EPR0010V,526,506,545,578,583,34.97,40.36,0.08,0.71
32DPR0551R,63,62,60,60,60,3.59,4.73,0.06,0.00
32DPR1774G,569,575,583,587,594,19.99,25.24,0.03,0.29
32DPR0139Z,125,130,130,130,130,5.11,5.94,0.04,0.00
32DPR0224X,43,39,42,44,43,2.82,3.35,0.07,0.00
32DPR1689J,62,59,57,52,54,6.93,8.15,0.10,0.12
32DPR0442K,101,105,105,105,104,6.75,8.03,0.07,0.00
32DPR0357N,48,46,43,40,38,10.09,10.50,0.55,0.88
32PPR0120G,169,163,159,157,149,15.00,17.37,0.14,0.24
32DPR0200N,357,341,336,340,339,19.44,22.75,0.06,0.35
32DPR0115Q,142,134,133,153,139,20.91,22.66,0.14,0.29
32EPR0058O,486,484,480,469,471,9.95,11.97,0.02,0.00
32DPR2249T,299,305,307,313,323,16.77,20.34,0.05,0.18
32DPR0770D,45,45,42,44,45,6.64,8.70,0.11,0.12
32EPR0035D,138,136,132,133,140,5.94,6.94,0.05,0.00
32DPR0249F,64,60,62,64,68,4.28,5.06,0.07,0.00
32DPR0334C,135,133,132,130,130,7.39,9.04,0.07,0.00
32DPR1313X,68,67,68,62,54,6.46,7.94,0.13,0.12
32DPR1228Z,194,186,176,175,176,12.57,15.25,0.08,0.18
32DPR1531K,21,20,19,18,20,2.71,3.21,0.19,0.12
32DPR1446N,180,175,171,167,159,21.80,23.33,0.18,0.59
32DPR1882O,158,165,166,164,163,9.78,11.80,0.05,0.00
32DPR1204Q,18,17,19,20,21,2.81,3.67,0.14,0.12
32DPR0550S,21,21,22,24,23,2.08,2.51,0.12,0.00
32EPR0168U,17,17,16,16,16,2.21,3.02,0.13,0.12
32DPR1337G,147,142,140,139,139,6.72,8.31,0.05,0.00
32DPR0223Y,37,35,32,30,31,3.80,5.06,0.18,0.06
32DPR2444W,120,135,124,128,142,13.59,15.96,0.09,0.18
32EPR0011U,772,765,756,761,763,38.74,46.04,0.06,0.53
32DPR0465V,39,38,35,34,36,4.56,5.84,0.19,0.12
32DPR2359Z,27,28,31,33,33,3.72,4.80,0.10,0.06
32EPR0059N,338,365,397,394,399,25.34,31.23,0.06,0.35
32DPR1664A,233,226,221,222,221,10.31,13.77,0.05,0.06
32DPR0683I,34,33,33,32,24,4.37,5.34,0.23,0.12
32DPR0114R,66,62,62,62,57,9.91,11.56,0.17,0.18
32DPR0029U,45,53,51,52,51,10.33,12.05,0.14,0.29
32DPR2420M,185,189,193,195,191,7.28,9.54,0.04,0.00
32DPR0441L,54,57,55,55,54,9.64,12.92,0.65,0.24
32DPR0333D,41,47,46,41,49,3.70,4.79,0.09,0.06
32DPR0684H,33,34,34,34,34,3.42,4.30,0.13,0.06
32EPR0036C,276,263,263,265,274,9.95,10.97,0.04,0.00
32DPR1469Y,18,16,16,15,16,2.41,2.86,0.22,0.18
32DPR0575A,20,19,19,19,20,4.02,5.46,0.21,0.06
32DPR1445O,318,308,301,296,291,14.49,16.87,0.05,0.18
32DPR1530L,64,61,59,55,51,11.27,13.13,0.41,0.53
32DPR1118U,34,34,35,28,32,4.15,5.80,0.38,0.12
32EPR0056Q,676,692,704,689,696,18.38,22.56,0.03,0.12
32DPR0113S,129,125,125,132,132,8.40,10.40,0.08,0.00
32DPR2445V,61,68,59,59,63,8.60,9.70,0.18,0.29
32DPR1421E,19,22,21,20,18,1.89,2.60,0.09,0.06
32DPR1009N,18,18,17,18,18,2.12,2.59,0.13,0.00
32DPR1311Z,66,67,70,70,68,4.45,5.83,0.07,0.06
32DPR0004L,25,26,27,26,26,4.45,5.76,0.20,0.18
32DPR2203Y,39,43,42,41,43,2.85,3.25,0.08,0.00
32EPR0032G,179,175,170,167,170,12.75,14.81,0.06,0.06
32DPR2421L,20,21,20,18,17,1.70,2.12,0.10,0.00
32DPR0440M,592,566,564,559,570,19.27,23.52,0.04,0.29
32DPR1227A,18,19,19,19,17,2.46,3.31,0.16,0.00
32DPR1202S,22,20,20,19,18,3.36,3.69,0.23,0.18
32DPR0489E,172,163,160,152,152,12.15,13.58,0.09,0.06
32EPR0033F,97,95,98,101,98,10.73,12.20,0.09,0.12
32DPR0574B,373,379,366,366,365,4.78,7.06,0.01,0.00
32DPR0247H,150,153,161,168,163,6.11,7.39,0.04,0.00
32DPR0005K,343,344,341,344,344,10.96,12.67,0.03,0.00
32PPR0166B,101,105,120,127,129,18.61,19.91,0.12,0.29
32DPR0332E,121,118,116,113,110,10.23,13.46,0.11,0.12
32DPR0222Z,35,33,32,29,26,5.37,6.14,0.33,0.47
32EPR0165X,164,177,190,201,216,40.71,43.56,0.15,0.71
32DPR0138A,122,121,121,120,119,7.45,9.36,0.08,0.00
32DPR1359S,39,37,36,36,36,2.56,3.12,0.08,0.00
32DPR1444P,84,82,77,73,72,9.70,10.51,0.15,0.24
32DPR0790R,52,47,46,45,44,6.30,7.14,0.22,0.18
32DPR0112T,175,179,178,178,177,12.97,16.22,0.09,0.12
32DPR2446U,139,146,155,158,155,22.68,25.21,0.11,0.35
32DPR0378Z,34,32,33,32,33,3.46,4.40,0.12,0.06
32EPR0166W,102,107,104,104,106,4.80,5.71,0.05,0.00
32DPR1420F,32,30,29,28,26,5.43,6.00,0.29,0.24
32DPR0681K,351,355,359,362,361,6.77,8.56,0.02,0.00
32DPR2422K,282,299,313,327,340,49.17,53.49,0.11,0.94
32DPR0003M,338,321,336,350,355,19.78,21.79,0.07,0.12
32DPR0330G,77,77,77,76,77,4.93,6.16,0.08,0.00
32DPR1310Z,18,18,18,18,19,1.77,2.18,0.09,0.00
32EPR0057P,531,532,535,535,531,14.23,17.08,0.03,0.00
32DPR1226B,173,165,162,164,169,8.54,9.87,0.05,0.00
32DPR0488F,79,81,81,75,74,7.24,8.11,0.13,0.06
32DPR1358T,387,389,385,384,386,14.09,17.05,0.04,0.12
32DPR1443Q,62,51,49,49,50,7.31,8.62,0.16,0.24
32DPR1201T,79,76,70,66,64,11.06,12.32,0.22,0.35
32DPR1116W,20,20,25,20,20,4.98,7.02,0.19,0.12
32DPR0246I,35,33,33,30,29,3.92,4.65,0.21,0.12
32DPR0331F,42,37,34,34,33,6.82,7.47,0.28,0.24
32DPR0573C,33,31,28,29,30,5.75,6.39,0.22,0.00
32EPR0034E,84,85,81,89,81,7.77,9.04,0.10,0.06
32DPR0221Z,32,32,31,33,34,3.93,4.30,0.17,0.00
32DPR1249M,276,280,292,309,316,29.35,38.94,0.07,0.35
32DPR1334J,50,47,46,46,46,3.32,3.81,0.09,0.00
32DPR1007P,21,28,28,28,28,4.47,5.56,0.29,0.35
32DPR0463X,84,87,87,86,88,10.18,11.94,0.17,0.18
32DPR0137B,222,204,202,197,202,11.77,14.28,0.07,0.12
32DPR2314C,36,35,33,31,31,6.48,7.23,0.43,0.53
32DPR1209L,50,43,39,37,35,8.56,9.00,0.42,0.65
32DPR2407S,448,452,468,466,465,12.09,16.12,0.03,0.06
32DPR0422X,659,670,664,656,645,26.15,30.15,0.05,0.35
32DPR0664U,32,30,32,32,34,3.87,4.76,0.15,0.06
32DPR0337Z,16,15,15,13,14,3.01,4.06,0.18,0.18
32EPR0014R,230,227,208,230,247,14.47,16.93,0.06,0.06
32DPR0640K,25,30,28,30,31,4.13,4.81,0.17,0.06
32DPR0555N,109,104,99,94,93,8.12,9.58,0.09,0.00
32DPR0313Q,22,22,21,23,22,3.65,4.47,0.18,0.12
32DPR0228T,54,57,59,61,54,4.15,5.02,0.08,0.00
32DPR1668X,480,477,468,452,459,18.13,23.02,0.04,0.24
32DPR0798J,33,32,32,33,33,3.32,4.24,0.14,0.06
32DPR1090E,93,92,91,90,86,8.40,9.88,0.13,0.12
32DPR0205I,223,212,217,202,204,10.22,10.81,0.05,0.00
32DPR0532C,32,28,26,24,25,5.75,6.63,0.36,0.53
32DPR1426Z,124,129,132,129,134,10.39,12.39,0.07,0.06
32DPR1511X,36,35,33,33,34,4.40,4.96,0.21,0.12
32DPR0689C,101,93,92,92,95,8.06,9.13,0.09,0.00
32DPR1402Q,346,352,347,345,338,11.04,15.05,0.03,0.18
32DPR1317T,23,21,24,22,23,5.44,6.11,0.26,0.06
32DPR0663V,103,96,90,81,77,12.98,14.24,0.19,0.35
32DPR0578Y,123,121,127,129,126,11.14,14.96,0.11,0.12
32DPR0421Y,121,124,124,121,124,6.22,7.24,0.05,0.00
32DPR1208M,297,293,297,292,310,14.88,18.50,0.06,0.18
32EPR0124X,211,209,225,228,223,14.16,16.09,0.07,0.24
32DPR0554O,39,36,35,36,37,4.26,4.99,0.10,0.06
32DPR0312R,146,134,115,115,121,17.39,19.47,0.18,0.41
32DPR0796L,104,102,98,95,97,4.80,5.69,0.05,0.00
32DPR0881I,35,36,35,32,31,3.90,4.30,0.19,0.00
32DPR0227U,159,153,140,133,131,18.51,22.82,0.19,0.47
32DPR0469R,55,53,53,51,50,8.26,8.93,0.30,0.29
32DPR0446G,14,14,13,13,13,1.84,2.15,0.15,0.06
32DPR0882H,30,31,30,28,29,2.64,3.21,0.11,0.06
32DPR0797K,54,56,48,45,54,8.75,10.99,0.16,0.18
32DPR0531D,30,33,34,34,33,5.30,5.90,0.35,0.47
32DPR0119M,23,19,18,20,15,6.05,8.45,0.19,0.12
32DPR0204J,230,220,219,216,229,13.87,16.44,0.07,0.12
32DPR2409Q,85,89,93,95,99,9.64,11.52,0.08,0.12
32DPR0773A,120,135,134,131,162,9.89,12.33,0.07,0.06
32DPR0688D,315,311,316,320,313,8.34,9.93,0.03,0.00
32DPR1401R,154,152,142,139,138,9.22,10.64,0.07,0.00
32DPR1558R,70,67,65,64,68,7.14,8.53,0.15,0.12
32DPR1316U,74,73,72,69,66,8.13,10.63,0.20,0.24
32DPR0577Z,18,17,16,17,16,2.46,2.82,0.17,0.00
32DPR0662W,34,31,28,27,26,5.34,6.12,0.28,0.12
32DPR1861B,140,126,118,109,112,11.58,12.95,0.09,0.06
32DPR0226V,151,144,141,142,143,10.27,11.95,0.08,0.00
32DPR2097E,173,172,168,163,156,9.22,12.19,0.06,0.06
32DPR0553P,73,69,70,67,62,8.28,9.66,0.16,0.24
32DPR0202L,119,105,120,144,137,11.41,13.57,0.08,0.06
32DPR0117O,130,122,117,115,113,10.91,12.85,0.11,0.12
32DPR0880J,477,474,475,475,473,15.41,19.65,0.04,0.24
32DPR0795M,105,100,95,92,87,14.43,15.82,0.19,0.29
32DPR0530E,32,34,33,28,24,5.42,6.18,0.32,0.24
32DPR1400S,105,106,107,106,105,5.82,6.98,0.06,0.00
32DPR1315V,81,81,81,79,78,4.89,5.83,0.07,0.00
32DPR0772B,473,477,482,499,499,17.40,21.40,0.03,0.18
32DPR1751W,152,147,144,142,142,15.04,19.93,0.16,0.18
32DPR0687E,317,320,322,315,329,22.59,26.21,0.09,0.47
32DPR0118N,87,81,81,80,80,4.66,5.25,0.06,0.00
32DPR0203K,152,143,135,130,127,16.11,18.58,0.17,0.35
32DPR0445H,54,52,50,50,47,6.83,8.53,0.21,0.29
32DPR1993T,59,56,55,52,53,7.81,10.40,0.38,0.47
32DPR1884M,38,37,36,36,32,4.40,5.41,0.18,0.12
32DPR1206O,78,74,72,68,65,6.90,8.26,0.12,0.12
32DPR0420Z,57,54,51,48,43,4.54,5.81,0.12,0.12
32DPR0310T,55,49,48,46,42,7.99,10.10,0.31,0.29
32DPR0225W,72,70,71,72,73,4.31,5.18,0.06,0.00
32DPR0467T,34,33,33,32,32,2.89,3.74,0.14,0.06
32DPR0552Q,332,347,339,345,343,9.35,11.48,0.03,0.00
32DPR1448L,100,96,95,94,93,4.85,6.37,0.06,0.06
32DPR0794N,461,433,440,440,422,20.44,24.96,0.05,0.41
32DPR0201M,72,66,65,61,59,9.46,11.42,0.22,0.24
32DPR0116P,160,156,157,154,151,7.87,10.53,0.06,0.00
32DPR1750X,132,120,118,126,122,16.11,18.63,0.18,0.35
32DPR0358M,31,29,30,24,20,4.92,5.41,0.28,0.18
32DPR0443J,59,57,58,58,57,2.97,4.36,0.07,0.06
32DPR1339E,24,23,24,23,23,2.82,3.61,0.11,0.06
32DPR1424B,18,19,18,18,17,2.09,2.77,0.15,0.12
32DPR1229Z,105,93,94,95,98,6.16,8.57,0.07,0.06
32DPR1314W,155,156,156,157,160,5.13,6.30,0.03,0.00
32DPR0444I,21,20,22,22,21,2.09,2.65,0.10,0.00
32DPR0359L,36,36,31,38,36,3.07,3.78,0.09,0.00
32DPR0771C,34,36,37,38,38,4.01,4.30,0.11,0.00
32DPR0686F,154,149,139,139,142,9.61,11.91,0.07,0.00
32EPR0122Z,251,245,247,252,247,10.19,13.01,0.04,0.18
32DPR0661X,90,88,87,88,88,5.84,7.06,0.07,0.06
32DPR0335B,80,79,76,73,74,8.08,9.48,0.15,0.24
32DPR1883N,50,61,62,62,64,10.01,12.41,0.14,0.47
32DPR0535Z,82,81,92,90,83,10.58,12.06,0.11,0.06
32DPR0620X,304,304,308,307,308,7.09,8.50,0.02,0.00
32DPR1407L,19,18,18,17,16,2.20,2.52,0.17,0.06
32DPR0777X,19,25,21,22,23,3.05,4.43,0.13,0.06
32DPR0511Q,37,35,33,33,32,5.49,5.98,0.20,0.12
32DPR1070R,39,42,36,37,34,6.12,7.25,0.29,0.24
32DPR2403W,25,25,27,26,28,2.79,3.49,0.13,0.06
32DPR0668Q,27,26,26,26,26,2.08,2.71,0.08,0.00
32DPR0426T,83,83,83,88,89,7.87,9.33,0.14,0.12
32DPR0403I,37,35,35,36,36,2.21,2.64,0.06,0.00
32DPR0318L,51,54,49,49,49,7.40,8.83,0.18,0.18
32DPR0090Y,33,31,29,34,32,1.79,2.53,0.05,0.00
32DPR0996J,196,190,189,189,188,15.77,20.49,0.06,0.24
32EPR0104J,82,83,85,85,83,28.82,34.63,0.17,0.65
32DPR0887C,38,38,38,38,39,3.18,4.01,0.08,0.00
32DPR1094A,100,98,99,97,97,4.75,5.73,0.05,0.00
32DPR0209E,141,138,139,141,144,4.59,5.65,0.03,0.00
32DPR2428E,30,30,30,27,23,4.23,5.00,0.23,0.06
32DPR1515T,228,222,227,225,226,9.09,11.12,0.04,0.06
32DPR0776Y,73,70,68,66,64,6.02,7.01,0.10,0.00
32DPR1406M,37,35,35,35,34,2.63,3.76,0.11,0.06
32DPR0667R,89,88,86,85,83,4.12,5.71,0.06,0.00
32DPR1539C,82,79,76,79,88,4.07,5.45,0.05,0.00
32DPR0425U,97,94,95,95,71,13.95,17.84,0.16,0.12
32DPR2319Y,33,32,39,36,35,6.69,8.11,0.13,0.35
32DPR0994L,140,141,135,142,142,7.96,10.60,0.06,0.06
32EPR0105I,80,80,82,79,80,4.53,6.32,0.05,0.06
32DPR0995K,362,353,350,360,352,14.17,20.47,0.05,0.24
32DPR0317M,34,33,32,31,32,3.29,4.14,0.11,0.06
32DPR0402J,68,68,71,78,75,4.42,5.65,0.07,0.00
32DPR0559J,88,86,85,83,81,5.47,6.44,0.08,0.00
32DPR0971A,221,216,219,234,251,18.40,21.04,0.07,0.18
32DPR1093B,209,206,209,208,210,9.30,10.70,0.05,0.00
32DPR2429D,42,43,43,42,43,3.49,4.35,0.08,0.06
32DPR0208F,337,347,363,361,364,12.66,16.16,0.04,0.24
32DPR0424V,53,54,57,58,56,2.49,3.13,0.04,0.00
32DPR0775Z,63,60,61,60,59,6.98,8.38,0.16,0.18
32DPR1405N,188,174,177,180,183,8.23,11.21,0.04,0.06
32EPR0101M,78,84,82,93,88,17.21,21.57,0.14,0.41
32DPR0666S,18,18,17,19,18,2.17,2.38,0.13,0.00
32DPR0315O,16,15,16,16,16,1.92,2.59,0.09,0.06
32DPR0400L,32,31,31,31,31,1.67,2.20,0.07,0.00
32DPR0751P,114,110,105,102,100,9.18,9.81,0.10,0.00
32DPR2093I,103,102,92,95,100,12.04,13.43,0.14,0.18
32PPR0126A,311,327,341,333,311,22.45,27.28,0.07,0.29
32DPR0316N,174,174,169,161,161,10.62,11.95,0.07,0.00
32DPR0401K,198,197,196,201,204,5.82,6.82,0.03,0.00
32DPR0885E,53,53,52,51,48,3.87,4.76,0.07,0.00
32DPR0970B,18,18,19,22,22,3.26,3.94,0.15,0.06
32DPR1404O,114,115,118,120,121,9.07,11.25,0.06,0.12
32DPR1319R,37,34,32,25,21,4.87,6.02,0.24,0.06
32DPR0534A,56,54,49,47,43,7.79,8.47,0.25,0.35
32DPR1092C,139,141,137,134,134,20.80,23.34,0.11,0.41
32DPR1755S,17,16,16,15,16,1.17,1.55,0.07,0.00
32DPR1840P,422,413,412,413,405,15.29,17.45,0.04,0.06
32DPR0207G,118,110,111,112,111,9.60,10.79,0.11,0.06
32DPR0423W,105,107,114,103,98,7.77,9.22,0.09,0.00
32DPR0338Z,33,30,25,24,23,3.70,4.87,0.18,0.12
32DPR0774Z,157,159,157,156,156,4.46,6.28,0.03,0.00
32DPR0665T,35,33,36,37,38,2.19,2.74,0.06,0.00
32DPR0229S,263,260,257,254,243,14.08,16.01,0.06,0.12
32EPR0102L,203,213,224,233,239,29.82,34.17,0.10,0.41
32EPR0017O,163,164,164,166,170,11.07,12.97,0.06,0.06
32DPR0992N,132,129,133,127,122,10.96,12.87,0.10,0.12
32DPR0641J,31,30,26,27,25,6.31,7.50,0.27,0.47
32DPR1622B,52,51,49,49,46,5.37,6.50,0.15,0.18
32DPR0556M,69,68,64,68,67,5.61,7.13,0.12,0.06
32DPR1512W,21,19,21,19,19,4.47,4.91,0.27,0.24
32DPR1669W,174,177,193,187,185,14.96,21.21,0.07,0.18
32DPR0557L,100,101,108,111,108,8.59,10.09,0.07,0.00
32DPR0206H,148,148,139,134,135,8.69,10.53,0.07,0.06
32PPR0125B,240,244,237,229,222,21.79,24.44,0.13,0.18
32EPR0103K,129,138,133,125,119,13.90,15.95,0.10,0.12
32EPR0018N,664,663,661,664,658,13.65,15.64,0.02,0.00
32DPR0799I,288,291,297,286,291,21.39,24.63,0.06,0.41
32PPR0100T,74,69,66,63,60,12.96,14.49,0.56,0.59
32DPR1996Q,24,25,22,21,21,4.80,5.54,0.26,0.12
32DPR1403P,144,159,151,151,153,7.32,9.70,0.05,0.06
32DPR1318S,50,49,50,50,51,5.15,6.30,0.14,0.18
32DPR0448E,18,17,16,15,15,1.72,2.10,0.12,0.00
32DPR1944K,162,162,163,158,156,9.55,11.79,0.05,0.06
32DPR2067K,101,107,111,116,121,18.81,19.74,0.12,0.12
32DPR0721V,135,126,121,122,124,22.40,22.98,0.22,0.76
32DPR0082P,23,24,22,24,23,3.25,3.93,0.16,0.06
32DPR2394E,174,186,193,199,206,40.22,46.39,0.13,0.65
32DPR0878V,222,221,219,215,205,28.58,32.66,0.27,0.71
32DPR1508J,16,17,16,16,17,2.10,2.62,0.11,0.00
32DPR0527R,30,30,32,33,33,3.76,4.12,0.17,0.00
32DPR0940H,154,177,195,202,206,31.45,34.69,0.14,0.76
32DPR1725Y,403,408,430,447,458,36.53,38.62,0.07,0.76
32DPR0528Q,19,20,22,20,22,2.47,2.80,0.12,0.00
32DPR0613N,52,50,57,55,54,6.28,9.19,0.25,0.18
32DPR1171P,165,165,160,162,161,3.36,4.73,0.02,0.00
32DPR1086S,16,17,17,16,17,1.42,1.81,0.09,0.00
32DPR0831A,74,66,61,62,59,7.71,9.40,0.15,0.24
32DPR0746D,36,33,31,33,33,3.27,4.14,0.14,0.06
32DPR0504G,31,29,28,26,25,4.18,5.07,0.24,0.29
32DPR0419J,69,70,71,68,73,4.37,5.32,0.06,0.00
32DPR0191W,222,209,202,199,195,18.92,22.32,0.12,0.53
32DPR1194Z,98,95,97,92,91,4.08,4.68,0.04,0.00
32DPR1943L,17,17,16,16,18,2.19,2.57,0.16,0.18
32DPR2068J,34,34,34,31,32,2.74,3.32,0.12,0.00
32DPR1858O,299,296,294,301,304,23.52,29.55,0.11,0.41
32DPR0877W,37,35,35,34,32,6.20,6.68,0.34,0.35
32DPR0720W,73,70,72,77,81,11.07,12.39,0.11,0.24
32DPR2395D,63,62,62,59,55,6.17,9.46,0.18,0.12
32DPR1085T,50,50,50,49,48,5.72,7.17,0.26,0.29
32DPR1170Q,170,171,168,173,170,15.13,18.13,0.09,0.24
32DPR1834E,451,469,458,457,454,15.17,18.89,0.03,0.06
32DPR0768P,235,223,218,217,219,18.53,20.94,0.09,0.53
32DPR0853M,66,65,65,66,66,2.99,3.59,0.04,0.00
32DPR0611P,26,24,22,21,20,4.29,4.52,0.28,0.12
32DPR1061J,19,18,19,20,21,3.04,3.39,0.19,0.06
32DPR0418K,279,274,267,262,257,16.79,18.73,0.07,0.35
32DPR0190X,255,251,244,242,244,11.27,13.62,0.05,0.18
32DPR0503H,167,151,141,139,141,15.56,17.31,0.15,0.29
32DPR1700P,16,15,16,17,16,3.58,4.38,0.15,0.18
32DPR0309D,68,66,62,60,58,6.20,7.28,0.13,0.00
32DPR0745E,35,37,36,34,33,4.10,5.36,0.20,0.12
32DPR0634Z,41,40,37,35,31,5.07,6.57,0.22,0.18
32DPR1506L,43,42,40,37,35,4.39,5.10,0.17,0.06
32DPR1833F,272,271,269,273,272,10.11,11.47,0.04,0.00
32DPR0876X,39,39,39,38,38,1.50,1.95,0.04,0.00
32DPR0525T,55,56,59,61,59,4.76,5.49,0.10,0.00
32DPR0610Q,130,129,132,134,126,13.23,16.39,0.14,0.24
32DPR1084U,63,62,61,61,65,4.31,4.89,0.07,0.00
32DPR0852N,69,64,61,59,57,8.14,9.36,0.20,0.35
32DPR0417L,63,61,59,57,53,9.75,10.89,0.41,0.47
32DPR1060K,218,229,230,239,244,31.45,34.30,0.11,0.82
32EPR0118M,379,382,398,396,382,8.29,11.11,0.02,0.00
32DPR0502I,21,21,21,23,24,2.46,2.97,0.13,0.00
32DPR0308E,59,54,52,49,48,8.50,9.15,0.25,0.35
32DPR1193A,56,52,54,53,54,4.89,6.21,0.12,0.06
32DPR0080R,37,39,39,41,39,4.57,4.98,0.17,0.00
32DPR2397B,32,32,30,26,24,6.08,6.71,0.43,0.53
32DPR1529W,39,35,40,41,42,5.51,6.56,0.26,0.24
32DPR0875Y,33,34,37,34,35,5.29,6.64,0.25,0.12
32DPR0960V,29,24,22,22,23,3.09,3.72,0.16,0.00
32DPR1505M,165,169,167,168,171,5.46,6.47,0.03,0.00
32DPR0766R,52,51,49,48,46,3.96,4.91,0.09,0.06
32DPR0851O,405,405,407,416,405,14.86,18.62,0.04,0.06
32DPR0524U,117,120,120,117,112,9.05,10.50,0.10,0.06
32DPR0439X,17,17,18,18,18,2.74,3.22,0.15,0.00
32DPR1083V,154,156,157,156,147,7.75,9.75,0.06,0.00
32EPR0119L,435,444,452,447,446,17.04,21.23,0.03,0.18
32DPR0501J,114,117,120,120,121,10.13,12.98,0.07,0.12
32DPR0658J,259,254,264,255,263,14.19,16.64,0.05,0.12
32DPR0416M,61,61,60,58,58,3.67,4.93,0.08,0.06
32DPR0743G,26,25,24,24,23,2.14,2.62,0.10,0.00
32DPR0985D,60,59,57,58,56,3.69,4.50,0.06,0.00
32DPR2398A,18,17,18,18,19,2.51,2.77,0.14,0.00
32DPR0307F,35,34,34,33,33,5.71,6.72,0.27,0.29
32DPR0549C,240,230,239,233,238,12.31,15.60,0.05,0.06
32DPR1855R,335,320,333,342,329,15.01,18.29,0.05,0.06
32DPR0280P,114,109,104,103,101,8.74,9.55,0.10,0.00
32DPR0834Y,98,100,102,103,104,4.95,6.03,0.06,0.00
32DPR1152A,48,54,55,54,52,4.99,5.88,0.11,0.12
32DPR1067D,116,110,105,107,108,9.73,11.06,0.10,0.06
32DPR0195S,375,364,355,346,339,25.59,27.31,0.09,0.71
32DPR1042V,73,67,71,72,73,7.30,8.54,0.11,0.00
32DPR2063O,454,462,471,465,457,15.09,17.49,0.03,0.00
32DPR0810O,65,64,61,59,56,6.56,8.38,0.14,0.24
32DPR0725R,137,133,139,136,142,21.19,24.41,0.11,0.29
32DPR1706J,68,63,64,60,59,6.56,7.74,0.12,0.24
32DPR2390I,148,148,147,149,149,5.53,8.11,0.04,0.00
32DPR0171I,139,134,135,144,142,16.79,18.64,0.11,0.35
32DPR0726Q,61,62,65,61,62,4.40,5.68,0.07,0.00
32DPR0968N,249,234,240,255,258,13.41,15.36,0.05,0.06
32DPR1199V,55,53,52,50,49,4.03,5.19,0.10,0.12
32DPR0944D,33,32,31,29,29,3.28,4.05,0.11,0.06
32DPR0702G,589,584,597,595,582,13.41,16.32,0.02,0.00
32DPR1175L,76,74,78,74,80,5.59,7.17,0.07,0.00
32DPR1392Z,18,17,16,17,17,2.26,2.83,0.16,0.18
32DPR1705K,34,33,35,34,34,3.15,3.94,0.11,0.00
32DPR0170J,244,246,238,241,239,7.49,9.48,0.03,0.00
32DPR0749A,847,861,891,875,871,27.46,32.20,0.03,0.35
32DPR1151B,69,66,69,72,73,8.65,9.49,0.16,0.12
32DPR1283T,80,84,83,88,88,5.23,6.65,0.07,0.00
32DPR1198W,16,16,16,16,16,1.29,1.58,0.07,0.00
32DPR1947H,62,65,62,64,64,6.81,8.52,0.09,0.12
32DPR0061C,23,21,22,21,21,3.38,3.73,0.19,0.00
32DPR1041W,187,195,191,196,197,11.03,15.59,0.05,0.06
32DPR2064N,26,25,25,23,23,1.74,2.39,0.08,0.00
32DPR0724S,195,185,178,171,172,20.74,22.67,0.15,0.53
32DPR0966P,33,32,31,33,35,3.26,4.32,0.12,0.06
32DPR0639V,35,36,36,37,38,4.01,5.07,0.11,0.12
32DPR2391H,295,310,326,347,362,42.77,46.80,0.10,0.71
32DPR0967O,44,42,43,45,42,4.03,5.37,0.10,0.06
32DPR1174M,42,42,43,43,43,2.43,2.90,0.06,0.00
32DPR0701H,90,87,86,86,84,5.86,7.58,0.09,0.00
32DPR0616K,21,21,21,22,22,2.38,2.99,0.13,0.06
32DPR0062B,33,34,31,28,25,5.49,6.34,0.33,0.35
32DPR1813S,124,119,121,124,125,8.05,9.71,0.07,0.00
32DPR1150C,30,29,28,28,32,4.91,5.71,0.19,0.12
32DPR0858H,20,18,17,16,16,2.15,2.38,0.14,0.00
32DPR0194T,361,373,363,353,346,20.22,24.57,0.06,0.41
32EPR0091W,281,276,281,283,294,14.48,16.73,0.05,0.18
32DPR0507D,21,20,21,20,20,1.80,2.15,0.09,0.00
32DPR1704L,357,361,360,358,367,10.96,13.58,0.03,0.00
32DPR0832Z,25,24,24,24,24,2.51,3.01,0.12,0.00
32DPR0084N,41,41,40,40,42,3.96,5.14,0.09,0.06
32DPR0723T,108,104,101,100,95,9.21,10.54,0.11,0.00
32DPR0060D,32,32,31,31,31,4.84,6.16,0.37,0.47
32DPR1282U,51,48,53,53,55,5.32,6.65,0.12,0.12
32DPR1197X,108,107,107,104,102,5.38,6.36,0.06,0.00
32DPR1040X,47,45,42,43,43,3.64,4.11,0.09,0.00
32DPR2065M,66,66,62,63,62,3.49,4.57,0.07,0.06
32DPR1088Q,27,25,28,28,31,3.61,4.57,0.12,0.06
32DPR1173N,39,37,40,39,36,5.33,6.71,0.27,0.24
32DPR0857I,120,117,127,125,121,18.63,21.28,0.37,0.59
32DPR0700I,17,17,17,16,15,1.92,2.36,0.12,0.00
32DPR0193U,190,199,176,180,185,11.41,13.16,0.06,0.12
32DPR0748B,150,157,145,142,140,10.82,12.61,0.09,0.06
32DPR1812T,242,239,236,233,231,15.74,18.72,0.09,0.06
32DPR2283Z,18,17,17,17,17,2.40,3.20,0.12,0.06
32DPR0506E,99,94,97,96,93,14.50,17.95,0.17,0.29
32DPR2393F,120,121,118,113,102,14.73,17.39,0.14,0.35
32DPR1703M,398,390,390,398,411,9.50,11.94,0.02,0.06
32DPR1945J,46,46,43,42,40,3.53,4.26,0.10,0.00
32DPR0722U,57,55,55,56,53,7.76,8.98,0.27,0.29
32DPR0964R,199,202,193,186,190,10.14,12.57,0.05,0.00
32DPR0637X,278,285,275,276,262,13.49,15.93,0.05,0.12
32DPR1509I,94,95,98,107,130,8.10,10.56,0.08,0.00
32DPR0529P,121,125,119,112,105,7.32,8.72,0.06,0.00
32DPR0941G,67,67,65,68,68,6.33,8.19,0.08,0.06
32DPR1172O,34,32,29,30,28,5.08,6.12,0.25,0.18
32DPR1087R,58,56,54,52,48,5.88,6.37,0.15,0.06
32PPR0109K,219,204,197,201,200,17.99,20.01,0.10,0.12
32DPR0856J,433,430,443,444,457,11.39,14.97,0.03,0.06
32DPR0505F,74,77,72,73,73,3.87,4.58,0.06,0.00
32DPR1390B,50,44,43,43,41,7.78,9.26,0.34,0.35
32DPR1726X,173,168,170,170,170,18.98,22.45,0.12,0.29
32DPR1811U,258,268,265,266,263,8.53,11.03,0.04,0.00
32DPR1063H,74,73,67,65,66,8.06,9.09,0.18,0.18
32DPR0192V,204,195,195,179,166,25.42,26.87,0.19,0.76
32EPR0070J,460,458,464,462,474,21.70,27.01,0.06,0.35
32DPR0706C,156,147,139,140,133,14.24,16.84,0.14,0.18
32DPR0393S,145,143,146,139,144,9.74,12.15,0.06,0.06
32DPR1350A,47,46,47,44,44,6.49,7.20,0.30,0.24
32DPR2027J,63,60,61,60,59,2.72,3.59,0.05,0.00
32DPR0284L,40,37,37,35,34,5.36,6.66,0.26,0.18
32DPR0199O,188,181,183,181,175,10.74,13.25,0.06,0.06
32DPR0923R,480,470,456,440,428,37.98,44.93,0.12,0.71
32DPR1046R,32,33,33,33,34,4.65,5.28,0.22,0.12
32DPR1131O,286,285,284,276,273,14.76,16.06,0.06,0.18
32DPR0839T,170,170,178,187,189,10.13,12.87,0.05,0.06
32DPR1482S,50,52,54,62,68,13.32,16.20,0.14,0.47
32PPR0067B,127,124,125,120,116,9.56,13.49,0.12,0.24
32DPR0176D,125,129,130,124,129,5.61,6.52,0.05,0.00
32DPR0151V,136,137,133,130,139,5.64,6.86,0.04,0.00
32DPR0066Y,156,154,151,148,147,10.53,12.20,0.09,0.06
32DPR0900G,248,240,240,240,241,13.83,16.43,0.06,0.18
32EPR0094T,585,589,610,625,638,19.05,25.40,0.03,0.35
32DPR1022H,41,37,34,35,37,3.91,4.59,0.12,0.06
32DPR1373L,121,119,114,110,111,9.14,11.42,0.10,0.12
32DPR1288O,45,41,42,40,40,6.98,8.13,0.26,0.24
32DPR0198P,202,209,211,211,205,8.69,12.22,0.04,0.06
32EPR0095S,383,370,358,349,342,22.72,25.53,0.07,0.65
32DPR1264E,60,58,59,58,53,9.43,11.33,0.29,0.47
32DPR1179H,45,41,41,40,41,2.82,3.86,0.07,0.06
32DPR1396W,40,39,36,35,34,4.83,5.43,0.21,0.00
32PPR0066C,220,210,198,191,194,19.11,23.41,0.14,0.24
32DPR1709G,404,424,433,417,396,21.20,23.36,0.05,0.35
32DPR0089I,36,38,40,43,42,4.23,4.82,0.10,0.06
32DPR1481T,29,26,25,26,25,3.64,4.19,0.17,0.06
32DPR0174F,208,207,208,210,210,11.12,12.20,0.05,0.00
32DPR1154Z,305,306,304,309,311,8.86,11.22,0.03,0.00
32EPR0071I,359,351,339,331,323,37.99,46.11,0.18,0.65
32DPR0922S,623,620,618,618,624,13.30,16.85,0.02,0.06
32DPR0837V,164,163,165,161,169,14.70,17.09,0.07,0.12
32DPR1287P,62,62,58,57,56,5.58,6.39,0.14,0.00
32DPR1372M,121,117,119,117,111,17.19,22.47,0.10,0.18
32DPR1130P,61,60,67,68,72,5.24,6.18,0.08,0.00
32DPR0260B,43,36,36,37,33,7.62,9.01,0.43,0.53
32DPR0175E,72,71,74,74,74,6.29,7.56,0.09,0.00
32DPR1263F,47,46,43,37,36,2.35,3.25,0.06,0.00
32DPR1178I,160,171,174,182,179,15.66,19.42,0.10,0.12
32DPR0392T,62,60,58,58,55,4.57,5.07,0.09,0.00
32DPR1021I,159,159,158,154,148,6.87,7.93,0.05,0.00
32DPR0705D,123,111,101,110,115,14.61,16.48,0.19,0.35
32DPR0150W,246,257,263,263,274,11.06,12.11,0.04,0.00
32DPR1926V,217,223,225,222,218,21.89,26.93,0.08,0.41
32DPR0282N,38,37,37,36,36,4.12,6.03,0.17,0.06
32DPR0197Q,169,167,172,174,177,9.94,11.78,0.07,0.00
32DPR1069B,123,121,120,115,113,11.49,13.06,0.14,0.12
32PPR0089N,259,259,249,245,239,21.02,23.31,0.11,0.06
32DPR0836W,221,223,219,215,227,26.21,31.87,0.08,0.47
32DPR0173G,146,141,140,135,134,5.60,6.74,0.04,0.00
32DPR0088J,257,253,231,241,241,29.05,37.40,0.18,0.47
32DPR0921T,537,559,566,591,597,22.64,24.77,0.04,0.06
32DPR2332S,72,72,70,69,68,6.26,7.61,0.09,0.12
32DPR1153Z,104,93,87,85,83,18.91,21.03,0.15,0.41
32DPR2357A,153,146,138,136,137,13.29,15.21,0.12,0.12
32DPR1371N,88,91,88,85,90,5.55,6.98,0.07,0.06
32DPR1044T,17,17,16,17,17,2.06,2.32,0.13,0.00
32DPR0391U,43,38,45,49,49,4.23,4.96,0.10,0.00
32DPR1177J,153,147,143,140,139,12.62,14.68,0.11,0.18
32DPR2441Z,202,205,201,207,214,33.00,38.33,0.11,0.59
32DPR1020J,212,205,211,222,224,11.53,14.68,0.05,0.24
32EPR0092V,206,197,200,200,199,12.94,15.38,0.08,0.18
32DPR0704E,45,41,40,39,39,6.77,7.70,0.23,0.24
32DPR0946B,255,246,239,229,215,26.48,29.48,0.16,0.65
32PPR0040V,133,135,132,126,129,10.56,11.86,0.11,0.00
32DPR0064Z,27,26,23,24,23,5.05,5.65,0.29,0.18
32DPR0619H,17,17,16,16,16,2.07,2.62,0.12,0.06
32DPR0509B,100,99,92,81,79,15.59,17.81,0.27,0.53
32DPR1901M,21,18,17,17,18,2.37,2.63,0.15,0.00
32DPR1068C,17,18,19,20,21,3.60,4.70,0.19,0.24
32PPR0088O,320,313,336,328,340,15.21,17.85,0.05,0.06
32DPR0281O,216,210,216,221,220,9.74,11.86,0.05,0.18
32DPR0196R,115,109,103,99,93,16.07,16.94,0.24,0.59
32DPR1043U,198,200,204,207,209,33.26,42.64,0.10,0.53
32DPR0920U,471,466,462,461,458,13.81,15.86,0.03,0.00
32DPR0835X,180,175,172,166,162,9.30,10.96,0.07,0.00
32PPR0064E,567,504,492,431,419,108.26,113.29,0.46,1.00
32DPR2333R,34,33,34,31,27,4.25,5.14,0.17,0.18
32DPR1707I,68,69,72,71,68,6.52,7.68,0.14,0.12
32DPR0172H,54,53,54,47,47,4.06,5.05,0.09,0.00
32DPR0087K,17,16,16,15,16,1.63,2.03,0.10,0.00
32DPR0812M,49,47,42,41,41,5.77,6.77,0.16,0.12
32DPR0969M,77,74,75,70,66,8.93,10.60,0.17,0.18
32DPR1370O,143,142,148,146,145,6.53,8.80,0.04,0.06
32DPR1285R,18,18,17,18,17,3.65,4.92,0.18,0.12
32EPR0093U,135,132,129,131,135,7.26,9.00,0.05,0.00
32DPR0703F,18,17,16,16,16,1.86,2.27,0.12,0.00
32DPR2442Y,204,215,224,220,218,24.92,28.32,0.09,0.47
32DPR1924X,22,23,17,20,26,4.68,5.67,0.30,0.35
32DPR0945C,53,54,52,52,49,6.96,7.84,0.13,0.00
32DPR1176K,30,29,26,25,24,3.38,3.98,0.17,0.00
32DPR0390V,82,77,75,71,71,8.70,10.92,0.16,0.12
32DPR0240O,69,66,62,61,61,6.03,7.23,0.13,0.06
32DPR0155R,35,31,24,23,21,6.52,7.01,0.41,0.47
32DPR1027C,359,354,351,359,349,10.02,12.82,0.03,0.00
32DPR0904C,144,141,138,146,155,8.42,14.36,0.08,0.12
32DPR0819F,77,73,72,70,69,6.20,7.20,0.10,0.00
32DPR1463D,86,80,76,74,73,8.63,10.46,0.15,0.29
32PPR0087P,163,147,159,159,153,10.23,12.21,0.07,0.00
32DPR0046K,30,29,26,23,22,4.38,4.68,0.25,0.12
32DPR0131H,199,212,203,199,197,17.77,20.50,0.08,0.24
32EPR0074F,280,282,285,293,294,15.52,19.37,0.06,0.29
32DPR0397O,35,34,34,34,32,2.72,3.13,0.08,0.00
32DPR0709Z,329,328,342,345,340,10.05,12.76,0.03,0.00
32PPR0063F,110,105,108,99,99,8.33,11.18,0.10,0.12
32DPR1159U,79,79,73,75,79,5.33,7.92,0.08,0.06
32DPR1908F,42,42,42,41,39,6.44,9.47,0.62,0.29
32EPR0075E,178,177,178,176,175,7.13,9.11,0.04,0.00
32EPR0160B,405,405,414,404,406,11.77,14.04,0.03,0.00
32DPR1680S,29,29,27,26,28,3.31,3.99,0.14,0.00
32DPR1002U,65,62,61,60,56,10.95,12.13,0.31,0.59
32DPR0289G,372,368,360,354,366,10.62,14.95,0.03,0.12
32DPR0374D,38,36,38,34,32,6.11,6.82,0.41,0.53
32PPR0086Q,93,97,98,96,92,9.86,12.19,0.11,0.18
32DPR0264Y,130,125,127,129,132,6.66,8.49,0.06,0.00
32DPR2000C,243,252,265,274,286,37.23,41.29,0.11,0.65
32DPR0928M,382,382,386,385,389,11.31,13.42,0.03,0.00
32DPR1486O,80,77,73,72,73,9.12,11.61,0.18,0.24
32PPR0062G,392,386,379,362,348,39.36,42.18,0.15,0.88
32DPR0396P,217,217,219,213,214,19.02,22.31,0.07,0.29
32DPR1111A,158,161,155,149,148,7.20,8.72,0.05,0.00
32DPR0481M,394,367,396,395,384,15.63,19.84,0.04,0.18
32DPR0154S,71,69,67,61,58,6.89,7.89,0.14,0.06
32DPR1377H,29,23,21,23,22,5.59,6.13,0.30,0.29
32DPR0372F,137,135,131,128,118,14.95,16.52,0.16,0.35
32DPR0287I,20,19,21,22,22,2.58,3.23,0.19,0.12
32DPR1907G,29,32,31,33,33,3.91,4.67,0.15,0.06
32DPR1352Z,35,34,33,31,26,5.95,6.83,0.30,0.12
32DPR1268A,27,24,24,23,25,3.83,4.38,0.18,0.12
32DPR0130I,61,59,57,54,52,8.36,9.59,0.25,0.35
32DPR0022A,53,52,50,48,47,4.59,5.55,0.13,0.00
32DPR1485P,34,34,33,33,32,4.38,5.80,0.27,0.24
32DPR0373E,47,46,48,45,45,3.29,3.83,0.07,0.00
32DPR1158V,96,96,96,95,97,4.27,5.33,0.05,0.00
32DPR1243S,18,18,20,21,21,2.91,3.28,0.20,0.06
32DPR2399Z,339,356,357,358,365,17.23,20.84,0.04,0.12
32EPR0076D,109,103,99,94,91,16.28,18.84,0.41,0.53
32DPR1001V,19,18,17,16,16,2.41,2.84,0.17,0.06
32DPR1376I,84,79,73,71,68,11.75,12.34,0.28,0.53
32PPR0085R,115,103,101,99,102,9.24,12.03,0.11,0.18
32PPR0170O,21,24,18,21,23,5.51,6.50,0.31,0.47
32DPR1134L,42,41,37,34,33,4.27,4.71,0.18,0.00
32DPR0818G,90,86,82,80,78,7.93,8.93,0.12,0.06
32DPR1049O,77,73,75,75,77,5.70,7.10,0.08,0.06
32DPR0263Z,23,21,23,23,23,4.57,5.31,0.27,0.35
32DPR0480N,19,19,19,20,19,2.47,3.04,0.15,0.00
32DPR1267B,158,148,143,135,135,9.52,11.51,0.07,0.00
32DPR0395Q,16,16,17,18,18,1.76,2.09,0.08,0.00
32DPR1025E,298,301,294,287,283,14.24,16.00,0.06,0.12
32DPR1110B,146,145,142,143,141,4.81,5.78,0.04,0.00
32DPR0153T,91,87,85,82,79,10.35,11.41,0.18,0.24
32EPR0096R,204,192,195,181,178,18.56,20.83,0.11,0.47
32DPR0286J,103,99,102,103,114,8.99,11.28,0.11,0.06
32DPR0371G,74,73,72,71,71,4.24,5.33,0.07,0.00
32DPR1351Z,20,18,18,16,18,2.13,2.73,0.11,0.00
32EPR0072H,441,443,434,426,421,30.37,35.39,0.09,0.65
32DPR1484Q,84,82,83,81,84,4.54,5.77,0.05,0.00
32DPR0178B,44,44,43,42,41,2.68,3.27,0.06,0.00
32DPR1157W,223,225,209,221,215,16.71,19.52,0.07,0.24
32DPR0021B,19,19,19,18,18,1.48,1.89,0.08,0.00
32DPR1242T,111,112,110,107,113,5.45,6.22,0.05,0.00
32DPR2353E,254,259,266,277,299,16.18,19.20,0.05,0.24
32DPR1375J,149,142,142,139,139,9.46,10.44,0.06,0.00
32DPR0902E,84,85,83,82,77,7.75,8.74,0.13,0.00
32DPR0262Z,115,119,118,120,121,6.50,8.88,0.06,0.06
32DPR0707B,33,33,33,32,33,3.70,4.41,0.12,0.06
32DPR1024F,27,25,23,21,21,4.27,4.51,0.26,0.06
32DPR0394R,128,126,126,124,124,6.86,7.75,0.05,0.00
32DPR1156X,123,122,121,121,119,7.79,9.60,0.08,0.00
32EPR0073G,344,351,346,348,341,13.91,17.35,0.04,0.18
32DPR1241U,45,41,39,36,35,6.55,7.30,0.21,0.29
32DPR0370H,97,94,89,83,80,10.85,13.39,0.21,0.29
32DPR1047Q,201,192,187,195,194,11.80,14.13,0.07,0.00
32DPR1132N,70,65,62,59,58,8.38,9.64,0.20,0.24
32DPR0177C,199,199,199,201,195,5.91,7.90,0.03,0.00
32DPR0925P,215,210,210,204,203,15.20,18.62,0.09,0.29
32DPR1398U,35,33,33,32,31,3.26,3.96,0.13,0.00
32DPR1483R,26,26,30,27,19,4.01,5.02,0.23,0.24
32DPR1023G,165,167,170,168,172,6.68,8.83,0.04,0.00
32DPR2269G,122,123,125,125,124,3.17,3.56,0.02,0.00
32DPR0152U,79,75,69,70,75,6.17,7.61,0.10,0.06
32DPR0901F,343,346,341,336,333,8.45,10.45,0.03,0.00
32DPR1374K,70,68,66,65,65,4.74,5.60,0.08,0.00
32DPR2108U,34,35,33,34,36,4.28,4.84,0.13,0.06
32EPR0042N,174,180,197,192,203,9.24,11.96,0.05,0.06
32DPR1237H,79,76,70,63,62,9.99,10.81,0.20,0.24
32DPR0450T,31,32,27,24,24,4.49,5.14,0.23,0.18
32DPR0365W,33,32,26,24,24,5.35,6.15,0.26,0.35
32DPR0692Q,36,36,35,37,38,3.88,6.14,0.08,0.12
32DPR0498M,265,255,246,243,243,22.39,24.78,0.09,0.41
32DPR0256P,137,140,140,140,138,8.33,10.32,0.06,0.00
32DPR2435O,109,113,121,138,155,63.94,69.84,0.21,0.88
32DPR0341M,42,40,41,39,42,6.86,7.92,0.37,0.41
32DPR0583J,26,27,26,27,24,3.19,3.91,0.13,0.12
32DPR1103S,70,84,84,85,87,9.86,12.23,0.10,0.18
32DPR1018V,125,137,132,132,135,12.04,14.11,0.08,0.18
32PPR0027A,243,233,236,252,266,12.82,17.36,0.05,0.12
32DPR1696T,37,42,35,34,34,2.69,3.26,0.08,0.00
32DPR0475B,173,170,168,171,190,17.09,18.78,0.08,0.18
32DPR0148H,92,91,86,85,84,6.29,7.56,0.08,0.00
32DPR0233E,189,186,187,182,180,7.93,10.44,0.05,0.00
32DPR1369Z,27,25,24,24,22,3.52,4.11,0.25,0.24
32DPR1454W,94,91,86,83,79,9.32,10.73,0.13,0.06
32DPR1672J,23,25,25,26,26,2.41,3.24,0.12,0.06
32EPR0151U,97,100,93,92,98,12.25,15.20,0.19,0.29
32DPR2327G,250,240,220,219,220,15.84,18.92,0.08,0.18
32DPR0039A,34,33,32,30,29,4.53,5.11,0.25,0.24
32DPR1345P,154,154,159,176,175,13.96,16.56,0.07,0.12
32DPR1430M,23,20,17,19,20,2.62,3.17,0.16,0.00
32DPR0013T,31,33,35,34,32,3.68,4.73,0.19,0.06
32PPR0159S,255,250,238,231,231,20.01,25.42,0.13,0.47
32DPR0919E,377,371,379,391,391,14.95,18.20,0.04,0.18
32EPR0152T,293,296,286,295,298,16.99,19.04,0.05,0.06
32DPR1236I,65,67,69,71,72,4.48,5.32,0.06,0.00
32DPR1321F,147,140,136,126,129,16.42,20.28,0.13,0.29
32DPR1453X,39,37,34,33,33,3.83,4.82,0.15,0.06
32DPR0582K,20,20,19,19,19,2.47,2.79,0.16,0.00
32DPR0231G,54,58,58,61,57,4.72,6.33,0.07,0.06
32DPR0146J,261,266,243,236,236,13.64,17.79,0.06,0.24
32DPR2436N,22,32,29,24,23,9.04,10.15,0.31,0.59
32EPR0043M,348,359,367,375,396,26.98,33.86,0.06,0.41
32DPR0497N,184,183,184,186,186,7.75,9.09,0.04,0.00
32DPR0809Z,42,38,36,37,38,5.43,6.83,0.18,0.12
32DPR0474C,24,23,22,21,20,3.56,4.17,0.30,0.24
32DPR0389F,150,155,160,170,166,7.74,10.53,0.04,0.00
32DPR1344Q,93,86,87,85,84,6.45,7.94,0.08,0.06
32DPR1102T,220,220,218,222,226,13.51,16.88,0.05,0.12
32DPR1017W,259,258,254,241,246,12.15,14.56,0.05,0.24
32PPR0026B,271,265,251,247,244,19.53,22.08,0.09,0.00
32DPR0232F,157,162,158,160,168,10.43,12.24,0.07,0.00
32DPR0147I,169,164,160,158,152,16.64,20.08,0.14,0.24
32DPR1695U,115,116,115,113,112,6.13,7.42,0.05,0.00
32EPR0020B,267,259,245,243,245,11.98,14.96,0.05,0.12
32PPR0001T,80,73,78,70,68,6.89,8.80,0.10,0.18
32DPR0122Z,118,119,113,112,108,8.70,10.23,0.11,0.06
32DPR1320G,48,43,47,44,44,5.48,6.58,0.13,0.00
32DPR1235J,131,119,112,115,122,6.20,7.42,0.05,0.00
32DPR0364X,215,202,202,201,202,18.47,21.36,0.11,0.29
32DPR2328F,24,22,23,22,22,3.83,4.76,0.20,0.18
32DPR1671K,156,156,147,143,145,11.27,13.45,0.07,0.12
32DPR0169U,97,96,93,87,84,9.56,11.47,0.18,0.29
32DPR1126C,17,17,17,17,17,2.17,2.74,0.13,0.00
32DPR0254R,39,36,31,28,30,10.61,11.49,0.60,0.65
32DPR0918F,380,413,425,432,456,44.73,47.64,0.09,0.88
32DPR0690S,72,71,70,69,67,7.34,8.84,0.15,0.18
32PPR0158T,46,45,44,46,46,5.62,7.33,0.17,0.24
32DPR0012U,80,80,78,77,76,5.72,7.46,0.11,0.06
32DPR1477G,23,23,22,22,22,2.81,3.36,0.19,0.12
32DPR2437M,19,19,19,18,17,1.63,1.95,0.10,0.00
32DPR0145K,76,73,71,71,68,7.81,9.36,0.18,0.24
32DPR0230H,233,229,231,226,216,24.81,31.14,0.11,0.47
32DPR1452Y,39,41,39,40,40,3.03,3.69,0.08,0.00
32DPR0496O,544,546,551,568,580,23.20,28.59,0.04,0.35
32DPR2304W,26,26,31,29,24,10.73,12.39,0.40,0.06
32PPR0049M,114,109,104,103,103,10.38,12.27,0.13,0.18
32DPR0808Z,35,34,34,33,30,4.02,4.65,0.19,0.12
32DPR2329E,15,18,18,19,16,1.72,2.20,0.11,0.00
32DPR0037C,54,52,52,51,51,7.68,8.81,0.33,0.35
32DPR1258U,34,32,33,33,33,2.62,3.42,0.09,0.06
32DPR1343R,66,66,65,59,55,8.55,9.99,0.21,0.24
32DPR1016X,106,105,104,102,102,7.31,8.45,0.08,0.00
32DPR1101U,93,82,86,95,89,12.66,14.32,0.14,0.12
32PPR0025C,533,527,507,486,468,59.71,63.23,0.19,0.88
32DPR0473D,125,121,115,111,108,11.18,12.19,0.11,0.06
32DPR0388G,51,45,44,44,44,6.35,6.74,0.16,0.12
32DPR0363Y,162,159,156,153,150,6.38,7.78,0.05,0.00
32DPR1149N,43,45,51,50,50,4.76,6.13,0.13,0.12
32DPR1670L,80,84,89,95,97,16.94,19.38,0.13,0.41
32DPR2414B,156,168,197,220,241,58.39,61.70,0.18,0.94
32EPR0041O,477,466,448,434,428,61.46,70.72,0.27,0.76
32DPR0495P,35,33,29,23,21,8.26,8.76,0.64,0.82
32DPR1210A,181,199,210,224,234,35.92,39.69,0.12,0.71
32DPR0580M,58,59,59,63,65,3.06,3.73,0.05,0.00
32DPR0168V,147,146,141,138,136,8.48,9.76,0.07,0.00
32PPR0157U,42,39,39,35,42,6.38,7.49,0.16,0.24
32DPR0386I,38,35,30,28,30,3.96,4.60,0.15,0.00
32DPR0471F,1029,1017,1008,1004,1012,39.39,47.30,0.04,0.53
32DPR1693W,166,160,166,168,169,7.92,9.59,0.05,0.00
32DPR1451Z,51,50,51,51,54,4.65,5.79,0.12,0.06
32DPR0059O,27,24,22,23,21,5.02,6.09,0.39,0.35
32DPR1367A,646,637,597,595,608,25.67,30.09,0.05,0.47
32DPR0144L,226,219,233,230,233,9.18,11.48,0.04,0.06
32PPR0048N,274,263,249,237,218,38.76,43.98,0.29,0.76
32DPR0121A,49,47,45,46,47,7.20,8.48,0.11,0.06
32DPR0036D,30,29,30,28,32,4.32,4.97,0.16,0.00
32DPR1584P,37,35,34,30,28,5.32,6.63,0.32,0.35
32DPR2439K,33,30,28,25,22,4.45,4.85,0.25,0.06
32DPR0472E,21,23,24,27,27,2.89,3.49,0.15,0.06
32DPR0387H,141,137,142,137,109,13.34,16.46,0.14,0.24
32DPR1342S,33,31,32,32,33,2.56,3.55,0.09,0.06
32PPR0024D,164,155,130,130,139,8.40,11.09,0.06,0.06
32DPR1015Y,132,132,126,118,111,14.30,15.17,0.16,0.24
32DPR1100V,167,167,168,159,160,8.07,9.38,0.05,0.00
32PPR0156V,192,208,193,180,159,17.19,21.01,0.11,0.24
32DPR1475I,24,23,22,21,21,2.18,2.59,0.12,0.00
32DPR1560F,34,32,31,31,31,2.49,2.74,0.08,0.00
32DPR1148O,129,128,133,135,142,14.03,16.38,0.08,0.12
32DPR2415A,17,17,17,15,17,1.75,2.12,0.11,0.00
32DPR0278A,34,33,31,30,30,3.97,4.83,0.20,0.12
32DPR1233L,19,19,20,21,20,1.90,2.51,0.10,0.00
32DPR0917G,34,34,35,34,34,5.43,7.30,0.43,0.29
32PPR0132L,548,611,632,691,673,47.62,53.02,0.09,0.71
32DPR0563W,338,350,354,349,354,9.10,11.10,0.03,0.00
32DPR0212S,119,131,124,122,120,5.71,6.60,0.05,0.00
32DPR0127V,65,63,62,63,61,6.36,7.25,0.15,0.12
32DPR0478Z,70,69,68,69,73,4.77,5.37,0.06,0.00
32DPR0890Q,57,63,60,55,55,3.86,4.46,0.06,0.00
32DPR1520E,59,56,51,53,53,4.24,5.54,0.10,0.00
32PPR0023E,406,411,394,365,365,17.33,22.47,0.05,0.12
32DPR0018O,84,82,82,78,76,6.80,7.68,0.10,0.00
32EPR0131G,791,785,773,774,775,38.88,45.46,0.06,0.47
32DPR2346V,434,433,434,433,433,6.73,8.98,0.02,0.00
32EPR0046J,91,88,86,85,85,9.32,11.02,0.10,0.12
32DPR1326A,21,25,23,20,22,5.22,6.13,0.25,0.12
32DPR0369S,26,25,27,30,30,4.64,5.33,0.23,0.24
32DPR0781J,96,90,91,95,92,5.43,6.34,0.06,0.00
32DPR1216V,91,92,92,97,96,8.12,9.67,0.08,0.06
32DPR1301S,33,32,34,33,33,5.26,6.72,0.34,0.24
32DPR1652W,50,46,44,42,40,7.46,8.31,0.27,0.12
32EPR0047I,504,508,514,530,541,15.72,19.61,0.03,0.18
32DPR0019N,303,273,271,268,282,21.39,25.27,0.09,0.41
32DPR0431E,48,48,45,43,48,7.20,9.64,0.27,0.35
32DPR1870J,95,90,88,87,83,8.88,10.77,0.14,0.18
32EPR0022Z,224,220,214,224,228,10.07,12.03,0.05,0.00
32DPR1107O,19,17,16,14,15,1.46,1.98,0.12,0.06
32DPR0321Z,52,52,52,49,45,5.33,6.05,0.14,0.12
32DPR0237A,17,18,19,18,18,1.72,2.09,0.11,0.00
32DPR0126W,108,102,99,100,101,6.34,7.22,0.06,0.00
32DPR0211T,73,68,72,69,68,7.02,7.77,0.12,0.06
32DPR2432R,199,207,226,252,276,51.85,55.38,0.14,0.88
32DPR0368T,210,230,233,240,238,31.20,34.99,0.15,0.59
32DPR0453Q,71,73,71,72,73,6.65,7.42,0.11,0.00
32DPR0477Z,189,191,185,196,202,13.39,15.62,0.06,0.12
32DPR1434I,59,57,58,61,57,6.02,8.01,0.15,0.12
32DPR0780K,59,58,58,58,68,4.18,5.58,0.07,0.06
32DPR0017P,69,67,65,61,61,5.43,6.34,0.11,0.00
32DPR0102M,16,16,15,15,15,1.09,1.31,0.08,0.00
32DPR0695N,68,64,62,62,64,5.12,6.56,0.09,0.06
32DPR0259M,61,55,59,64,66,6.73,8.23,0.16,0.12
32PPR0022F,204,217,219,226,224,14.01,16.10,0.06,0.12
32DPR0344J,24,25,26,25,23,3.16,3.99,0.13,0.00
32EPR0156P,520,515,500,486,473,14.98,18.79,0.03,0.06
32DPR2347U,125,114,111,113,122,17.98,20.78,0.11,0.29
32DPR1325B,37,37,33,32,34,2.96,3.92,0.09,0.00
32DPR1300T,102,90,95,95,110,33.82,39.19,0.17,0.65
32DPR1215W,361,361,364,363,369,11.12,14.84,0.03,0.12
32DPR1566Z,78,75,75,71,67,3.92,5.23,0.06,0.06
32DPR0430F,54,56,55,54,53,7.14,8.42,0.24,0.18
32DPR0587F,93,94,94,91,91,6.60,8.71,0.09,0.06
32EPR0133E,233,226,220,219,220,9.90,13.60,0.05,0.06
32DPR1348M,145,147,151,152,148,11.76,14.52,0.07,0.12
32DPR1433J,16,16,15,14,14,1.30,1.58,0.10,0.00
32EPR0023Z,203,198,203,206,200,9.06,11.29,0.04,0.00
32DPR0236B,69,61,58,55,56,10.06,10.91,0.27,0.53
32DPR0562X,110,102,100,98,100,11.31,13.60,0.12,0.12
32DPR2433Q,109,116,129,137,131,21.66,25.19,0.14,0.47
32DPR0367U,34,34,33,28,26,3.86,4.75,0.22,0.12
32DPR1239F,31,29,30,29,29,3.57,4.52,0.19,0.06
32EPR0153S,210,203,200,196,197,5.65,6.37,0.03,0.00
32DPR0125X,36,37,36,40,37,2.99,3.76,0.07,0.00
32DPR0210U,240,237,229,233,229,12.44,15.13,0.05,0.12
32DPR1675G,65,69,67,61,61,7.12,8.84,0.10,0.12
32DPR0343K,68,66,72,69,72,5.72,6.72,0.10,0.00
32DPR0694O,20,20,21,19,21,2.04,2.48,0.10,0.00
32EPR0044L,215,202,211,226,226,12.94,14.99,0.06,0.06
32DPR0016Q,35,35,37,35,28,4.67,5.68,0.20,0.12
32DPR0101N,16,16,16,16,16,1.53,1.78,0.09,0.00
32DPR2348T,16,16,15,14,13,1.56,1.73,0.13,0.00
32DPR0671D,59,57,56,55,58,3.95,4.99,0.08,0.00
32DPR0586G,22,21,20,18,17,2.86,3.19,0.19,0.00
32DPR1456U,20,18,19,20,21,2.33,3.01,0.14,0.12
32DPR1214X,56,57,57,56,55,2.66,3.22,0.05,0.00
32DPR1432K,76,75,74,75,71,9.39,10.78,0.24,0.41
32DPR1347N,478,495,513,539,532,20.35,23.86,0.04,0.24
32DPR1105Q,91,89,87,84,84,4.98,6.26,0.06,0.00
32DPR0561Y,53,53,53,55,50,5.72,6.51,0.16,0.06
32EPR0069U,95,93,91,90,89,8.18,10.05,0.11,0.12
32DPR1238G,39,39,41,40,42,2.26,2.75,0.06,0.00
32DPR1323D,37,40,42,40,38,3.73,4.77,0.09,0.06
32DPR0124Y,56,55,56,53,52,7.12,8.58,0.20,0.18
32DPR1674H,33,33,32,32,32,2.52,3.58,0.09,0.06
32DPR0693P,33,29,30,33,34,2.86,3.82,0.10,0.06
32DPR0366V,36,35,35,36,35,3.73,4.54,0.16,0.06
32DPR0451S,39,38,39,38,38,3.67,4.91,0.12,0.06
32EPR0045K,115,112,116,115,120,6.63,7.93,0.06,0.00
32DPR0499L,150,146,155,145,150,10.76,12.62,0.07,0.00
32DPR0584I,43,41,40,39,38,3.83,5.44,0.16,0.12
32DPR0100O,31,25,23,23,22,4.40,4.74,0.24,0.12
32DPR0015R,60,58,57,56,54,5.53,6.61,0.15,0.12
32DPR2434P,127,131,139,145,149,19.79,22.97,0.11,0.24
32DPR0342L,19,19,17,17,18,1.99,2.42,0.13,0.00
32DPR0149G,60,59,58,57,56,4.92,6.20,0.13,0.06
32DPR0234D,59,60,62,60,64,7.00,8.19,0.15,0.12
32DPR0585H,265,284,276,282,273,12.94,17.01,0.05,0.18
32DPR0670E,79,77,75,74,69,6.37,8.34,0.11,0.12
32DPR1697S,34,31,34,34,33,3.78,5.31,0.18,0.06
32DPR0560Z,137,136,134,128,121,14.17,15.49,0.16,0.24
32DPR1673I,31,28,25,23,22,5.32,5.54,0.36,0.47
32DPR0476A,66,64,62,61,57,5.44,6.41,0.10,0.06
32DPR1431L,34,33,32,32,31,2.24,3.32,0.07,0.06
32DPR1346O,35,34,34,39,34,3.34,4.88,0.16,0.12
32DPR1104R,154,149,147,144,140,9.90,10.75,0.08,0.00
32DPR1019U,43,42,39,38,37,5.06,6.22,0.23,0.18
32DPR0410S,79,78,85,90,89,6.48,7.73,0.07,0.06
32DPR0325V,49,50,54,52,48,8.18,9.21,0.35,0.53
32DPR0761W,34,34,33,33,33,2.51,3.11,0.09,0.00
32DPR1960B,124,127,130,132,135,6.80,7.75,0.05,0.00
32DPR1306N,22,21,21,22,21,2.43,3.03,0.13,0.06
32EPR0002M,285,279,286,289,296,18.19,22.77,0.07,0.24
32DPR0652P,74,70,69,74,78,5.47,6.72,0.08,0.00
32EPR0159M,54,53,55,56,60,4.36,5.23,0.07,0.06
32DPR1439D,64,60,62,57,63,6.24,6.52,0.12,0.00
32DPR2419X,392,416,429,399,391,25.96,28.74,0.06,0.41
32DPR0544H,103,99,94,93,91,10.31,12.93,0.17,0.24
32DPR1414V,35,33,33,35,36,4.50,5.34,0.20,0.12
32DPR0871B,150,148,148,149,145,9.71,11.43,0.06,0.00
32DPR0786E,36,36,33,33,33,3.68,4.79,0.15,0.06
32DPR0302K,49,44,43,41,38,6.36,7.05,0.19,0.18
32DPR1765Z,27,24,21,26,27,4.18,5.09,0.22,0.24
32DPR0217N,34,32,30,28,26,6.13,6.65,0.34,0.41
32DPR1305O,32,33,36,36,35,3.12,3.71,0.13,0.00
32DPR1656S,52,50,55,59,55,3.36,3.87,0.06,0.00
32EPR0136B,208,214,223,212,204,20.72,24.00,0.08,0.41
32DPR1741P,188,187,191,188,186,8.35,9.77,0.04,0.00
32DPR0108G,30,31,28,27,28,6.04,6.66,0.25,0.35
32DPR0435A,35,34,33,31,26,6.86,7.77,0.58,0.47
32DPR0324W,18,17,18,17,18,2.55,2.92,0.17,0.00
32EPR0027V,278,287,304,322,308,24.47,28.20,0.08,0.29
32DPR0675Z,42,41,39,39,39,5.72,6.63,0.21,0.12
32DPR1632I,16,18,23,21,18,4.35,5.37,0.17,0.12
32DPR0651Q,77,75,74,74,74,5.93,7.39,0.11,0.12
32DPR0566T,97,94,104,102,92,9.12,10.24,0.12,0.00
32DPR0893N,47,45,42,42,39,5.35,6.56,0.16,0.18
32DPR0300M,46,44,43,42,41,4.84,5.94,0.17,0.06
32DPR0215P,114,109,107,100,101,7.58,9.52,0.08,0.06
32DPR0457M,16,18,18,20,19,2.31,2.89,0.13,0.06
32DPR1523B,67,68,67,66,66,3.75,4.72,0.06,0.00
32DPR1438E,22,21,20,23,29,4.78,5.87,0.15,0.24
32DPR0543I,237,238,244,235,234,13.11,18.82,0.07,0.18
32DPR1413W,19,19,18,18,19,2.21,2.53,0.13,0.00
32DPR1655T,34,34,32,31,32,2.95,3.52,0.12,0.00
32DPR0107H,88,84,78,75,73,8.34,9.46,0.12,0.00
32DPR2060R,25,24,24,23,21,3.31,4.13,0.26,0.35
32DPR0458L,47,45,44,43,41,6.49,7.34,0.33,0.41
32DPR0785F,182,174,168,163,164,14.81,16.98,0.09,0.24
32DPR0870C,111,110,107,110,106,6.17,7.73,0.05,0.00
32DPR1546M,40,39,39,38,40,3.42,3.88,0.11,0.00
32DPR1304P,165,167,173,169,175,9.31,12.34,0.05,0.06
32DPR1219S,25,24,26,25,25,3.15,3.85,0.16,0.06
32DPR0760X,37,36,36,34,34,4.44,5.39,0.23,0.12
32DPR0349E,36,37,38,37,38,3.18,4.08,0.08,0.06
32DPR0434B,81,78,84,85,82,11.73,14.37,0.31,0.29
32EPR0137A,435,421,423,416,436,23.82,28.22,0.06,0.41
32DPR1437F,42,40,39,38,37,4.16,5.07,0.13,0.06
32DPR1788J,29,29,27,28,34,7.13,9.07,1.36,0.12
32DPR0650R,36,34,34,33,31,4.73,5.38,0.25,0.12
32DPR0238Z,49,47,44,42,40,5.84,6.60,0.19,0.18
32DPR0565U,45,47,46,46,46,4.61,5.08,0.09,0.00
32DPR0456N,24,25,23,23,23,4.32,5.05,0.21,0.06
32DPR0892O,44,48,49,48,54,5.59,7.38,0.13,0.24
32DPR0129T,162,166,159,150,137,8.29,10.80,0.06,0.06
32DPR0214Q,54,54,54,52,53,3.87,4.88,0.08,0.00
32DPR0784G,97,95,97,96,98,4.53,5.69,0.04,0.00
32DPR1654U,24,23,22,21,29,5.40,6.38,0.19,0.06
32DPR0106I,75,72,71,71,71,4.17,5.47,0.06,0.06
32EPR0134D,654,642,649,674,677,28.35,33.92,0.05,0.35
32DPR1412X,71,76,75,71,69,6.26,7.59,0.11,0.06
32DPR1327Z,34,32,31,30,30,4.84,5.57,0.26,0.18
32DPR1630K,22,20,20,21,20,3.68,4.10,0.20,0.00
32DPR1303Q,39,40,39,40,41,6.96,8.16,0.12,0.06
32DPR0564V,41,40,36,35,33,4.02,4.75,0.14,0.12
32DPR1787K,72,79,79,82,73,7.04,8.98,0.09,0.12
32DPR1109M,90,91,91,92,87,4.65,5.51,0.05,0.00
32EPR0025X,397,406,412,421,420,12.31,15.20,0.03,0.06
32DPR0479Y,114,115,116,117,120,5.41,6.69,0.05,0.00
32DPR0540L,36,30,28,25,22,6.32,6.96,0.45,0.47
32EPR0158N,240,243,240,258,260,25.69,28.33,0.08,0.47
32DPR0128U,40,38,36,35,34,4.81,5.44,0.18,0.00
32DPR1678D,19,18,18,18,18,1.87,2.31,0.10,0.00
32DPR0213R,92,83,84,81,81,8.98,11.22,0.12,0.29
32DPR0697L,16,15,15,14,14,0.99,1.35,0.06,0.00
32EPR0001N,429,435,452,453,448,19.44,24.05,0.04,0.18
32DPR0432D,65,66,64,62,49,9.34,11.53,0.52,0.29
32DPR2086Z,80,70,69,69,67,12.41,15.19,0.15,0.29
32DPR0783H,47,47,49,48,47,4.31,5.23,0.12,0.12
32DPR1568Y,65,63,56,60,60,3.97,5.20,0.07,0.06
32DPR0105J,417,412,410,391,390,18.54,24.52,0.05,0.41
32DPR1459R,28,24,23,21,20,4.81,5.36,0.33,0.35
32DPR1217U,30,27,28,31,37,5.79,6.71,0.20,0.24
32DPR1302R,168,168,168,171,163,8.50,11.31,0.05,0.06
32DPR0438Y,131,124,121,114,117,6.99,8.25,0.07,0.00
32DPR0874Z,473,470,458,456,463,9.54,11.93,0.02,0.00
32DPR1504N,68,68,67,68,66,4.96,5.56,0.07,0.00
32DPR0523V,32,31,28,28,28,3.92,4.72,0.17,0.06
32DPR1419Q,59,58,55,56,56,6.28,7.92,0.14,0.12
32EPR0115P,432,415,414,416,428,12.45,17.72,0.03,0.18
32DPR0329R,36,33,33,33,33,5.00,6.19,0.26,0.29
32DPR0414O,107,108,106,110,111,4.12,5.66,0.04,0.00
32DPR0765S,33,31,30,30,31,3.20,3.84,0.14,0.00
32PPR0007N,473,441,405,402,400,48.53,50.26,0.14,0.94
32DPR1082W,153,148,161,153,152,17.53,23.79,0.09,0.18
32DPR0742H,31,30,32,25,23,6.16,6.93,0.42,0.53
32DPR1963Z,65,62,61,58,54,9.81,12.19,0.33,0.18
32EPR0007H,140,138,141,140,138,8.03,12.01,0.05,0.06
32DPR0500K,31,31,30,27,24,3.15,3.82,0.17,0.00
32DPR1612V,31,30,29,29,26,4.58,5.43,0.36,0.29
32DPR0415N,106,101,101,100,93,7.96,9.66,0.10,0.06
32DPR0899H,360,359,355,357,370,14.33,16.11,0.04,0.00
32DPR0984E,307,334,331,333,339,21.01,25.82,0.06,0.29
32DPR1418R,96,102,112,104,102,5.52,7.03,0.05,0.06
32DPR0548D,322,330,332,345,339,14.40,24.94,0.04,0.12
32DPR1503O,29,27,23,22,23,4.47,4.95,0.26,0.18
32DPR1191C,635,617,618,612,609,32.31,37.72,0.06,0.53
32DPR1309K,69,63,60,56,58,8.57,10.63,0.20,0.35
32DPR0437Z,66,65,64,63,61,7.96,10.29,0.18,0.12
32DPR1081X,235,229,233,240,242,16.43,20.24,0.06,0.24
32DPR0873Z,145,140,136,132,138,13.13,15.10,0.10,0.12
32DPR0679W,72,72,70,66,63,5.95,7.10,0.10,0.06
32DPR2416Z,61,61,60,58,54,7.61,8.54,0.13,0.06
32DPR0522W,40,40,39,39,38,3.97,4.94,0.11,0.06
32DPR0413P,193,206,197,198,188,11.65,14.17,0.06,0.06
32EPR0116O,512,499,480,474,460,35.65,42.49,0.10,0.59
32DPR0655M,44,43,39,42,37,4.42,5.39,0.14,0.06
32PPR0006O,100,105,110,113,110,5.91,6.71,0.06,0.00
32DPR1526Z,178,190,199,214,201,23.39,26.78,0.20,0.41
32DPR0305H,39,33,36,33,35,8.24,9.25,0.30,0.41
32DPR0656L,21,17,18,19,19,3.16,3.44,0.19,0.06
32DPR1962Z,53,44,51,59,58,12.87,14.18,0.53,0.12
32EPR0117N,326,329,334,331,340,14.09,17.71,0.04,0.18
32DPR0983F,49,53,54,54,56,5.57,7.93,0.18,0.18
32DPR0898I,178,173,165,172,164,12.16,15.54,0.06,0.06
32DPR1417S,571,577,573,576,560,15.64,19.52,0.03,0.06
32DPR0632B,452,442,444,445,447,16.41,20.06,0.04,0.24
32DPR0547E,586,595,599,593,595,19.96,23.76,0.04,0.29
32EPR0008G,521,522,510,531,538,33.47,37.99,0.08,0.65
32DPR1190D,38,36,36,35,35,2.97,3.63,0.09,0.06
32DPR2081D,21,21,22,22,22,1.84,2.61,0.06,0.06
32DPR0521X,58,57,54,53,53,6.68,7.62,0.20,0.24
32DPR1986J,33,32,32,31,33,4.19,5.85,0.22,0.06
32DPR1635F,22,20,19,19,17,2.51,3.20,0.17,0.12
32DPR2417Z,78,78,80,87,96,7.67,9.19,0.11,0.12
32DPR0678X,38,36,34,32,33,3.30,4.05,0.15,0.06
32DPR0763U,30,29,28,27,25,3.64,4.31,0.16,0.12
32EPR0028U,159,157,153,150,150,11.94,16.19,0.11,0.24
32EPR0113R,232,237,237,243,242,9.21,10.56,0.04,0.00
32DPR0654N,22,23,23,24,24,2.09,2.43,0.12,0.00
32DPR0412Q,114,118,118,107,107,7.95,9.66,0.09,0.06
32DPR0327T,104,96,97,96,96,9.58,10.83,0.11,0.06
32DPR0569Q,71,69,64,63,63,7.02,8.51,0.18,0.18
32DPR0304I,50,52,59,60,67,5.28,6.18,0.09,0.06
32DPR0897J,45,43,42,45,49,3.64,4.23,0.08,0.00
32DPR0219L,145,145,134,121,115,8.49,9.59,0.07,0.00
32DPR0546F,56,57,51,51,53,4.01,5.19,0.08,0.06
32DPR0631C,282,293,293,288,285,12.27,15.59,0.04,0.06
32EPR0005J,415,415,411,410,413,8.07,10.76,0.02,0.00
32DPR1658Q,705,702,719,734,746,23.32,27.74,0.03,0.35
32DPR1416T,128,129,129,130,134,7.53,9.15,0.05,0.00
32DPR1501Q,181,183,185,182,184,8.08,10.58,0.04,0.06
32DPR0677Y,17,17,16,17,15,2.48,2.90,0.19,0.06
32DPR1549J,198,170,160,150,150,30.29,32.91,0.25,0.82
32DPR0762V,73,73,72,73,74,6.99,9.10,0.08,0.12
32DPR1985K,141,145,148,154,152,7.85,9.10,0.06,0.00
32DPR0520Y,40,36,37,37,37,3.20,3.99,0.09,0.06
32DPR1307M,59,68,68,67,68,7.45,9.19,0.11,0.18
32DPR2309R,235,232,222,230,229,10.45,14.64,0.04,0.12
32DPR0568R,57,54,58,56,55,3.13,3.67,0.06,0.00
32DPR0653O,467,465,461,468,461,15.96,19.82,0.03,0.12
32DPR1961A,36,39,35,34,36,4.37,4.94,0.18,0.12
32DPR0411R,54,53,54,53,50,5.58,6.62,0.14,0.12
32DPR1876D,141,141,138,139,139,5.44,6.38,0.04,0.00
32DPR0895L,359,328,283,296,304,32.19,39.69,0.14,0.53
32EPR0114Q,406,407,404,411,414,15.77,18.68,0.04,0.18
32EPR0029T,570,552,552,547,536,32.27,35.93,0.06,0.65
32DPR0980I,87,80,79,75,72,9.08,11.16,0.21,0.41
32EPR0006I,133,126,124,124,119,8.58,10.08,0.06,0.00
32DPR0981H,79,77,73,77,73,6.98,8.72,0.10,0.00
32DPR0896K,97,93,90,86,85,8.79,9.82,0.11,0.00
32DPR0303J,106,103,105,108,111,8.78,10.12,0.07,0.00
32DPR0545G,69,67,67,67,68,2.65,3.18,0.04,0.00
32DPR0787D,57,53,50,49,52,6.95,8.52,0.35,0.29
32DPR1500R,200,188,187,184,184,9.70,11.44,0.05,0.00
32DPR1984L,215,190,189,183,196,23.72,27.53,0.12,0.59
32DPR1415U,60,60,50,53,52,10.66,13.13,0.27,0.35
32DPR1657R,237,227,232,239,238,10.84,13.43,0.04,0.12
32DPR0109F,64,61,57,59,59,3.31,4.10,0.06,0.00
32DPR1847I,21,19,18,17,17,2.09,2.85,0.10,0.06
32DPR1932F,358,358,359,363,376,20.16,24.17,0.05,0.24
32DPR0624T,526,522,520,522,526,13.94,18.91,0.03,0.12
32DPR0539W,39,38,40,40,42,4.45,5.68,0.12,0.12
32DPR1183U,64,63,64,65,63,4.58,5.21,0.07,0.00
32DPR1098X,21,21,19,19,20,2.92,3.83,0.18,0.06
32DPR0866Q,306,298,309,312,338,19.75,25.55,0.06,0.35
32DPR2164M,47,42,43,41,44,11.31,12.87,0.43,0.59
32DPR2031W,272,282,288,297,312,26.03,28.94,0.07,0.47
32DPR1074N,227,222,226,221,226,11.41,13.25,0.05,0.00
32DPR0843F,49,52,55,58,63,4.29,5.66,0.08,0.00
32DPR0758I,205,195,203,205,203,8.83,10.74,0.04,0.00
32DPR0516L,63,56,49,43,45,14.63,15.66,0.77,0.82
32DPR0407E,209,199,209,215,214,24.96,38.33,0.12,0.35
32DPR1050D,182,176,168,162,156,20.86,25.87,0.21,0.24
32DPR0649B,33,34,35,33,31,2.86,3.46,0.09,0.00
32EPR0108F,113,127,125,116,121,8.46,11.66,0.06,0.06
32DPR2250I,87,87,82,82,79,4.94,6.03,0.07,0.00
32DPR1604M,64,63,59,58,56,6.91,9.29,0.19,0.12
32DPR0865R,13,14,13,13,13,1.32,1.68,0.10,0.00
32DPR0623U,231,227,228,227,223,10.55,13.53,0.05,0.06
32DPR1097Y,29,33,32,36,38,4.13,5.04,0.14,0.06
32DPR1182V,413,422,418,416,429,20.85,25.39,0.04,0.18
32DPR1073O,68,66,62,61,60,5.72,7.10,0.11,0.06
32DPR0757J,282,264,246,253,262,26.48,31.16,0.14,0.47
32DPR1954R,34,35,33,32,24,6.06,7.58,0.40,0.41
32DPR0999G,160,162,164,168,161,10.32,11.92,0.06,0.00
32DPR2142A,141,139,140,136,134,10.75,12.50,0.11,0.06
32DPR1712U,28,30,31,29,25,4.53,5.08,0.25,0.18
32DPR0406F,99,102,103,104,108,11.64,13.56,0.08,0.12
32DPR0648C,40,40,39,38,37,3.67,4.64,0.14,0.06
32DPR0973Z,48,51,51,54,54,5.79,6.51,0.15,0.06
32DPR1930H,112,104,100,98,96,17.37,21.69,0.42,0.47
32DPR2251H,206,216,224,238,251,36.81,39.78,0.11,0.82
32DPR0622V,27,20,21,20,21,4.44,5.17,0.29,0.18
32DPR1603N,75,74,73,73,73,4.85,6.37,0.08,0.06
32EPR0129S,972,971,962,967,962,16.31,19.59,0.02,0.00
32DPR0428R,407,370,366,376,338,45.53,48.13,0.16,0.94
32DPR0864S,27,25,23,22,20,4.59,4.96,0.29,0.24
32DPR0779V,102,101,100,98,95,7.03,8.15,0.08,0.00
32DPR0513O,49,50,50,47,49,3.56,4.33,0.09,0.00
32DPR1409J,18,19,20,19,17,3.52,3.99,0.17,0.00
32DPR1736D,15,16,18,17,14,1.62,2.14,0.10,0.00
32DPR0841H,175,171,168,161,153,12.45,13.95,0.09,0.00
32DPR0756K,30,30,23,24,22,3.38,4.01,0.16,0.06
32EPR0106H,44,48,48,46,47,4.32,5.40,0.09,0.12
32DPR0514N,91,93,92,90,89,6.06,7.07,0.07,0.00
32DPR0429Q,351,341,381,412,431,43.75,48.54,0.10,0.88
32DPR1072P,125,123,124,124,128,3.23,3.89,0.03,0.00
32DPR0998H,123,117,111,106,103,15.92,17.47,0.24,0.47
32DPR0647D,114,112,108,105,108,13.08,15.29,0.20,0.35
32DPR0732A,250,253,264,272,285,36.25,42.35,0.10,0.59
32DPR0889A,15,16,15,15,16,1.28,1.71,0.08,0.00
32DPR0092W,65,65,68,67,64,7.13,9.38,0.20,0.12
32DPR1408K,237,224,216,209,203,25.91,28.54,0.15,0.76
32DPR1095Z,315,296,281,294,288,23.52,27.06,0.09,0.53
32DPR1180X,36,34,36,38,43,4.71,5.86,0.11,0.18
32DPR2252G,194,195,191,190,195,15.84,18.73,0.07,0.24
32DPR0863T,226,212,221,231,238,19.51,23.41,0.09,0.41
32DPR1844L,450,448,444,442,434,13.27,15.17,0.03,0.00
32DPR0778W,59,58,56,56,54,6.61,7.78,0.19,0.24
32DPR0427S,109,106,103,103,101,6.40,7.77,0.07,0.06
32DPR1071Q,71,67,63,52,60,7.54,10.24,0.13,0.18
32DPR0754M,56,54,51,49,49,7.57,9.21,0.29,0.18
32DPR0512P,97,100,105,113,104,9.20,11.85,0.08,0.12
32DPR1710W,227,236,240,241,246,21.71,27.24,0.07,0.35
32DPR0404H,48,45,47,47,47,3.98,4.55,0.08,0.00
32DPR0319K,50,50,52,53,47,5.72,6.90,0.13,0.12
32DPR0091X,32,30,33,32,34,8.40,9.89,0.15,0.29
32DPR0840I,33,32,31,28,23,5.04,6.04,0.32,0.24
32DPR2385X,28,27,35,33,33,5.18,5.99,0.22,0.24
32DPR0997I,152,146,142,144,148,8.98,11.21,0.08,0.06
32DPR1516S,395,383,373,371,364,24.73,28.53,0.08,0.53
32DPR0646E,26,25,24,23,24,3.18,3.98,0.28,0.12
32DPR0731B,51,51,53,55,56,4.66,5.60,0.08,0.00
32EPR0107G,28,29,30,33,34,4.73,5.56,0.11,0.12
32DPR0888B,273,270,270,265,241,16.82,22.15,0.08,0.29
32DPR1803L,178,175,179,178,182,8.49,10.48,0.05,0.06
32DPR1718O,151,146,143,143,140,11.83,14.73,0.10,0.18
32DPR0183N,377,382,374,373,384,16.99,19.86,0.04,0.29
32DPR0931Z,50,53,60,56,50,4.16,4.91,0.07,0.00
32DPR0822T,36,38,38,38,38,2.04,2.48,0.05,0.00
32DPR0074G,22,22,24,24,22,2.95,3.79,0.12,0.12
32DPR1296X,145,144,144,141,139,6.42,7.90,0.05,0.00
32DPR1381U,26,23,22,22,21,3.86,4.43,0.23,0.12
32DPR0979T,247,254,261,257,257,14.57,18.90,0.05,0.24
32DPR1054Z,23,23,22,22,22,1.49,2.08,0.08,0.00
32DPR1187Q,37,37,36,32,35,3.41,4.50,0.13,0.06
32DPR0714L,41,37,38,37,37,3.56,4.56,0.11,0.12
32DPR1030Q,98,107,105,100,105,6.78,7.82,0.07,0.00
32DPR2075T,46,49,52,54,55,7.58,9.54,0.11,0.24
32DPR0292U,190,181,179,180,173,9.82,11.58,0.06,0.00
32DPR1490A,23,19,19,20,20,2.93,3.39,0.17,0.00
32DPR1163G,128,118,116,115,119,9.19,10.51,0.08,0.00
32DPR1078J,51,51,47,48,49,3.23,3.99,0.08,0.00
32DPR2184Z,142,141,138,138,138,7.72,11.36,0.07,0.06
32PPR0090C,368,339,314,302,299,52.20,54.12,0.20,0.94
32DPR1717P,197,200,196,185,184,13.02,16.32,0.08,0.29
32DPR0097R,30,28,26,24,23,3.36,4.05,0.18,0.06
32DPR0182O,72,75,76,77,73,4.49,5.32,0.07,0.00
32DPR0978U,520,505,519,531,538,14.82,17.82,0.03,0.06
32DPR0736X,53,51,50,48,44,9.25,10.86,0.43,0.53
32DPR0821U,366,369,374,377,367,15.14,18.72,0.04,0.18
32DPR1380V,17,18,19,18,20,3.54,5.40,0.16,0.06
32DPR0713M,40,39,36,31,33,6.33,7.82,0.25,0.29
32DPR2270W,81,82,81,81,82,2.43,2.74,0.03,0.00
32DPR0955J,20,19,19,19,17,1.65,1.87,0.10,0.00
32DPR1186R,137,140,138,142,137,8.22,10.47,0.06,0.00
32DPR1162H,194,181,177,185,177,15.18,18.15,0.09,0.24
32DPR0846C,32,33,29,25,32,4.11,5.23,0.18,0.12
32DPR2053H,78,76,75,73,69,3.82,4.75,0.06,0.00
32DPR0735Y,27,22,21,20,20,5.30,5.74,0.33,0.06
32DPR0409C,138,125,118,115,112,15.63,16.62,0.17,0.35
32DPR1053A,35,34,27,26,29,5.26,6.59,0.28,0.41
32DPR0181P,98,94,94,91,87,9.73,10.51,0.14,0.06
32DPR0711O,31,33,32,34,32,3.58,5.27,0.15,0.06
32DPR0072I,48,47,46,47,47,3.02,3.90,0.07,0.00
32DPR0626R,62,54,53,50,48,9.06,9.86,0.21,0.29
32DPR1294Z,127,119,110,107,105,17.87,19.77,0.22,0.47
32DPR0712N,205,211,216,222,234,42.07,49.31,0.12,0.71
32DPR2186Y,55,55,57,58,60,9.96,12.30,0.32,0.12
32DPR0627Q,109,102,99,96,89,15.42,18.89,0.28,0.47
32DPR1270P,46,45,43,42,41,3.23,4.08,0.10,0.06
32DPR1185S,36,36,35,36,38,2.56,3.17,0.07,0.00
32DPR0845D,297,291,296,298,304,25.87,30.45,0.07,0.41
32DPR0930A,443,440,435,438,440,11.11,13.44,0.03,0.00
32DPR1715R,120,121,116,118,115,12.33,14.35,0.14,0.24
32DPR0518J,135,131,127,115,113,18.42,19.91,0.20,0.47
32DPR0290W,40,40,42,40,40,2.25,3.11,0.06,0.00
32DPR1161I,56,52,53,50,50,6.71,7.47,0.16,0.12
32DPR1076L,26,26,25,24,22,2.01,2.60,0.09,0.00
32DPR1606K,31,29,30,29,28,4.24,4.61,0.24,0.06
32DPR2054G,62,69,58,60,68,9.54,11.11,0.14,0.06
32DPR0734Z,205,205,203,198,202,9.79,15.40,0.06,0.24
32DPR2381A,142,140,142,150,162,9.53,11.44,0.06,0.00
32DPR1052B,35,36,33,32,29,4.26,5.08,0.18,0.06
32DPR1099W,47,44,43,47,51,3.91,5.02,0.08,0.00
32DPR1184T,109,101,102,98,102,5.49,6.67,0.06,0.00
32DPR1848H,138,141,129,136,134,16.58,19.82,0.14,0.24
32DPR0710P,51,49,48,47,44,6.22,7.75,0.29,0.29
32DPR1160J,123,121,120,120,121,6.43,7.68,0.06,0.00
32DPR1075M,142,135,136,132,133,11.69,14.10,0.10,0.12
32DPR0868O,366,365,375,377,375,17.76,20.36,0.06,0.18
32DPR0602H,16,16,15,16,14,1.92,2.48,0.11,0.00
32DPR1714S,18,17,17,18,18,1.35,1.68,0.09,0.00
32DPR0759H,65,59,61,64,61,2.91,3.82,0.05,0.00
32DPR0180Q,94,91,92,90,87,8.78,11.23,0.14,0.24
32DPR0844E,57,55,54,53,46,5.67,6.36,0.14,0.06
32DPR0381N,44,41,39,39,41,5.27,6.21,0.10,0.06
32DPR0296Q,34,34,36,35,34,4.09,4.84,0.13,0.06
32DPR1168B,321,319,317,318,319,9.08,11.06,0.03,0.00
32EPR0082O,346,360,368,381,386,53.26,58.49,0.10,0.76
32DPR0609A,27,24,23,22,23,3.66,4.46,0.17,0.06
32DPR1494X,142,137,138,134,135,3.75,4.85,0.03,0.00
32DPR0187J,52,49,46,45,40,5.40,6.10,0.16,0.12
32DPR0935W,66,67,66,64,64,2.52,3.38,0.04,0.00
32DPR2233S,147,145,142,119,125,14.43,16.64,0.08,0.06
32DPR0030J,22,20,20,19,19,2.09,2.42,0.14,0.00
32DPR1470N,25,24,25,25,25,3.66,4.39,0.23,0.18
32DPR1385Q,80,78,71,69,67,15.17,20.15,0.12,0.35
32DPR0912L,184,180,176,179,178,8.95,10.25,0.05,0.00
32DPR0827O,54,53,58,55,55,6.57,7.61,0.13,0.18
32DPR1143T,80,73,67,66,70,7.00,9.12,0.11,0.12
32DPR2452E,113,118,125,134,155,44.03,47.93,0.17,0.82
32DPR1939Z,348,335,331,339,335,15.83,19.53,0.05,0.18
32DPR1276J,23,23,23,23,22,4.01,5.09,0.14,0.06
32DPR1361G,202,199,203,204,213,11.58,14.90,0.05,0.18
32DPR0718H,83,82,85,85,84,5.59,8.33,0.06,0.06
32DPR0803E,24,23,20,20,19,3.53,3.95,0.21,0.06
32DPR1034M,124,119,115,113,108,11.60,12.32,0.12,0.12
32DPR0163Z,50,52,51,51,51,3.84,4.03,0.09,0.00
32EPR0083N,294,308,326,341,345,36.51,41.47,0.09,0.59
32DPR1915P,64,65,69,71,74,20.30,23.54,0.15,0.59
32DPR1167C,83,81,83,84,82,6.43,7.43,0.10,0.06
32DPR0380O,120,113,110,106,103,9.57,10.76,0.11,0.12
32DPR0295R,41,41,39,37,34,6.04,6.87,0.29,0.41
32DPR1057X,165,156,158,165,169,10.11,12.56,0.07,0.06
32DPR1142U,92,87,85,82,81,9.28,11.06,0.14,0.18
32DPR0934X,34,33,33,32,31,3.27,3.87,0.12,0.00
32DPR0849Z,333,319,313,343,360,44.57,52.85,0.21,0.71
32DPR0271H,20,21,23,22,21,2.46,3.23,0.18,0.18
32DPR0186K,412,422,425,443,440,15.44,18.90,0.04,0.18
32DPR1493Y,134,129,136,136,137,14.77,22.49,0.08,0.29
32DPR1033N,68,64,62,60,62,7.08,7.69,0.14,0.06
32DPR0078C,146,144,143,136,140,8.69,10.33,0.06,0.00
32DPR0911M,162,165,159,135,140,9.12,11.11,0.07,0.00
32DPR1384R,39,36,36,36,31,5.73,6.69,0.30,0.29
32DPR1299U,120,117,114,114,111,5.91,7.75,0.06,0.00
32DPR0053U,20,21,22,21,21,2.40,3.05,0.12,0.06
32DPR1275K,29,30,31,32,30,3.41,4.05,0.13,0.00
32DPR0959F,39,36,34,34,33,5.82,6.41,0.27,0.12
32DPR1251A,31,29,30,29,33,4.13,4.75,0.15,0.12
32DPR0294S,26,23,20,20,21,5.04,5.67,0.37,0.47
32DPR1166D,39,40,38,36,36,5.18,6.58,0.28,0.24
32DPR0933Y,34,29,27,23,22,5.54,6.25,0.28,0.18
32DPR1056Y,36,36,35,35,34,5.06,6.41,0.29,0.35
32DPR1141V,51,51,52,50,49,5.53,6.77,0.15,0.12
32DPR0824R,22,21,20,18,18,2.86,3.31,0.19,0.12
32DPR1492Z,146,146,147,144,142,4.02,4.87,0.03,0.00
32DPR0185L,182,182,180,177,181,11.41,14.69,0.06,0.18
32PPR0162F,67,55,47,45,47,12.00,12.84,0.29,0.65
32DPR2320N,38,41,39,39,39,3.16,3.68,0.09,0.00
32DPR0910N,51,52,52,50,49,4.69,5.15,0.12,0.00
32DPR1032O,147,148,153,156,151,7.23,8.11,0.05,0.00
32PPR0052Z,107,114,117,115,118,4.82,6.96,0.04,0.06
32DPR1383S,45,45,39,35,33,8.64,9.08,0.42,0.71
32DPR1298V,93,87,86,82,81,6.79,7.69,0.09,0.00
32DPR0077D,398,413,427,431,442,47.03,50.52,0.09,0.71
32DPR0162A,115,107,105,107,107,8.10,9.24,0.08,0.00
32EPR0080Q,482,466,461,453,441,43.14,48.50,0.14,0.71
32DPR0958G,20,25,20,21,24,10.08,14.10,0.20,0.41
32DPR0801G,612,606,621,614,599,16.47,19.72,0.03,0.12
32DPR1274L,159,156,150,139,133,16.21,17.64,0.15,0.29
32DPR1189O,38,37,36,35,37,3.07,4.03,0.09,0.06
32DPR1719N,42,40,38,36,37,5.54,6.88,0.27,0.18
32DPR1491Z,589,588,603,605,623,25.11,28.44,0.04,0.35
32DPR0184M,49,46,50,51,51,4.55,5.59,0.09,0.06
32DPR0848A,512,521,534,530,532,8.28,11.46,0.02,0.06
32EPR0081P,348,354,341,330,325,31.44,35.04,0.11,0.65
32DPR0932Z,313,311,312,310,310,4.53,5.29,0.01,0.00
32DPR1250B,130,127,125,124,123,9.48,10.73,0.09,0.06
32DPR2430T,196,192,194,186,182,13.53,16.41,0.09,0.18
32DPR1165E,24,22,21,20,22,3.28,3.69,0.18,0.00
32DPR1297W,23,24,27,25,24,2.69,3.80,0.16,0.06
32DPR0075F,34,29,31,31,33,2.59,3.37,0.07,0.00
32DPR0160C,94,98,98,98,99,4.95,6.55,0.05,0.00
32DPR1055Z,45,47,47,46,49,5.23,7.19,0.18,0.12
32DPR0823S,46,43,44,45,42,4.04,4.71,0.10,0.06
32DPR0738V,71,67,64,65,66,8.62,9.78,0.21,0.24
32DPR1273M,36,37,41,37,34,6.55,8.18,0.20,0.24
32DPR1188P,296,291,299,298,302,9.61,12.10,0.03,0.00
32DPR1031P,106,105,103,106,108,6.46,8.26,0.05,0.00
32DPR0715K,107,106,105,107,110,7.01,8.72,0.08,0.00
32DPR0161B,46,48,43,47,43,4.39,5.26,0.10,0.00
32DPR0957H,39,39,40,37,30,6.12,7.05,0.27,0.24
32DPR1164F,359,367,357,377,385,18.10,21.29,0.05,0.24
32DPR1079I,89,84,89,87,88,5.09,6.24,0.06,0.00
32PPR0099U,122,116,115,115,123,11.50,13.50,0.10,0.12
32DPR0606D,39,38,36,35,34,2.24,2.73,0.06,0.00
32DPR0051W,42,40,39,41,42,2.85,3.34,0.07,0.00
32DPR1366B,101,97,94,93,92,7.41,8.94,0.10,0.00
32PPR0160H,135,134,143,143,141,13.00,16.47,0.13,0.24
32DPR0167W,51,48,44,44,47,5.29,6.14,0.14,0.12
32DPR1124E,82,83,80,77,81,7.13,8.79,0.10,0.12
32DPR1039H,179,176,172,174,176,5.91,7.11,0.04,0.00
32DPR0807A,18,17,17,16,15,2.13,2.64,0.17,0.06
32DPR0385J,66,67,67,66,69,2.43,2.91,0.04,0.00
32DPR0470G,68,66,63,62,63,5.42,6.43,0.10,0.00
32DPR1014Z,276,274,281,281,274,6.66,8.55,0.02,0.00
32DPR0143M,38,32,33,34,32,7.06,8.96,0.43,0.35
32EPR0171H,110,117,128,138,147,35.55,37.68,0.17,0.71
32DPR1583Q,127,123,125,122,116,9.90,11.14,0.11,0.00
32DPR1498T,96,94,96,94,92,4.23,5.22,0.05,0.00
32DPR0277B,38,36,32,29,28,6.79,7.31,0.31,0.41
32DPR0120B,84,84,79,73,72,6.65,7.42,0.10,0.00
32DPR1341T,34,33,32,32,31,3.80,5.49,0.21,0.18
32DPR2254E,222,206,196,188,190,24.22,26.34,0.10,0.29
32DPR1474J,183,188,185,187,193,10.78,13.97,0.05,0.18
32DPR1389M,440,435,437,436,427,15.30,19.20,0.04,0.12
32DPR0010W,45,45,44,44,44,4.21,5.37,0.07,0.06
32DPR0916H,115,114,114,117,118,6.97,8.55,0.06,0.00
32DPR0361Z,50,48,50,52,53,3.16,3.79,0.07,0.00
32DPR1147P,34,28,32,30,31,4.91,5.63,0.14,0.06
32DPR1232M,91,89,92,91,92,6.82,7.70,0.07,0.00
32DPR0806B,42,39,39,40,40,5.07,5.48,0.14,0.00
32DPR2363L,233,276,305,317,328,67.91,70.36,0.18,1.00
32DPR0142N,56,57,58,53,51,5.11,5.94,0.11,0.06
32DPR1365C,83,83,83,83,82,4.28,5.63,0.06,0.06
32DPR0057Q,18,17,17,15,15,2.62,3.31,0.18,0.12
32DPR2012H,345,353,367,395,419,50.88,55.75,0.10,0.82
32DPR1038I,65,59,59,60,62,7.66,8.71,0.18,0.12
32DPR1123F,15,17,17,17,16,4.51,7.06,0.14,0.18
32DPR0493R,56,56,57,55,58,4.03,5.55,0.06,0.06
32EPR0172G,81,82,83,92,93,12.45,15.97,0.10,0.35
32DPR1340U,17,16,18,16,16,2.20,2.72,0.17,0.06
32DPR0033G,22,22,22,21,20,2.74,3.25,0.16,0.06
32DPR1013Z,22,25,21,22,20,2.93,3.90,0.17,0.18
32PPR0050B,128,125,125,114,107,11.69,13.14,0.13,0.24
32DPR0384K,34,30,31,27,28,5.22,5.97,0.27,0.18
32DPR1146Q,24,20,20,21,26,3.41,3.84,0.13,0.00
32DPR0276C,115,108,106,104,101,9.37,10.63,0.11,0.06
32DPR1231N,109,107,106,106,107,5.72,7.31,0.06,0.00
32DPR0939S,212,206,211,214,215,10.40,13.96,0.06,0.18
32DPR0034F,19,20,21,25,24,3.40,4.90,0.13,0.18
32DPR1497U,372,372,370,363,357,14.76,18.06,0.04,0.18
32DPR1122G,143,141,141,140,142,6.24,7.78,0.04,0.00
32DPR0251U,34,34,34,32,30,5.44,5.99,0.32,0.35
32DPR0166X,116,114,116,114,114,5.79,7.15,0.05,0.00
32DPR0915I,129,133,131,139,147,6.80,8.76,0.05,0.00
32DPR1388N,40,38,35,35,29,7.64,8.33,0.38,0.47
32DPR1473K,41,40,40,43,40,3.94,4.88,0.15,0.06
32DPR0141O,36,37,35,38,36,5.85,7.32,0.13,0.06
32DPR2364K,30,25,22,23,25,2.95,4.04,0.26,0.18
32EPR0084M,260,270,284,276,279,13.22,16.31,0.06,0.12
32DPR0805C,32,28,30,30,37,3.46,4.50,0.11,0.06
32DPR0492S,165,155,160,168,168,13.05,15.19,0.08,0.00
32DPR1364D,74,74,74,70,71,6.88,8.55,0.13,0.12
32DPR0032H,24,23,23,23,22,2.83,3.71,0.13,0.06
32EPR0060C,384,386,397,392,395,10.89,13.39,0.03,0.00
32DPR2388U,27,27,26,24,20,3.85,4.86,0.21,0.00
32DPR0298O,50,47,43,43,43,5.98,6.75,0.16,0.18
32DPR0383L,102,97,92,93,93,9.67,13.37,0.20,0.24
32DPR1690Z,17,18,17,17,17,2.43,2.86,0.15,0.00
32DPR0938T,135,139,143,154,161,19.65,21.30,0.10,0.29
32DPR1145R,89,82,78,86,84,6.12,7.94,0.09,0.12
32DPR1230O,16,16,17,18,21,2.29,2.88,0.15,0.12
32EPR0061B,454,473,471,471,461,19.97,24.86,0.05,0.18
32DPR1809F,188,178,176,167,167,11.15,13.32,0.07,0.06
32DPR1496V,54,54,55,57,57,3.91,5.20,0.06,0.06
32DPR0360A,64,61,58,57,55,5.03,5.67,0.10,0.00
32DPR0250V,52,49,45,43,40,6.84,7.78,0.24,0.18
32DPR0165Y,266,268,247,246,269,15.56,18.06,0.06,0.18
32DPR0829M,18,21,26,27,26,4.79,5.82,0.20,0.29
32DPR1036K,18,18,17,16,16,1.68,2.03,0.10,0.00
32DPR1121H,39,36,31,37,38,4.20,5.37,0.11,0.12
32DPR2256C,49,47,47,48,52,5.75,6.83,0.14,0.18
32DPR1472L,485,499,499,495,496,20.85,28.87,0.04,0.29
32DPR1387O,35,33,28,28,28,4.49,5.62,0.21,0.18
32DPR1012A,33,26,24,25,25,7.21,7.71,0.50,0.65
32DPR0382M,102,101,100,97,95,11.48,13.25,0.17,0.29
32DPR0140P,103,103,99,100,103,12.06,14.13,0.09,0.18
32DPR0055S,42,40,40,39,37,5.46,6.61,0.22,0.24
32DPR1363E,172,175,179,178,184,7.67,9.99,0.04,0.00
32DPR0188I,155,164,165,147,158,8.67,9.70,0.06,0.00
32DPR2450G,119,133,137,139,145,36.44,41.79,0.14,0.71
32DPR1495W,187,180,175,173,179,9.51,13.06,0.06,0.06
32EPR0170I,185,177,177,181,175,10.91,14.38,0.08,0.12
32DPR0936V,477,458,455,457,472,15.02,18.41,0.03,0.18
32DPR1169A,368,357,355,351,352,15.22,17.43,0.04,0.06
32DPR1386P,75,73,71,71,74,5.28,6.04,0.07,0.00
32DPR1471M,55,55,54,49,48,5.49,6.47,0.13,0.06
32DPR0828N,212,200,203,214,214,15.02,17.55,0.07,0.18
32DPR0274E,16,17,16,17,17,2.10,2.39,0.11,0.00
32DPR1144S,48,43,41,39,37,5.85,6.74,0.20,0.18
32DPR1059V,22,21,20,19,18,2.18,2.58,0.15,0.06
32DPR0189H,95,89,96,102,111,8.06,9.94,0.07,0.06
32DPR1362F,189,186,191,187,188,6.54,8.25,0.04,0.00
32DPR0491T,209,205,202,199,197,9.04,10.61,0.05,0.00
32DPR0804D,208,212,222,223,242,14.72,17.75,0.06,0.29
32DPR0719G,111,104,108,112,115,8.64,10.88,0.08,0.12
32DPR1035L,71,68,66,68,85,21.73,23.83,0.18,0.59
32DPR0164Z,93,94,96,98,95,3.39,3.90,0.04,0.00
