cct,1999,2000,2001,2002,2003,2004,2005,2006,2007,2008,2009,2010,2011,2012,2013,2014,2015,2016,2017,2018,2019
32DPR2447T,38,7,18,18,2,10,10,5,13,9,3,11,-7,-4,-17,17,7,12,34,55,27
32DPR1225C,-11,-7,-4,0,-4,-6,2,1,-7,-3,5,-5,5,2,-2,2,2,1,3,4,-5
32DPR0026X,-4,-7,-5,-8,2,0,1,1,2,5,-1,1,-8,3,-2,-3,-2,2,-2,4,3
32DPR0111U,-6,1,-3,22,-1,42,8,-7,-7,-3,10,-8,6,-5,2,-3,8,-3,9,7,4
32EPR0054S,-26,0,-22,-3,5,-1,11,0,6,56,7,31,-50,20,-1,-18,-22,34,52,179,-27
32DPR1661D,11,-23,8,-2,-9,-2,3,-2,6,1,2,3,-3,-3,-5,-2,0,-2,5,4,3
32DPR0244K,10,-11,-27,3,21,-2,-7,8,-5,-16,-3,-11,12,-16,-5,-7,16,-11,5,-13,7
32DPR0159N,8,2,0,8,-4,5,-5,0,-3,0,-10,0,-6,0,1,0,-8,-6,0,-3,-3
32DPR0680L,-5,1,-4,-3,-5,-1,4,-3,1,2,1,1,0,-5,16,-7,-2,3,-3,0,2
32EPR0030I,-35,-20,-7,-8,7,2,11,5,8,-3,-38,27,-10,-5,-5,2,-5,-3,2,9,11
32DPR0136C,-9,3,14,-4,-3,0,-1,1,0,4,-8,2,-10,9,-16,4,4,3,-3,2,-10
32DPR1357U,4,0,13,-1,-10,-5,-6,18,-2,8,5,7,3,5,7,-9,-1,2,2,6,-5
32DPR1200U,2,-1,0,-2,7,-2,-7,4,-3,11,-3,4,-7,-4,-6,-4,-4,0,-1,2,3
32DPR1115X,-6,-29,17,-13,-2,-5,-14,0,10,-8,-18,4,3,-15,-17,3,-2,-1,-2,13,-2
32DPR0487G,-2,-7,2,-4,-4,-2,-5,4,2,-7,5,-3,13,-1,2,2,4,-4,4,-1,-2
32DPR2424I,5,-6,6,-4,3,-8,-3,-3,1,-1,5,1,-4,5,2,4,-4,-11,3,9,0
32DPR0462Y,2,-1,0,3,-2,-4,-1,-1,2,-2,5,0,-1,3,-3,1,-9,-1,-9,-3,1
32DPR2339L,1,-2,11,-5,0,-3,0,3,-6,-2,1,-2,5,1,1,-2,-3,1,-3,1,-4
32DPR1248N,5,2,0,-17,4,-4,-2,-5,9,-5,2,2,-14,-2,-7,1,-10,3,-7,2,-1
32DPR1333K,-7,-3,4,-16,1,3,-6,20,-4,5,-2,5,-4,-24,1,3,2,-4,-5,-5,-1
32EPR0079A,-11,11,-18,-4,-41,-7,-7,-9,-23,-2,14,14,-11,-14,10,1,-3,-12,16,9,-4
32DPR1006Q,-9,-10,4,-14,-5,-2,-4,0,3,-6,-17,3,-19,9,-3,-1,-4,9,6,-5,-3
32EPR0163Z,-21,18,33,18,-7,33,19,-36,34,35,17,2,2,-4,10,14,11,15,-25,3,14
32EPR0055R,6,0,9,-18,-5,14,6,7,6,19,-14,6,-29,4,-18,11,-4,6,-21,-22,2
32DPR1139G,-2,-5,-5,4,2,0,4,-8,-4,4,4,4,2,-9,6,-6,-2,3,0,11,-7
32DPR1224D,-12,0,-1,-1,-2,-15,-4,-4,5,-1,1,2,0,2,-3,1,-3,2,-2,-5,7
32DPR0594P,6,-6,1,-5,-3,-2,0,0,-5,-1,1,1,-3,3,-11,-3,1,-1,-5,2,1
32DPR0110V,29,2,31,-15,-11,-2,20,2,-3,31,13,25,-15,4,3,11,-24,-21,-1,9,-17
32DPR1575H,1,-9,0,-6,5,0,1,-6,-1,1,0,-3,0,0,3,3,-1,5,1,-1,-1
32EPR0031H,-10,-22,-24,-12,10,-10,-25,6,-11,-41,-6,-26,16,-8,-24,20,-8,21,9,23,-21
32DPR0485I,-3,7,-4,-10,-11,1,-1,2,0,-6,10,-4,4,7,-1,9,14,-1,2,-8,5
32DPR0570F,-5,6,-29,1,3,27,11,-2,12,-8,0,2,-5,-8,0,-15,-5,20,-11,-20,-6
32DPR0001O,-88,-6,-24,-17,-37,-13,-6,-20,-14,-3,-1,-1,-24,-3,-13,-30,-5,-6,9,-6,-5
32DPR2448S,15,-23,33,29,23,20,37,25,20,29,32,32,-15,0,-23,-1,40,-1,2,21,2
32DPR0158O,10,40,-28,8,-18,-25,15,-19,-12,2,-20,-5,1,-9,8,55,4,-5,-7,4,2
32DPR0243L,-5,-18,-17,3,1,6,0,-2,16,3,1,5,6,28,-12,19,-11,7,6,-4,11
32DPR0220A,-6,-11,0,25,-22,1,-2,-5,2,2,-44,16,24,12,-18,-4,-27,-49,-27,27,-8
32DPR0135D,-4,1,-3,0,-17,3,9,0,-3,-4,-2,-1,-11,-1,-3,1,28,3,12,2,-1
32DPR0571E,5,-7,-1,-6,-2,4,-4,2,-3,0,1,1,1,0,1,4,-2,-1,-2,-3,-2
32DPR0486H,-3,-6,1,0,3,1,5,-3,0,-9,-2,-5,-3,4,-2,1,1,12,-1,5,6
32DPR1441S,-15,-6,0,-6,0,-19,-1,1,-5,2,2,2,-2,-1,2,1,0,4,-8,3,5
32DPR1356V,-1,-3,-1,0,0,1,0,-1,2,-4,2,-1,1,1,-1,3,0,-4,7,1,4
32DPR1114Y,-4,-3,-3,-11,-6,-4,-6,1,-1,3,0,1,-6,-5,2,-10,5,8,3,-2,4
32DPR0377A,16,-5,12,4,19,-16,-8,0,5,-7,1,-5,0,3,-8,0,-5,-2,1,14,-18
32DPR1332L,-14,4,-1,-1,2,4,-6,0,-11,2,-5,-5,10,9,-3,-7,1,2,-2,-6,-4
32DPR1247O,-3,0,-9,2,-4,0,2,1,-2,-3,0,0,0,4,-2,1,-1,-1,-1,-1,-4
32DPR0461Z,-12,5,-17,-19,-17,5,0,-6,8,27,-9,7,-8,7,-7,-5,41,9,10,-9,-6
32DPR0351T,16,-3,0,-2,-1,5,0,3,-3,-2,-14,-6,6,0,-4,0,0,1,-1,1,-2
32DPR0906A,0,2,-6,1,1,-3,1,-2,0,0,0,0,11,3,0,-3,7,-3,-3,7,-1
32DPR1223E,2,8,6,-9,-1,20,25,4,-3,9,5,9,-35,-8,-6,5,0,5,7,2,19
32DPR0484J,-7,-7,-3,12,5,-3,-5,12,5,4,16,4,17,-6,-6,-7,30,24,11,5,11
32DPR0399M,2,1,4,-8,1,-3,-12,4,-9,3,2,2,1,-1,1,3,-3,-7,4,-6,2
32DPR1113Z,3,-11,-9,-11,-3,4,-5,9,-3,12,3,4,-20,-9,-4,-1,3,2,10,9,-4
32DPR2449R,8,56,-18,16,-8,12,1,0,29,32,-9,16,6,27,-2,3,24,-15,17,-3,19
32DPR0157P,-7,10,6,-15,-9,-6,-14,-11,-2,3,-6,0,11,4,1,-1,12,7,0,-6,8
32DPR1029A,-8,-9,-1,-5,-1,1,-2,-4,3,-2,-2,-2,11,-1,-11,5,2,4,-5,-4,4
32DPR0242M,-9,-6,-6,-4,0,0,-3,2,-1,-1,-2,0,9,-3,0,2,-2,-1,1,-1,1
32EPR0077C,1,25,-13,-24,-11,17,5,23,20,33,-19,23,8,-6,-10,-4,-8,-25,9,-31,1
32DPR1682Q,1,-1,-11,3,0,2,-15,-1,1,-1,4,0,-3,-2,-3,-2,3,5,-6,1,1
32DPR1004S,-6,7,7,-4,3,-1,0,-2,-9,1,-10,-3,-3,6,-2,-2,3,4,-5,-4,1
32DPR0376B,8,-5,-26,-2,1,8,-3,1,-5,7,8,8,-7,1,5,-3,3,2,-10,-2,-1
32DPR2426G,4,-4,4,-3,1,-2,-5,0,2,0,1,1,0,0,-4,0,2,-4,3,-1,1
32DPR0134E,-11,7,12,4,18,0,3,-9,-1,0,-2,-3,0,-3,-12,2,-6,2,-3,6,8
32DPR1573J,-3,-12,0,-11,-1,-3,-5,-2,1,0,2,0,2,1,-4,1,7,6,-2,-1,2
32DPR1488M,13,1,4,-1,-8,-22,1,4,0,-1,7,-1,-12,-3,-7,-4,-1,0,6,-6,5
32DPR0024Z,0,3,1,-2,-1,-2,4,-4,11,6,-1,5,-12,-5,-5,-9,-4,7,3,-4,-2
32DPR0460Z,4,1,16,-21,-3,-3,-2,-17,-6,10,9,9,-10,-7,-3,-3,8,3,-3,-2,17
32DPR1246P,-27,-13,2,-11,-6,3,-5,1,9,6,-8,2,6,-5,1,-3,-6,-3,2,2,-11
32DPR1331M,-5,-4,-1,0,-14,-7,2,-2,-12,-4,0,-6,2,3,4,-4,-2,-2,3,-2,-1
32DPR0156Q,5,-3,-9,-4,-3,-3,-5,1,4,-2,-5,-1,-1,3,-10,-4,-2,-1,1,-1,-1
32DPR1379F,-1,-2,6,-5,1,1,-2,-1,0,2,0,1,2,2,-1,-4,7,-6,-7,-1,1
32EPR0053T,1,-12,8,0,-13,8,24,3,16,21,1,18,-35,2,1,-10,-13,8,-12,44,9
32DPR1137I,-9,-4,2,-1,-1,-1,-13,2,1,-1,-4,-3,3,2,1,0,-1,-3,7,-9,2
32DPR1222F,0,-29,6,-21,3,19,-5,3,-8,1,-19,-6,6,31,3,37,28,13,18,35,-8
32DPR0132G,0,2,9,-3,4,-4,0,1,-4,-1,-3,-2,-4,3,3,-1,5,-4,-1,-2,-1
32DPR0047J,21,-5,2,-30,28,34,-13,0,7,41,-9,16,-53,0,1,27,8,27,11,9,-5
32DPR1112Z,-2,-2,-5,1,-3,0,0,0,1,-2,-5,-5,11,7,3,7,7,11,16,-4,0
32DPR2317Z,-3,5,1,-2,-3,2,-8,3,2,1,5,1,0,2,-5,-3,-1,-6,0,-2,-2
32DPR0398N,-21,-3,-1,-8,1,5,16,10,-12,9,0,-2,18,7,-1,-1,1,5,-5,4,12
32DPR0483K,2,8,31,7,13,17,-3,25,-1,-2,-9,-9,-1,-21,4,15,5,-10,-7,1,0
32DPR1028B,-3,-6,7,-11,1,-1,-1,-1,3,2,-3,0,2,6,0,-3,0,-1,1,-6,3
32DPR0375C,3,1,10,-13,-23,-11,-3,-2,-3,22,-4,9,13,-7,2,-24,16,4,-6,24,-17
32DPR2427F,0,1,6,-4,-6,5,0,13,4,4,13,4,6,-1,3,4,8,-1,11,-2,-10
32DPR1245Q,-11,-29,-5,10,23,4,-13,8,-7,19,-6,8,-11,16,4,3,-9,29,-1,14,-4
32DPR1330N,-2,-10,-3,1,2,-4,-10,-2,0,0,-13,0,7,5,-1,2,0,0,7,-4,-4
32EPR0078B,-10,-24,-18,-18,-1,-4,3,20,-14,-5,11,-3,4,-11,-17,-18,-11,-9,13,1,10
32DPR0133F,-12,5,3,-4,0,4,1,1,-1,0,0,0,0,-6,-4,2,1,-3,-3,1,5
32DPR1269Z,3,-8,8,1,3,0,3,-3,-6,2,1,-3,-4,10,0,-4,-1,-18,1,0,5
32DPR1596U,-3,-12,3,-2,-3,-2,-1,-1,1,2,3,3,1,-6,2,-6,-2,0,-2,2,-2
32DPR1136J,-30,-8,1,-8,4,-10,11,-7,17,7,-8,5,-7,6,-11,6,-4,-7,5,-15,-9
32DPR0023Z,-3,1,5,-8,-2,-3,-1,-3,0,-4,-7,-7,15,-6,-5,0,0,2,6,2,3
32DPR1221G,-9,-6,-2,1,2,-10,-1,2,-5,-7,-6,-7,12,0,8,0,-5,-2,8,6,2
32DPR0350U,-5,-3,1,3,2,-4,4,5,-9,0,2,-1,-3,-12,2,0,2,-2,10,11,-1
32EPR0162Z,12,-3,19,-28,-21,15,3,12,16,13,-22,5,-10,-7,-15,-2,-3,4,-5,-3,9
32DPR0466U,2,-5,-13,2,0,1,-1,-1,1,-1,-1,-1,6,-4,0,0,2,4,-4,4,-16
32DPR1338F,-30,0,3,-15,-8,22,8,2,-5,-4,-21,-10,-1,5,-8,-1,0,-5,-17,-4,7
32EPR0010V,5,26,18,-31,-41,28,59,31,-28,-30,-51,-51,34,-5,-49,-24,40,-22,-16,2,-2
32DPR0551R,-2,4,3,-9,-3,-5,-1,-2,7,-3,-1,1,5,5,0,0,-13,6,3,-1,3
32DPR1774G,-2,27,54,29,14,20,9,18,-12,23,0,15,-40,-16,-17,-2,-2,19,2,3,22
32DPR0139Z,1,-1,11,-12,7,1,2,-3,-3,-6,-3,-5,-3,-2,4,7,-9,-6,9,-3,-2
32DPR0224X,-12,-4,2,4,-6,-3,6,3,2,-1,1,-1,-5,5,-2,-6,-1,3,4,-4,-8
32DPR1689J,-7,-6,-6,-2,-5,-4,-8,3,8,5,7,5,10,-8,-3,5,11,2,0,10,1
32DPR0442K,6,5,0,-3,7,3,0,-4,11,-1,-3,-3,10,1,-22,-9,4,-7,0,5,-11
32DPR0357N,-14,-1,2,-5,-7,-7,-4,0,-8,-2,-5,-4,2,1,0,-2,-1,-1,-1,0,-1
32DPR0200N,-17,-2,-10,-14,-28,-10,7,-4,0,-20,-6,-16,-1,-14,23,23,3,10,21,-20,-24
32DPR0115Q,-27,9,-24,-5,-23,8,32,-30,-4,-3,47,-21,29,5,21,15,-10,22,11,9,-5
32EPR0058O,-2,-2,0,-5,-2,-7,-17,2,-3,14,-7,4,13,-3,-14,-19,-12,3,5,14,-4
32DPR2249T,-7,3,39,12,-6,-11,37,19,0,-4,2,-2,30,-26,9,1,37,-16,-2,1,6
32DPR0770D,-6,2,-1,-1,-2,-4,3,2,3,-3,27,-4,8,-6,-7,5,7,-4,-4,-1,10
32EPR0035D,-15,-6,-3,-10,-6,-7,0,16,1,-4,-1,-3,-6,0,7,8,-10,-10,3,2,4
32DPR0249F,-6,-7,3,-4,-5,0,4,8,-7,4,-1,2,-10,-4,-5,7,-7,3,1,-1,0
32DPR0334C,-22,-14,-13,-1,2,2,-6,3,-6,-17,-3,-12,13,-2,3,-6,-3,-1,6,-11,0
32DPR1313X,-16,-3,-7,-2,-3,1,-13,-12,2,-4,5,-1,9,2,3,1,3,-2,10,-4,-4
32DPR1228Z,-17,-16,-14,-12,-17,-22,7,6,8,-6,14,1,0,4,-33,3,0,-7,8,-4,-7
32DPR1531K,1,2,4,-2,-2,-3,-2,5,-1,-3,6,-2,0,-6,0,0,0,-1,1,-3,-3
32DPR1446N,105,-17,-2,-18,-11,-2,-7,-20,-12,-10,5,-19,13,8,-3,1,-6,10,-4,5,-4
32DPR1882O,-7,-2,18,-8,4,6,0,-7,15,6,10,7,-7,6,-4,-17,6,17,-36,-13,5
32DPR1204Q,0,-1,-3,1,-2,3,2,2,1,5,-7,4,7,-7,-8,0,-2,0,3,-3,3
32DPR0550S,-1,-1,4,-7,0,0,4,0,-5,0,1,-1,2,-5,-2,-1,0,1,1,4,-1
32EPR0168U,-1,1,-1,-1,0,-4,1,0,0,0,3,-1,10,-5,-1,-5,1,1,-6,2,0
32DPR1337G,-5,-38,-13,-14,-3,5,-3,2,-11,-6,-5,-9,11,0,1,7,-5,-5,3,6,-6
32DPR0223Y,-5,-16,-1,-1,-3,-5,-4,4,0,-2,-12,3,6,-5,1,-2,3,2,0,3,-6
32DPR2444W,-3,13,-2,8,26,-11,0,24,13,-11,-8,-8,1,11,-17,-11,5,21,10,-2,7
32EPR0011U,-27,-18,-22,-38,6,-13,20,1,-25,30,-4,-3,-82,-7,-27,-20,-45,-16,-11,-16,-19
32DPR0465V,10,0,-6,-4,0,-5,-2,4,1,2,-2,2,-8,6,0,-11,-4,5,-1,-5,-3
32DPR2359Z,4,0,1,-4,0,6,6,1,-1,0,0,0,12,-3,-10,0,-1,0,-6,5,4
32EPR0059N,13,-34,26,1,25,54,3,10,38,0,2,2,-74,-31,-7,-14,2,13,-20,-23,-13
32DPR1664A,-23,-2,-25,0,-16,11,0,-5,-3,15,-15,2,-23,27,-22,-11,7,-13,5,0,-30
32DPR0683I,4,-2,-3,3,-3,1,-2,-13,-2,-2,3,-5,5,4,-2,-2,-1,0,0,4,0
32DPR0114R,-9,-17,-7,-1,-10,2,-2,-11,2,2,21,20,-28,6,-13,12,6,4,11,6,-8
32DPR0029U,-8,-5,-7,-17,20,-12,2,-3,5,1,21,7,11,12,0,15,-19,-9,-5,2,-5
32DPR2420M,21,27,3,2,8,5,5,-19,12,5,14,8,2,-9,-7,-3,1,-6,-4,4,11
32DPR0441L,-24,-4,-1,-6,4,-3,0,-2,-3,-6,-20,-20,27,-11,3,0,23,-2,-4,3,-4
32DPR0333D,3,0,-9,6,13,7,-8,2,3,-4,-9,-9,4,2,-4,-1,2,2,-4,-1,-2
32DPR0684H,-7,-8,1,-6,7,-2,0,0,1,-4,4,-2,8,-9,-2,-6,1,-3,-5,3,1
32EPR0036C,11,12,35,13,-30,4,-11,26,13,2,-8,4,-2,-17,-13,3,-3,23,-16,9,-9
32DPR1469Y,-11,-1,1,-1,-3,-1,-1,3,-5,0,-1,-3,6,-2,0,-1,3,1,-3,-3,-3
32DPR0575A,5,-1,1,-2,0,-1,1,3,-2,1,-6,-2,8,-6,3,-3,22,-6,-4,1,3
32DPR1445O,-19,-3,-8,-15,-13,-14,-10,-10,18,19,13,17,-19,-14,-24,6,-2,11,-23,-5,-2
32DPR1530L,-11,-7,1,-8,-6,-1,-9,-10,-7,-3,-5,-7,-5,29,-5,0,-1,-6,-4,11,-5
32DPR1118U,-15,-12,-5,-4,1,3,-8,0,3,-2,3,0,-8,-1,-1,-4,0,4,0,-12,-7
32EPR0056Q,-8,25,66,-57,18,47,-34,-1,-16,17,-23,1,10,-3,-22,-27,-17,15,26,-20,-23
32DPR0113S,7,-1,10,-26,-1,-7,13,-2,0,4,-7,4,-18,-5,-9,3,-5,0,11,15,4
32DPR2445V,25,-6,5,-1,16,-18,3,5,4,5,-7,7,-9,-11,-9,-12,1,-1,1,-2,-6
32DPR1421E,3,2,-5,-3,4,4,-1,-5,1,0,0,0,0,-1,1,0,2,0,1,8,3
32DPR1009N,1,0,-13,-4,1,-2,5,-3,-1,3,-3,1,-2,1,2,-6,4,6,-3,2,-3
32DPR1311Z,-6,-7,8,-2,4,4,-1,-1,-1,-8,0,-4,0,-3,-4,11,1,14,-2,14,-3
32DPR0004L,-2,-16,3,-9,8,3,-8,5,12,-16,1,-11,20,-2,7,-7,-1,-3,1,-3,-3
32DPR2203Y,-1,-8,12,-5,-1,4,-1,-2,-4,1,-1,-3,6,-2,-3,-1,1,-6,-1,8,-9
32EPR0032G,-14,-21,-9,0,-10,-4,-6,4,13,23,-5,9,-13,-1,22,-1,26,-2,9,4,-4
32DPR2421L,-1,4,-5,0,2,-2,-5,-2,1,2,0,1,-3,0,1,0,-1,0,1,-3,1
32DPR0440M,43,49,-4,13,-30,-17,-11,2,20,1,5,10,-2,-28,-31,-14,-11,-4,1,-6,7
32DPR1227A,-6,-1,-5,-2,0,0,-1,-3,6,2,-1,2,-5,3,-1,2,1,1,2,-5,-5
32DPR1202S,-1,-4,-3,-4,-4,3,-4,0,-1,0,-3,-1,9,-4,1,-2,0,-1,0,-1,-3
32DPR0489E,16,-7,-25,-1,-24,5,-23,10,-1,0,1,1,-9,3,-8,0,-7,7,4,7,-6
32EPR0033F,-10,-17,2,-7,-2,4,4,-4,13,12,7,12,-3,-4,-24,10,5,12,-1,0,12
32DPR0574B,-12,0,6,0,14,-24,1,-2,-8,5,4,4,2,-1,-11,-12,9,4,3,2,-2
32DPR0247H,-13,-3,-15,4,3,14,14,-3,1,-1,8,8,-4,-1,-9,-5,-7,10,2,-9,-2
32DPR0005K,6,36,6,14,2,3,6,1,-10,-22,-6,-16,17,5,11,-12,26,5,3,9,3
32DPR0332E,-2,-9,-12,-11,5,-2,-20,9,12,-41,15,-9,29,-11,-7,10,-3,1,-14,0,-11
32DPR0222Z,-3,-2,-4,-8,1,-3,-7,-2,-6,5,-2,2,-2,3,-7,2,-1,-2,-1,-2,-1
32EPR0165X,1,13,-3,21,32,23,16,26,34,11,-15,-15,45,8,-20,1,-16,3,7,16,0
32DPR0138A,2,16,4,-14,1,3,-1,-5,4,1,5,2,-7,-8,-8,-1,-8,-8,-9,5,-4
32DPR1359S,3,-6,-7,-6,-1,-2,1,0,0,0,2,-1,1,-6,5,-2,-2,-2,2,-1,-2
32DPR1444P,-2,-7,-4,-11,-2,-12,-5,0,1,-3,0,-2,21,-7,-8,-7,9,-1,3,-9,8
32DPR0790R,-14,-1,1,-18,5,-2,-2,-1,-2,4,-8,-2,-2,-1,0,-6,-1,-3,2,-1,4
32DPR0112T,2,9,-9,4,11,-6,1,2,-49,-9,5,-17,26,10,13,-5,3,-11,2,-15,-4
32DPR2446U,6,3,22,16,9,13,-5,-13,11,6,4,-1,21,8,1,-4,15,-1,1,8,22
32DPR0378Z,-2,-1,-3,2,-3,-2,1,2,-10,3,-1,-2,17,-8,-9,3,1,1,6,-2,-7
32EPR0166W,-12,8,-5,4,6,-3,-4,0,10,-9,-5,-5,20,-8,-7,-6,11,-5,-6,-1,-1
32DPR1420F,4,-4,-4,-1,-6,-2,0,-6,1,2,0,1,-3,7,-4,-2,-2,0,-2,-5,0
32DPR0681K,21,10,-23,-5,5,10,6,-1,-10,24,1,16,-22,-6,-6,-9,6,2,3,1,-3
32DPR2422K,39,-19,14,43,25,14,17,13,-4,21,6,8,11,18,26,0,26,4,34,8,26
32DPR0003M,-3,-9,2,-10,-26,25,16,11,-9,-19,-17,-17,-11,-13,1,-21,13,-5,-5,-19,11
32DPR0330G,-18,-3,-3,2,5,-3,-2,4,-1,-6,-8,-8,3,0,3,-8,7,-5,6,-6,6
32DPR1310Z,-10,-3,-2,-1,0,0,0,1,2,-4,3,-1,4,-1,3,-1,1,2,-3,2,-7
32EPR0057P,-6,-12,20,-12,-7,7,6,-13,35,25,-25,7,16,-8,-9,-6,21,-18,-7,-26,-25
32DPR1226B,-12,-2,-3,-10,-14,-7,-1,5,1,5,6,6,-6,-6,-18,3,2,-6,7,5,4
32DPR0488F,9,9,15,-8,4,-2,-16,5,-12,-1,4,-6,-6,-10,0,-4,-1,9,-4,1,-5
32DPR1358T,-55,-5,2,-42,10,-10,-2,-1,7,1,-6,3,-15,28,0,25,3,2,40,-4,-6
32DPR1443Q,-6,-8,-7,-6,-19,-8,-5,-2,7,3,12,6,-4,1,3,2,-6,-3,-1,4,7
32DPR1201T,-2,-7,-17,-12,-6,-10,-7,-4,-1,-6,4,-4,-4,-3,16,3,4,3,-1,-4,-4
32DPR1116W,-5,6,0,0,-2,9,-6,-2,4,-5,4,-1,-3,0,1,4,23,1,-10,-11,4
32DPR0246I,0,-11,2,0,-4,1,-6,-2,2,-1,-4,-1,-2,-6,0,1,2,1,-2,-1,5
32DPR0331F,-9,-10,-4,-10,-9,4,-9,1,0,-9,5,-6,4,-1,4,-1,2,3,-4,-1,-5
32DPR0573C,-9,-8,1,-10,-5,-8,-2,0,3,3,9,9,-5,-1,-7,-7,1,9,-3,-3,1
32EPR0034E,-16,5,5,-16,-7,-5,4,-5,5,5,-15,-1,6,-5,12,19,4,-20,-24,-3,6
32DPR0221Z,-1,-9,4,-1,1,-2,4,2,-9,-5,-1,-5,3,-2,0,-1,1,-1,0,5,-5
32DPR1249M,-7,15,0,-9,11,18,26,12,11,17,-8,19,-12,3,-16,4,7,75,32,-1,19
32DPR1334J,-3,-15,-3,-5,-3,3,-1,1,-5,-2,-5,-3,1,2,0,1,-1,3,-2,-1,1
32DPR1007P,3,-4,2,-1,10,2,-1,5,-9,-10,-2,-10,8,1,-4,7,-1,0,-2,-6,2
32DPR0463X,-9,-11,-2,-17,6,2,-5,8,-13,-9,-12,-10,12,9,-3,-2,6,-3,-3,0,-4
32DPR0137B,0,10,9,11,-22,-1,-9,3,3,16,4,9,-9,-18,-10,-15,-11,-10,-16,-2,-9
32DPR2314C,5,4,-3,-3,-3,-3,-2,0,-7,-5,-1,-4,0,3,0,-1,-1,5,-8,0,4
32DPR1209L,-1,-4,5,-7,-17,-6,-1,-2,-9,2,-4,-4,6,2,-4,-1,1,-3,-3,-1,1
32DPR2407S,57,65,-12,26,4,39,-4,-9,-18,1,0,0,-16,-12,-16,21,-4,9,-4,-5,-3
32DPR0422X,-6,-23,37,8,21,-27,-18,-18,-16,-8,-16,-12,0,-12,-40,-14,0,-10,25,-14,-5
32DPR0664U,-2,-10,-3,-5,-4,1,-1,3,-2,-6,-2,-1,0,2,3,-1,5,6,9,-1,-3
32DPR0337Z,-2,0,1,-2,-1,-1,-5,4,3,12,-3,7,-11,1,-6,4,1,0,3,-5,-4
32EPR0014R,5,7,4,1,-3,-25,17,34,11,6,20,8,-38,-5,-5,-15,-3,-19,-12,-7,7
32DPR0640K,-3,-12,-3,-2,11,-5,4,1,1,1,1,1,-3,-14,-2,1,-2,5,2,-1,5
32DPR0555N,-1,-12,2,-13,-7,-5,-14,-7,7,-6,1,0,8,11,5,8,6,9,5,4,-8
32DPR0313Q,5,-11,1,0,-1,-2,5,-3,12,-2,-9,6,-2,-4,0,-7,0,-1,2,-1,-1
32DPR0228T,-3,-1,-3,-2,3,4,6,-13,2,0,-2,-3,-3,7,2,6,-2,-1,-5,-9,-7
32DPR1668X,1,-7,-28,-3,-11,-15,-19,1,-1,9,-10,4,-28,-5,16,7,14,13,-30,-37,-33
32DPR0798J,-8,4,0,4,-2,0,1,0,1,-4,-3,-3,6,-13,-1,8,2,-5,-1,0,6
32DPR1090E,-10,-5,3,3,-7,2,-11,-14,5,2,-6,-4,-2,7,-14,0,-2,6,-6,9,-15
32DPR0205I,-84,18,-19,-7,-20,-11,7,-18,7,-8,2,-5,1,2,1,5,4,-4,-5,3,22
32DPR0532C,4,-10,-6,-4,-10,-1,-3,6,-4,-6,2,-2,-2,4,4,-5,4,2,-9,0,-3
32DPR1426Z,-10,-1,-4,1,9,6,-6,6,18,1,15,5,-16,-5,9,4,-13,-3,13,2,-2
32DPR1511X,-1,-3,-2,-1,-5,0,4,-1,0,-9,6,-3,-3,-2,-4,1,-3,0,-2,-1,2
32DPR0689C,3,1,-2,-18,-13,-6,-6,2,9,-3,5,-1,-4,2,1,0,-7,15,4,8,2
32DPR1402Q,-10,-24,24,-28,14,-13,-2,-14,-27,15,-17,-12,22,29,7,-6,15,-9,7,-6,-8
32DPR1317T,-4,-3,2,-8,-3,5,-4,0,-6,4,-2,-2,0,0,14,-1,8,8,5,-6,-8
32DPR0663V,-6,-24,-13,-16,-12,-9,-18,-6,-4,6,4,4,-6,0,13,-12,4,8,1,-1,-9
32DPR0578Y,2,0,7,-12,-1,10,1,-1,-3,7,-18,10,-44,12,8,1,12,14,1,-17,-37
32DPR0421Y,5,2,15,3,1,2,-5,4,-12,-7,13,-2,-16,-7,-1,4,5,2,7,-9,-8
32DPR1208M,-24,-38,-12,-11,-6,5,-9,28,9,-4,-30,15,-13,-22,-36,7,7,3,9,12,14
32EPR0124X,-39,4,7,-21,-16,32,10,-16,14,9,17,11,-32,2,-13,-12,-14,6,-20,-1,-5
32DPR0554O,-5,0,8,-7,-9,-4,2,1,2,3,9,9,-9,1,8,-4,-3,-4,-6,-3,-2
32DPR0312R,13,-21,-1,0,-14,-33,-7,7,-6,-13,-2,-10,8,9,12,7,13,-1,2,-11,-12
32DPR0796L,-16,-17,-18,-6,0,-4,-5,5,2,-3,-7,1,-2,-1,2,15,-4,0,-8,-8,11
32DPR0881I,6,1,-4,-1,2,-1,-8,1,0,-1,-3,-2,-1,-4,-1,-2,-1,1,0,2,-3
32DPR0227U,9,-16,-13,15,-18,-31,-9,0,-17,10,9,9,-15,-2,-29,-6,32,5,-29,3,-7
32DPR0469R,-9,-1,-2,-5,-2,4,-6,-3,-8,-5,2,-4,-6,-2,1,-5,2,1,-4,4,0
32DPR0446G,0,5,-2,-3,3,0,-4,-1,0,0,1,1,0,2,2,-1,1,-7,4,-4,1
32DPR0882H,3,10,4,-2,1,0,-3,0,0,0,-1,-1,2,3,-7,-3,1,-8,1,1,2
32DPR0797K,-5,-2,-2,-10,11,-21,-4,29,3,2,0,5,11,-4,16,1,-5,-5,3,2,-5
32DPR0531D,2,5,-1,-2,7,0,0,0,-7,-1,-10,-4,3,-1,-4,1,-3,-1,3,0,-2
32DPR0119M,6,-6,-2,5,-3,-3,2,-5,2,2,0,-1,10,-2,0,8,22,7,-8,-3,-2
32DPR0204J,-14,-11,2,1,-35,-6,-22,52,-26,26,12,0,-16,-8,19,5,-18,-5,-7,1,-19
32DPR2409Q,13,1,15,0,7,6,2,9,10,-1,-5,-5,21,-9,-10,7,7,11,0,-1,0
32DPR0773A,-31,-16,-24,-11,27,16,-14,35,13,-17,8,10,-33,-28,21,7,-12,3,-4,-13,3
32DPR0688D,-3,6,-2,12,-10,13,4,-4,2,0,-11,1,-8,13,-7,-2,3,16,-21,-18,-9
32DPR1401R,-24,-28,-19,-9,0,-22,-4,-1,-1,-2,-1,-2,0,-1,-1,12,6,8,-1,10,12
32DPR1558R,-10,-10,10,-11,-4,1,-2,9,-1,1,1,1,-14,-3,-14,-3,4,-7,2,-11,6
32DPR1316U,-10,-15,-10,6,0,0,-7,-5,3,1,-2,-4,8,-4,-2,-23,-2,2,-4,1,-7
32DPR0577Z,-2,-5,0,-4,-2,-3,3,-3,2,0,-2,0,2,1,0,3,0,-1,-2,-1,-2
32DPR0662W,-4,-7,3,-9,-6,-4,0,-2,-9,3,2,2,-3,2,3,-1,2,-4,5,-9,2
32DPR1861B,4,8,-13,4,-24,-7,-23,2,16,5,3,3,-6,4,3,20,19,11,0,-7,5
32DPR0226V,6,-26,0,-13,-15,2,6,3,-11,0,0,0,2,-3,-9,17,-17,-8,-1,6,1
32DPR2097E,-18,5,-8,-4,0,-13,-11,-19,23,-4,-7,4,3,-2,-18,18,2,-11,16,-4,7
32DPR0553P,-9,-5,2,-13,-8,8,-10,-11,12,-3,7,0,-7,-2,-7,-6,-4,-2,8,2,-1
32DPR0202L,-13,1,1,-22,-28,5,34,7,18,9,8,8,-12,-6,-12,-2,10,4,9,-14,-16
32DPR0117O,-4,-3,-10,-6,-14,-8,-6,-4,-8,-2,13,13,-16,-2,-2,16,-4,1,8,11,-5
32DPR0880J,-1,-12,-20,-71,17,12,1,-3,11,-9,-13,4,-5,-14,-23,0,12,17,-26,0,17
32DPR0795M,2,10,-15,-4,-12,-10,-6,-12,-3,18,-1,11,-17,0,-7,12,0,3,-8,2,7
32DPR0530E,5,-6,0,-3,4,-3,-8,-7,3,-7,2,-4,-2,4,1,2,1,0,4,0,2
32DPR1400S,-3,20,-5,-5,-8,10,-5,-2,7,-3,2,-1,-4,-7,2,16,-5,3,-9,10,7
32DPR1315V,-10,-7,-11,-12,1,4,-5,-3,1,-7,0,-1,1,3,7,0,4,3,2,-11,5
32DPR0772B,-19,22,7,-4,12,11,47,-21,25,-6,5,9,-17,-7,12,-10,-2,8,-12,5,-14
32DPR1751W,-7,-12,7,-36,15,-6,-4,10,-9,-15,22,-12,-15,2,-6,-39,-3,7,18,-11,1
32DPR0687E,-5,-14,-21,-25,2,-3,-8,25,17,5,-28,4,-48,-22,-38,2,12,12,15,-3,-12
32DPR0118N,-4,-5,-9,7,-14,-1,-4,1,0,2,8,8,-12,5,7,-3,2,1,2,0,-8
32DPR0203K,-27,6,-6,3,-23,-13,-4,-2,4,-11,7,-4,11,-9,-8,-20,-7,-5,0,-2,2
32DPR0445H,0,-4,-11,-4,-3,-3,2,-10,-5,-4,-4,-4,8,6,4,-2,1,4,0,-9,1
32DPR1993T,0,-8,5,-2,-5,-1,-5,1,-1,0,-1,-1,-15,-16,1,3,-4,-1,1,1,-6
32DPR1884M,-8,1,3,-5,0,-3,1,-10,4,-1,6,1,-7,2,-1,-6,-3,0,1,-4,-1
32DPR1206O,-4,-10,2,-4,-9,-1,-9,-6,-1,-1,5,4,-4,-4,-1,8,1,-9,11,2,-13
32DPR0420Z,-3,6,6,-7,-4,-5,-6,-9,-4,6,5,4,-4,2,-5,-7,4,3,2,-1,4
32DPR0310T,-16,-6,1,-1,-19,5,-2,-12,9,-1,-3,-2,-6,-10,8,-12,6,11,-1,-3,-8
32DPR0225W,-23,-11,-12,-9,2,8,-1,3,-2,-6,3,1,-12,4,-10,7,5,3,-8,7,3
32DPR0467T,6,-3,-1,2,-1,-1,0,-1,2,-2,-1,0,-2,-2,-7,-1,-2,0,1,3,5
32DPR0552Q,-12,-7,-12,-17,10,-5,10,-1,6,-2,6,0,0,15,-9,-25,-10,31,29,13,-20
32DPR1448L,-12,-31,-25,-13,-4,0,0,0,1,-7,5,-3,6,4,-3,-3,-9,-4,0,-2,-11
32DPR0794N,-8,-12,3,4,-43,6,-4,-22,-27,21,22,22,14,-12,-25,-17,24,-28,-15,-31,8
32DPR0201M,-10,-3,-13,-11,-12,6,-14,1,1,-4,6,-2,-5,-19,3,9,2,3,6,-4,-5
32DPR0116P,-22,18,7,-8,-6,1,-10,-3,-18,21,-4,12,-17,-10,8,0,14,6,7,7,-4
32DPR1750X,-2,-18,-3,-10,-20,-2,11,-9,-6,-20,9,-9,1,-8,-8,0,15,24,1,20,-4
32DPR0358M,-4,0,-5,1,-2,1,-10,-7,0,0,0,0,10,-5,0,0,-1,-1,3,-2,-1
32DPR0443J,-4,10,10,-16,-4,0,1,0,0,0,3,-1,-5,1,3,-1,-4,-4,-10,0,-3
32DPR1339E,-3,4,-4,10,-3,2,3,-5,7,-2,6,0,-9,-1,-6,-1,3,-2,2,1,5
32DPR1424B,3,4,-7,-5,2,-1,1,-2,2,3,-2,1,-7,2,5,-1,-1,-3,1,-5,0
32DPR1229Z,-23,-23,-17,-6,-22,1,4,9,3,-9,14,0,-3,-6,5,1,2,-3,-8,-5,-5
32DPR1314W,-20,9,-5,1,-9,10,0,-4,17,-8,0,2,-14,-3,-2,6,0,12,14,0,-3
32DPR0444I,4,-1,2,-5,-4,7,0,-1,-3,1,1,1,-2,0,-2,5,-1,5,1,-1,-3
32DPR0359L,-5,8,-8,-5,8,-9,2,7,3,-1,-6,2,-3,-9,1,7,2,-5,4,0,-3
32DPR0771C,-5,2,-2,-1,4,2,1,1,1,3,-1,2,0,-3,-9,6,-5,-4,-2,-4,9
32DPR0686F,-15,-8,1,-5,-8,-16,-3,2,16,-4,10,0,6,-4,-1,4,-22,-15,-10,3,-4
32EPR0122Z,-1,3,-3,-5,-11,7,8,-7,-1,20,-10,3,-6,10,-35,1,-1,0,-18,-12,-10
32DPR0661X,-13,6,-9,-10,-1,0,5,-7,5,-1,6,1,-4,-2,0,0,-14,5,-3,0,1
32DPR0335B,2,-7,-1,-6,-1,-5,-5,7,3,-5,-10,-10,15,-3,-7,-4,-7,-3,-2,2,7
32DPR1883N,-12,5,15,-1,19,-3,5,4,9,12,1,6,-13,-2,-14,2,-13,-20,-3,-2,2
32DPR0535Z,-3,2,18,-15,-3,22,-4,-17,3,-11,20,-8,16,-1,4,21,0,1,3,-7,-3
32DPR0620X,-5,-7,11,-12,1,15,-2,-8,11,-2,-11,-11,23,-10,-3,-11,5,-9,-4,3,-8
32DPR1407L,2,-1,-2,0,-1,1,-4,1,-1,2,1,1,-5,1,-1,-1,0,-1,0,-1,-3
32DPR0777X,-27,7,1,-8,10,6,-3,-2,1,1,-4,0,0,-1,-4,1,10,-4,-5,20,-1
32DPR0511Q,-2,-2,-1,-14,-4,-3,-2,-2,0,0,0,0,1,2,-4,-2,0,6,2,5,7
32DPR1070R,-1,-3,4,0,3,-9,0,-2,-15,1,-1,-6,12,2,-5,-2,6,-1,-2,-5,1
32DPR2403W,-1,4,4,-6,2,3,0,2,1,4,-1,0,-6,-1,-1,2,-9,5,-3,-3,-2
32DPR0668Q,-1,2,5,-5,5,0,2,-4,-2,4,-4,1,4,-10,9,-4,5,-2,-1,6,-8
32DPR0426T,-1,-2,0,0,-1,-1,10,-1,-5,-8,4,-7,-8,-9,-1,-5,-9,5,-5,3,-3
32DPR0403I,-9,-1,-4,-3,-2,1,3,-2,-4,1,2,2,-2,2,-3,4,4,-3,2,-4,4
32DPR0318L,-3,-7,1,-9,1,-7,-4,-3,-10,5,18,17,-20,-7,-4,-7,5,6,7,5,2
32DPR0090Y,-3,-1,-7,3,5,-9,4,6,-1,-1,2,0,-3,3,4,-5,2,4,-5,-1,-1
32DPR0996J,8,27,-5,8,-18,2,2,-2,11,4,14,7,20,-10,5,-6,23,18,2,40,7
32EPR0104J,4,2,-6,0,3,4,-1,-5,18,25,11,21,-14,13,33,16,22,24,18,8,-3
32DPR0887C,3,-7,-3,0,-1,1,-2,2,3,7,-3,2,-13,3,3,-8,1,4,-4,0,1
32DPR1094A,-3,7,-8,-3,-4,2,-3,0,4,-4,3,0,-1,12,-3,2,-3,9,10,2,-5
32DPR0209E,-4,-13,3,-6,-15,1,5,1,7,-4,16,-1,-5,-4,-7,-4,7,-7,7,3,-2
32DPR2428E,-2,-1,0,-4,1,0,-9,-7,3,1,-2,2,-2,1,1,-3,0,4,-3,4,3
32DPR1515T,-11,-30,-10,1,-16,10,-6,0,3,-8,-2,-1,-15,1,7,18,5,9,3,7,-12
32DPR0776Y,1,-4,-18,-14,0,-2,-5,-4,0,8,1,5,-3,-2,6,-9,4,-6,4,-8,5
32DPR1406M,1,-1,-2,4,-5,1,-1,0,0,0,0,0,-2,-8,0,1,-2,-4,1,-1,5
32DPR0667R,-4,-15,7,-1,-2,-5,0,-7,10,-10,4,-6,3,-3,-14,3,-3,4,-2,5,2
32DPR1539C,-3,-11,0,9,4,-7,-1,15,6,-6,-4,-4,14,-4,-3,-3,2,-4,-2,-2,1
32DPR0425U,-4,0,3,24,-5,0,-1,-34,0,-1,2,0,23,-5,-6,5,56,-3,3,-5,2
32DPR2319Y,-15,0,-1,0,-3,12,-5,-3,-3,5,-1,-1,9,-6,12,12,3,-2,2,-5,4
32DPR0994L,22,3,-2,-19,2,-22,23,-3,-1,9,-8,3,8,-2,-11,3,22,8,-13,-10,-2
32EPR0105I,-5,1,3,-5,1,2,-5,2,-11,4,7,7,-6,3,3,-4,-3,2,4,10,14
32DPR0995K,10,3,-10,4,-12,-6,14,-11,-5,0,-1,-7,9,-19,-43,-19,-3,13,-1,32,22
32DPR0317M,-18,6,-20,4,-3,0,2,-4,3,-3,0,0,9,-8,-7,-1,0,3,-5,0,-1
32DPR0402J,-4,1,-5,-2,-2,8,11,-4,-1,-13,2,-7,7,-12,3,2,-1,5,-3,7,-3
32DPR0559J,-1,-6,-3,-9,-1,0,-7,-2,2,3,-2,1,1,-6,-3,-5,1,-1,5,2,-3
32DPR0971A,-32,-12,7,-17,-6,-1,27,24,-3,4,2,8,-38,21,4,40,3,25,-13,-5,-13
32DPR1093B,12,17,-10,16,-2,4,0,3,-12,-10,24,-7,-21,10,-21,-5,3,-5,2,-3,13
32DPR2429D,-7,-2,3,-6,1,5,-8,1,-1,6,6,6,-14,3,-1,2,-1,-6,6,2,-5
32DPR0208F,-47,-10,-1,-32,-3,28,8,2,-23,4,8,-8,36,0,-7,-2,12,-21,-41,-1,-5
32DPR0424V,-10,0,-4,-5,3,3,2,-2,-2,-1,-1,-1,9,-2,8,0,-3,0,0,-2,-1
32DPR0775Z,-7,-1,0,-22,13,-4,-1,-1,-12,-2,4,-8,9,-2,-2,-2,-2,2,-1,8,2
32DPR1405N,15,21,-18,28,-33,0,7,4,7,-2,-1,-1,16,-5,-8,12,29,-7,-8,2,-12
32EPR0101M,-16,3,-10,-3,13,-5,21,-9,45,22,4,22,-58,-5,18,-3,-19,4,0,-11,7
32DPR0666S,-4,-9,-6,2,0,-1,5,-4,-1,1,-1,-2,5,2,-4,3,-1,-4,4,-3,0
32DPR0315O,-6,-5,-1,2,-1,-1,1,0,1,0,4,-1,4,1,-2,-3,2,6,-6,-1,1
32DPR0400L,-2,4,7,-5,-2,1,1,0,-3,0,-1,0,-5,2,-2,-3,2,1,2,-3,-2
32DPR0751P,-5,6,-2,-10,-6,-9,-4,-5,-4,3,0,2,3,6,-7,-2,1,-6,4,2,11
32DPR2093I,-7,7,-2,-1,0,-20,13,3,-6,27,-1,6,-33,12,-17,-9,-1,-9,0,-6,-6
32DPR0316N,-9,-21,8,-17,0,-14,-11,-4,-1,7,3,5,-5,9,-12,0,17,17,-15,-9,13
32DPR0401K,-1,5,8,-11,1,-9,15,12,-11,11,-10,5,-7,-7,6,12,-6,5,1,-2,-10
32DPR0885E,-7,-2,0,-1,-1,-2,-2,-9,5,1,8,3,8,-1,-6,-7,4,6,-9,3,-4
32DPR0970B,0,-8,-7,-3,0,0,4,-1,8,7,-4,4,-4,5,-6,2,-3,-2,-6,-4,0
32DPR1404O,-19,-3,7,7,1,7,0,1,0,-4,10,2,-3,-1,9,12,5,-13,13,-14,11
32DPR1319R,8,-6,-7,5,-4,0,-15,-4,-3,3,0,2,-2,2,15,3,5,-5,0,-3,1
32DPR0534A,-8,-16,-3,-5,-2,-11,-2,-9,-1,-2,-4,-2,-2,2,-1,6,4,0,0,1,0
32DPR1092C,0,8,4,-3,4,-7,-4,2,19,25,0,17,9,25,-5,18,4,-3,6,-11,13
32DPR1755S,-4,-8,7,-5,-3,0,-3,3,-2,1,1,1,-1,5,-1,-2,0,-1,1,-1,0
32DPR1840P,23,19,23,-37,-23,7,5,-20,-6,-4,-5,-13,-12,8,28,-7,-2,6,-12,3,0
32DPR0207G,-23,-11,-6,0,-18,12,3,-4,-2,-4,-12,-12,4,1,-8,-1,-3,7,-5,-6,-1
32DPR0423W,-13,-17,-14,-4,3,12,-9,-11,6,1,-5,-4,6,13,-12,-12,-10,-11,-4,9,-2
32DPR0338Z,-24,8,-4,-2,-12,-4,2,-1,4,0,1,2,-2,-2,-2,1,0,-4,1,0,3
32DPR0774Z,-15,14,-1,-8,4,-2,-3,-1,5,6,1,5,3,-3,14,-13,-4,-8,3,-6,-10
32DPR0665T,-7,3,-1,-6,-6,3,4,2,2,-2,4,0,2,1,-3,0,-2,2,-3,-1,5
32DPR0229S,-6,-18,-2,-14,-6,-9,-5,-17,-6,-2,7,7,5,-14,7,33,25,-3,12,19,-9
32EPR0102L,20,30,20,40,9,18,11,7,37,13,25,14,-51,13,-8,8,-14,-2,6,2,12
32EPR0017O,-9,-15,9,7,0,3,3,6,-1,5,-2,2,24,0,-2,-7,-7,-5,-3,8,-1
32DPR0992N,-2,-30,-24,0,-5,9,-15,-12,11,10,9,9,-6,4,-12,-12,-3,-7,-4,5,-6
32DPR0641J,-5,2,-7,4,-1,-16,2,-3,6,-1,4,0,-4,16,-12,3,18,-10,-9,-1,5
32DPR1622B,-1,-2,-3,-5,1,-5,3,-9,-6,-5,0,-4,9,2,-2,3,-2,3,-1,-6,2
32DPR0556M,0,0,5,-3,-2,-5,6,-3,-5,-5,0,-6,8,-7,-7,-3,-7,1,11,3,7
32DPR1512W,2,-6,-1,-1,-8,7,-6,0,-3,0,10,9,-11,1,-7,1,1,0,0,0,-4
32DPR1669W,7,21,-22,-7,-4,27,-10,6,-16,10,4,-1,1,-5,1,65,6,22,-16,-5,0
32DPR0557L,-7,-6,3,5,0,13,4,-8,10,-1,-4,-4,6,-6,8,-3,7,7,5,-1,0
32DPR0206H,-13,-21,8,5,-3,-16,-6,3,-24,-2,-2,-2,16,4,4,6,-8,16,-10,-5,1
32EPR0103K,-31,-22,2,-7,15,-10,-14,-10,-8,8,-9,0,39,8,2,22,-15,0,3,17,-25
32EPR0018N,38,12,4,-30,10,-14,8,-17,38,13,27,17,-3,-12,-7,-30,-7,-4,-10,-7,-9
32DPR0799I,1,-16,3,-7,7,7,-20,11,17,27,1,20,19,16,-10,-8,5,-1,9,-7,16
32DPR1996Q,-3,-3,0,-6,-1,-4,-5,1,5,-6,7,-1,-3,1,7,8,-7,3,5,-12,-1
32DPR1403P,0,1,3,18,31,-13,-1,2,2,-8,-3,-7,-2,1,1,2,-11,6,-6,-4,-1
32DPR1318S,-11,-4,-5,6,-1,1,-1,4,-18,-5,1,-7,7,2,-2,-6,2,0,1,4,2
32DPR0448E,5,-15,-6,0,1,-3,0,-1,1,1,0,1,-6,0,-1,3,-1,0,-1,3,4
32DPR1944K,8,-7,14,-16,1,-3,-2,-6,-3,8,-2,2,7,26,12,-4,0,13,13,-1,-15
32DPR2067K,0,2,4,14,13,4,10,5,14,5,2,2,5,3,-1,2,1,4,7,-3,13
32DPR0721V,-9,-7,-14,-38,-16,-20,6,-10,8,-10,-4,0,15,-1,1,-1,2,-5,-4,2,3
32DPR0082P,-6,-3,3,-1,2,-7,11,-5,-5,0,-4,-2,8,2,2,-1,-3,2,0,-8,1
32DPR2394E,6,25,18,14,22,3,6,14,22,30,37,37,2,-6,-11,-3,29,-3,24,-13,12
32DPR0878V,1,-25,4,0,-3,-3,-12,-24,0,-3,-34,-4,-33,-2,-17,7,-3,-2,-14,-13,-8
32DPR1508J,-2,-1,-4,0,2,-1,0,1,3,-2,4,0,2,-1,-7,4,3,-1,1,1,4
32DPR0527R,-3,-5,2,-3,4,1,2,1,0,1,-7,6,-11,1,-8,0,2,0,0,-4,-2
32DPR0940H,-3,1,-6,3,46,38,18,6,10,-3,-37,-37,71,-14,16,-19,14,-20,2,4,-7
32DPR1725Y,-16,-35,40,24,2,57,17,12,-2,6,19,1,7,-18,-11,19,-10,12,-1,7,1
32DPR0528Q,1,-1,6,-1,2,4,-3,3,4,0,-5,-5,2,3,-4,1,2,1,-5,-2,-1
32DPR0613N,8,4,-1,1,-1,12,-5,-2,1,0,0,0,-5,-1,-2,-28,0,-2,0,2,1
32DPR1171P,-9,-1,-11,8,-20,11,-3,-2,-4,5,-4,-1,-10,12,-3,3,-2,-1,2,4,3
32DPR1086S,-3,4,1,-3,-1,4,-3,-1,5,-2,-2,-2,3,4,-2,-2,0,-2,1,-2,3
32DPR0831A,-20,-18,8,-16,-17,-10,6,-4,-4,1,7,6,-2,-2,-3,-3,9,2,4,-3,6
32DPR0746D,1,-1,5,3,-4,-4,2,1,0,1,2,0,0,-1,-10,-2,-4,4,-3,-4,0
32DPR0504G,-6,-6,1,-1,-4,0,-8,3,-7,-1,4,4,-8,0,1,2,-1,0,4,-8,-2
32DPR0419J,2,-4,-3,3,4,3,-9,12,8,-4,0,3,-6,3,-12,-1,6,-2,-1,-5,3
32DPR0191W,-16,-23,-11,-10,-28,-1,1,-8,8,2,-9,2,-31,5,-20,-1,-9,-5,6,2,-1
32DPR1194Z,4,-6,2,0,-4,2,-8,-1,9,5,-3,2,-2,4,-5,6,3,0,-5,6,6
32DPR1943L,-3,-2,-2,3,-1,-1,1,3,-1,-4,-2,-4,8,-3,-1,-1,-3,0,4,-1,3
32DPR2068J,3,-1,6,1,0,1,-5,1,1,-1,-1,-1,-1,-6,-7,0,0,2,0,0,3
32DPR1858O,1,-11,-4,21,-13,0,14,1,14,5,-24,18,-21,-15,-67,-5,-24,-11,10,-21,17
32DPR0877W,1,-2,-6,-4,-5,6,-4,-5,-7,1,0,0,-8,-1,1,0,2,-2,2,-1,2
32DPR0720W,-2,-9,5,-5,-7,10,12,3,11,1,11,6,-3,3,-8,-8,8,7,7,-6,-2
32DPR2395D,-15,-3,-2,-2,-1,1,-5,-6,4,1,3,1,-3,8,-13,3,-25,-11,11,2,5
32DPR1085T,-5,-9,4,0,0,0,-4,-1,0,-5,0,-3,-7,-11,-4,-2,-1,1,4,-4,-2
32DPR1170Q,8,15,-23,31,19,-14,5,4,0,-7,11,6,-64,-9,6,8,2,3,-7,-4,-9
32DPR1834E,-24,1,1,-5,31,-15,-5,-5,23,8,4,11,-24,6,-13,-29,16,7,-15,-37,-9
32DPR0768P,-5,2,-31,-27,-23,-15,-4,2,11,20,9,15,-35,-1,-20,-13,5,21,-6,-11,1
32DPR0853M,-1,1,1,8,-6,5,1,1,-6,1,1,1,5,-4,3,2,-2,-8,2,-7,4
32DPR0611P,0,0,-4,-14,0,-2,-2,0,-3,-1,-1,-1,1,1,2,5,-7,1,2,0,-1
32DPR1061J,-5,-4,-4,-1,-2,4,3,0,-1,-2,-3,-3,8,-6,-2,1,3,-5,0,1,1
32DPR0418K,6,-2,-23,-25,-1,-18,-7,-14,5,-8,0,-6,24,-4,1,7,2,-2,3,-7,9
32DPR0190X,5,2,-17,-14,-11,-20,-9,-6,25,0,12,12,-7,-3,-10,1,-1,9,3,-4,-16
32DPR0503H,-25,-19,-23,4,-17,-19,-6,4,-3,-19,0,-11,10,7,-7,-7,-17,-1,11,-1,-1
32DPR1700P,-6,-8,0,1,-2,0,2,-1,4,-5,-2,2,-1,0,5,6,4,2,4,1,2
32DPR0309D,-22,-2,2,-1,-5,-8,-3,-3,-8,5,8,8,-2,-4,-3,-10,-1,-2,-2,-1,0
32DPR0745E,-2,-7,1,3,1,-1,-4,0,0,0,0,0,-3,6,-19,5,-7,-1,2,-4,3
32DPR0634Z,2,-5,-15,3,-2,-5,-3,-7,-1,-5,1,-7,9,11,6,1,-7,-4,-2,-11,4
32DPR1506L,5,-1,-10,-3,0,-2,-6,-2,1,3,-6,-2,1,1,-2,-2,0,-6,1,-1,-1
32DPR1833F,-16,16,1,-6,-6,-9,28,0,-18,-10,8,-14,0,15,5,12,-15,15,-1,-14,20
32DPR0876X,0,3,-3,1,0,0,-5,-1,5,1,3,1,-1,-4,-1,-2,3,0,2,3,1
32DPR0525T,-3,0,-2,6,-3,8,0,-6,2,2,-6,0,-8,6,-9,-5,1,-5,-3,1,-2
32DPR0610Q,-15,-5,-14,-2,-3,4,-2,-15,6,-25,1,-11,-4,-7,7,5,23,3,2,18,-1
32DPR1084U,-6,-2,1,1,-2,-1,-2,9,1,-9,-2,-7,5,-2,8,5,2,4,-8,7,-2
32DPR0852N,-6,3,8,-7,-12,-3,-4,-2,1,3,-12,-1,-9,2,-1,0,-2,4,6,-1,7
32DPR0417L,-8,1,-4,6,-12,2,-9,-9,1,-2,-6,-6,5,-9,-10,2,1,2,-2,-6,0
32DPR1060K,-43,-21,7,47,16,-11,27,3,41,0,-1,-1,-12,-3,-25,-1,10,9,-3,7,7
32EPR0118M,5,14,14,-14,-10,23,15,-19,-4,17,9,14,-22,-19,-3,-5,4,7,-11,0,-5
32DPR0502I,-12,-9,-3,-1,0,1,3,1,2,-2,0,-2,-2,4,-6,1,-2,-1,-4,-1,2
32DPR0308E,8,-6,-1,-7,-13,0,-8,2,-3,-3,5,-3,1,-8,-3,2,-7,5,1,0,2
32DPR1193A,-5,2,-9,-2,-5,2,-1,1,1,0,3,0,-4,-8,1,-7,1,8,-7,-1,-4
32DPR0080R,-2,-6,1,5,2,-1,4,-5,1,2,-9,1,6,-10,-3,-4,0,-3,-4,-1,-1
32DPR2397B,3,-7,0,-2,-1,-4,-11,1,-5,2,-3,0,-3,6,-1,-1,1,-3,-2,3,-4
32DPR1529W,-9,-3,-3,0,-6,8,0,1,0,-7,0,-4,-6,-9,-3,8,-5,-3,2,5,1
32DPR0875Y,-1,-3,0,-3,1,4,-4,1,2,-6,-11,-11,13,-5,1,1,11,9,0,-9,9
32DPR0960V,-1,-3,2,-1,-10,-1,-2,-2,4,-2,4,0,-6,0,-4,1,-1,5,0,6,0
32DPR1505M,-14,-3,2,1,10,-7,7,8,-5,-10,-6,-9,1,8,8,-8,7,-4,9,-1,-8
32DPR0766R,0,-9,2,-8,0,-4,-3,-3,2,3,-3,1,3,3,-8,0,5,-10,4,6,-3
32DPR0851O,-10,3,5,-16,4,2,12,-19,27,24,3,25,-43,-9,-12,-10,-7,-12,-14,-7,-5
32DPR0524U,0,-9,-5,-5,10,-1,-7,-12,-15,0,2,-7,8,-9,8,-8,-2,0,-4,-5,12
32DPR0439X,-1,-1,1,0,0,4,-1,1,-1,-3,-3,-3,12,-7,-1,5,0,0,0,4,-2
32DPR1083V,6,-19,2,-10,5,4,-1,-16,4,0,-7,-4,11,-8,4,-2,-12,-12,0,9,2
32EPR0119L,-27,-31,21,-25,7,14,-8,-6,-8,30,2,20,30,-2,34,7,-31,-14,8,-5,-37
32DPR0501J,22,13,7,-5,5,6,-3,3,18,12,-8,6,-31,4,9,30,-17,1,-6,10,-3
32DPR0658J,14,-11,-30,-4,-14,11,-10,10,10,23,18,21,-31,-23,7,0,15,30,-4,8,-11
32DPR0416M,4,0,-3,5,-1,-2,-3,1,1,-3,3,-1,4,2,-4,-7,-8,2,-10,4,-1
32DPR0743G,-9,-3,-3,1,-3,0,-1,-3,1,-3,-1,-1,3,3,-1,3,2,-2,-1,-4,1
32DPR0985D,-6,-1,5,1,-3,-6,4,-5,6,1,-3,-2,8,6,-7,1,2,-7,5,2,7
32DPR2398A,6,-15,-4,-4,0,0,0,1,-1,0,1,-1,4,3,-1,0,5,1,-3,-2,-2
32DPR0307F,4,-7,-13,-1,-2,5,-2,0,-4,3,-1,-2,-7,-5,6,2,-3,-1,-3,6,0
32DPR0549C,23,11,6,18,-27,32,-15,-3,15,-8,16,-4,-30,12,-7,-14,6,12,21,6,31
32DPR1855R,-39,-5,-38,27,-35,17,21,-34,21,1,17,6,12,-22,-23,-2,-5,-22,-28,14,18
32DPR0280P,-6,-10,-4,-2,-12,-7,3,-3,6,-1,-11,-2,-5,-5,5,-6,-3,2,1,-1,2
32DPR0834Y,-21,-7,7,-3,-3,8,2,-3,3,-8,-2,-6,-13,-3,5,-5,8,8,-3,11,3
32DPR1152A,-6,-5,-5,-8,6,1,0,-2,-2,-8,-2,-5,6,2,1,5,3,5,8,5,-5
32DPR1067D,-5,-10,-2,-16,-8,-10,3,-3,-2,-2,1,-3,-7,2,9,12,-2,7,-4,5,2
32DPR0195S,-14,-2,22,-19,-46,9,-27,7,-16,-16,11,-18,-18,-2,-11,18,-14,5,0,-9,-6
32DPR1042V,-5,-25,-8,-14,-16,0,-1,-1,4,14,1,9,-4,2,-14,-3,0,13,5,-8,-2
32DPR2063O,-2,22,30,-16,18,16,-9,-12,-17,6,13,-8,11,-10,7,-29,-19,-24,-7,21,-10
32DPR0810O,-13,-15,0,-7,-2,-8,-3,-7,2,-4,0,-3,24,-1,-2,0,2,-3,2,0,-3
32DPR0725R,-10,4,7,-8,-4,9,-7,11,39,6,32,14,-25,-6,-9,12,-3,3,4,9,-12
32DPR1706J,6,-7,-1,-6,-11,2,-9,-4,3,5,3,4,2,4,-6,-3,0,-1,4,-10,-4
32DPR2390I,45,11,24,-29,6,15,-14,-8,12,0,-7,4,-11,3,-19,23,-2,-2,12,-10,2
32DPR0171I,5,-25,-66,-3,-22,2,-1,-7,7,-10,-1,-2,3,1,46,2,31,18,18,-9,9
32DPR0726Q,-6,14,-1,-5,1,10,-4,-5,-11,3,11,-8,-3,4,-8,-2,9,4,2,-2,10
32DPR0968N,21,-9,-7,-1,-26,10,26,8,-16,23,9,6,2,2,-13,6,-3,4,-14,-4,-30
32DPR1199V,-1,-7,-3,-4,0,-5,0,0,-3,2,-11,2,3,-2,-1,2,0,-6,-3,7,-5
32DPR0944D,2,-1,4,5,0,-2,-5,-2,2,-1,-7,0,17,1,-2,-3,1,-1,-5,0,-4
32DPR0702G,7,14,-18,26,-13,31,-10,-23,7,12,-12,0,20,-12,-12,-23,-14,4,-16,14,-2
32DPR1175L,4,-13,10,-9,-9,11,-8,7,3,7,10,9,-18,2,3,-4,-6,0,-1,-4,-8
32DPR1392Z,-2,3,-3,-3,-3,0,3,-2,4,-1,2,0,-1,-6,3,-2,1,-6,3,0,-2
32DPR1705K,-1,-1,1,1,-2,3,-1,-1,-2,-2,2,-1,6,2,-5,-9,6,-2,-7,-4,2
32DPR0170J,6,-10,2,-7,-5,-11,-4,0,3,9,-4,5,29,-8,-15,9,4,5,-10,-13,6
32DPR0749A,19,3,19,33,17,53,-36,17,-8,0,5,-4,23,2,-37,-22,-29,-42,-47,-38,0
32DPR1151B,-5,-2,-2,-8,-3,9,3,-1,6,10,-19,8,-12,7,-7,-11,-13,1,-5,-4,-5
32DPR1283T,-4,-26,-11,-6,2,-2,9,0,2,-8,-3,-7,20,0,4,7,-2,-4,-3,-4,-7
32DPR1198W,-8,-4,-1,1,-1,1,-1,1,0,0,3,0,1,2,0,-2,1,1,-1,2,-2
32DPR1947H,-5,-19,-1,5,13,-11,1,-3,13,1,4,7,-5,9,-7,-14,-8,11,-8,-7,3
32DPR0061C,3,-3,-8,-2,-1,2,-2,-2,2,0,-1,-1,1,3,0,1,3,-2,-3,-3,2
32DPR1041W,-6,-18,-10,3,13,-4,16,3,-5,8,-7,10,-25,4,-5,8,55,2,-3,-7,-20
32DPR2064N,1,3,0,-2,-1,0,-4,0,2,-2,3,0,2,-1,-2,-1,-5,4,1,-2,-3
32DPR0724S,-1,-11,-22,-44,-6,-6,-12,12,11,-7,-24,-1,-9,-8,-5,4,-13,5,-4,12,4
32DPR0966P,-1,-7,4,2,-3,-2,4,4,-3,-1,-7,-3,0,-3,12,0,1,-3,0,-2,-11
32DPR0639V,0,-5,-7,-6,5,-2,1,0,5,7,3,6,-16,7,-4,-1,-4,4,0,0,-10
32DPR2391H,29,9,22,14,44,18,58,7,-7,-9,28,-10,14,-5,13,-5,67,-26,-10,-30,3
32DPR0967O,7,-17,-4,-4,-4,1,5,-7,-1,7,2,5,-12,-1,3,6,4,0,7,-3,2
32DPR1174M,9,2,-1,-1,-3,1,-1,3,4,0,0,0,-4,-1,0,1,9,-11,3,0,1
32DPR0701H,-4,-8,-6,1,-9,2,0,-5,-5,3,0,2,-9,-3,-7,-1,5,-6,8,9,2
32DPR0616K,-8,-1,2,0,-5,4,3,-2,-3,8,-7,2,-1,1,-4,1,-1,-2,-2,-5,2
32DPR0062B,-4,1,-5,0,2,-8,-7,-4,4,0,-3,1,-7,-1,-2,2,6,-2,3,2,1
32DPR1813S,4,3,22,-17,-12,4,8,3,8,9,-11,9,-26,7,1,-8,-3,7,-4,-15,-4
32DPR1150C,-4,-11,0,-13,-5,-4,-2,5,2,1,10,1,4,-2,-4,-8,2,8,3,-5,-2
32DPR0858H,0,-17,-3,-5,0,-2,0,0,0,-1,1,-1,2,-1,3,-3,3,-2,-3,1,1
32DPR0194T,29,23,31,20,28,-10,-7,3,9,6,-12,7,-39,-15,-23,-43,-13,0,-21,30,26
32EPR0091W,3,-36,9,-17,-9,2,3,13,9,11,7,11,-9,-24,-35,-6,-21,-4,-11,41,-9
32DPR0507D,3,-2,-3,3,1,1,-1,-3,4,0,-1,0,0,-2,0,-1,-5,5,2,-4,-2
32DPR1704L,-24,-11,-14,-14,9,-5,-2,19,-2,7,-10,6,2,11,-24,-17,-21,9,12,-19,28
32DPR0832Z,-4,15,2,-12,4,-1,1,-3,2,-1,-2,1,-4,2,0,1,-1,2,1,-3,1
32DPR0084N,-8,4,-16,-4,-4,0,-2,5,9,-5,-3,-3,20,-6,-3,-3,-1,3,-3,-1,-5
32DPR0723T,-1,-9,1,-14,-7,-4,1,-13,6,-4,-8,-3,-1,6,-4,7,5,6,0,-5,-2
32DPR0060D,-5,-2,-1,2,0,-2,1,-2,-2,-11,-2,-7,9,0,-6,-2,0,4,-3,-2,3
32DPR1282U,-3,-21,-4,-7,-9,7,-2,2,5,-4,0,1,1,5,-2,3,0,3,-10,-11,-4
32DPR1197X,-3,-8,4,-16,4,2,-8,-4,-3,17,-7,3,-4,-1,6,-5,-2,-3,-2,1,-9
32DPR1040X,3,-2,4,-4,-9,-2,0,0,2,-5,3,-2,1,-2,-1,5,-3,5,-7,5,-2
32DPR2065M,3,12,0,1,1,-10,5,-2,0,0,-2,-2,1,-3,3,-7,1,-6,-11,5,-4
32DPR1088Q,-7,-13,1,-8,-6,10,-1,4,-2,5,3,0,-4,7,4,-5,5,-5,5,-2,-4
32DPR1173N,-1,-2,1,2,-3,4,-1,-4,-16,-7,3,-7,8,3,2,-5,0,-1,3,4,-2
32DPR0857I,7,-4,-27,4,-6,19,-3,-6,8,-22,-21,-21,13,-5,-25,-11,0,-5,-4,-5,-3
32DPR0700I,-5,-1,-11,0,2,0,-5,1,2,-1,-1,-1,6,-3,2,-1,-2,4,-7,2,-3
32DPR0193U,-14,-12,-21,7,17,-43,1,4,21,-19,19,2,14,-28,0,-9,-5,-5,5,-7,18
32DPR0748B,12,-13,-5,9,14,-15,-7,-7,-2,7,12,12,-36,-15,-10,-2,7,3,4,1,-8
32DPR1812T,-10,6,-3,0,-8,-7,-3,-1,3,-18,-9,-15,-1,-18,-5,11,-12,-5,-1,9,-12
32DPR2283Z,-8,0,1,0,2,0,2,-4,0,11,-6,1,-6,-1,1,2,4,-5,3,1,0
32DPR0506E,6,6,-63,6,-7,1,-10,-5,-19,-10,63,-42,45,-6,-4,14,-2,-5,8,4,-8
32DPR2393F,-6,2,20,16,-4,-5,-4,-18,-17,-7,12,-14,59,-11,-12,20,17,-9,6,12,-6
32DPR1703M,-20,0,-9,-2,-11,0,10,19,-4,-2,-7,4,-15,-7,-11,-2,5,13,-8,-8,-32
32DPR1945J,-6,0,1,1,-5,-1,-5,-3,1,-6,9,-8,8,-4,2,3,1,-1,3,-6,0
32DPR0722U,-7,-4,2,-2,-4,3,0,-6,-9,-6,-1,-7,8,0,-13,-1,-3,4,1,0,1
32DPR0964R,-7,-2,-10,-15,1,-13,-15,2,7,4,12,6,-12,18,4,4,12,18,10,-12,-16
32DPR0637X,-3,-1,-30,-11,8,-14,5,-21,2,2,25,25,-22,-25,-7,4,1,-3,-16,-10,-15
32DPR1509I,3,-12,-34,-8,3,-1,5,44,12,-7,7,-3,-9,-11,-6,-6,0,-5,8,-1,-11
32DPR0529P,-6,3,-15,4,2,-6,-12,-13,2,-4,17,3,-7,5,2,15,-5,13,-5,7,-1
32DPR0941G,1,-1,0,-7,3,-5,10,-1,-4,7,7,7,-9,13,-6,-1,5,-1,15,-10,-8
32DPR1172O,-10,-6,-4,-3,-8,-1,0,-4,0,-9,3,-5,18,-6,3,-3,0,3,-8,7,-2
32DPR1087R,1,-4,-4,0,-6,0,-9,-1,-2,4,-4,0,-8,2,0,-1,1,2,-1,-1,0
32DPR0856J,-6,-3,-23,-27,-16,10,5,25,-6,6,8,0,18,-21,-11,7,13,39,-11,-33,-13
32DPR0505F,-4,-14,1,1,10,-9,5,-6,0,-1,4,-2,-6,4,-7,-4,-1,7,7,-6,-3
32DPR1390B,2,4,1,-9,-15,2,5,-5,2,0,-1,1,-13,3,-4,0,-4,1,-7,-3,6
32DPR1726X,-42,-15,-22,-30,-4,-8,-6,0,47,30,13,29,-52,-14,-19,-11,-14,4,-20,-20,-9
32DPR1811U,-3,0,-5,-5,17,-3,3,-4,-9,3,-8,-3,-5,5,2,-6,-26,-8,7,-6,3
32DPR1063H,-1,-8,-2,-6,-1,-13,2,6,-5,-6,3,-3,-9,-6,2,0,-4,0,-3,1,0
32DPR0192V,-13,-12,-2,-8,-22,14,-50,-16,-7,5,-5,1,-4,-1,-19,12,9,-3,-1,-1,-5
32EPR0070J,-33,6,18,-13,-8,19,-7,17,11,-17,-7,-14,-10,-29,-28,-20,-27,-25,16,1,7
32DPR0706C,-12,2,-10,9,-20,-11,4,-13,-4,-24,-6,-14,18,5,-1,2,6,1,13,3,5
32DPR0393S,-11,0,13,-3,-6,2,-6,4,27,-8,1,7,17,4,-27,-8,-8,-8,-6,-15,2
32DPR1350A,-1,-4,-6,2,-1,5,-9,0,-2,-5,-4,-2,-9,-2,0,-1,0,0,-3,-1,1
32DPR2027J,6,-3,1,3,-8,1,-3,-7,6,2,2,2,2,4,-11,-2,4,2,3,-2,1
32DPR0284L,-8,1,-14,-5,-4,3,-4,-1,-4,-12,2,-6,15,0,-3,2,-7,0,2,-4,-2
32DPR0199O,6,-19,28,-13,-20,1,2,-17,3,-12,15,-15,36,14,-21,-12,8,-8,-8,-12,-7
32DPR0923R,-12,27,-7,-48,5,-57,6,-16,18,-32,11,-10,11,-47,-2,-5,-37,-17,-28,8,-2
32DPR1046R,-1,-4,1,-2,2,0,1,3,-17,-1,1,-6,2,2,-3,0,-2,0,0,2,1
32DPR1131O,17,12,1,-17,11,-17,-3,-17,-3,-8,3,-12,-1,-9,1,-6,20,-6,11,-16,13
32DPR0839T,-7,-14,-9,-15,-5,18,16,-2,26,7,-3,17,-40,-3,-9,-2,6,13,-14,-1,12
32DPR1482S,-10,21,-5,-2,5,4,17,5,-7,-8,10,-6,13,12,16,12,6,-1,2,-4,-5
32DPR0176D,-11,-2,-7,-3,10,3,-10,8,0,-13,1,-1,3,6,0,-8,3,-6,-4,-7,-6
32DPR0151V,5,-12,18,-13,4,-10,-2,12,0,1,-6,3,-8,-14,-8,9,0,-1,-2,10,2
32DPR0066Y,-2,-9,9,-1,-4,-9,-4,3,-2,-15,0,-9,-4,-15,0,3,-6,1,2,3,-4
32DPR0900G,3,0,-27,-2,-32,0,-18,-3,28,15,12,21,-38,-10,-22,-11,-6,41,2,6,-4
32EPR0094T,-30,-43,-1,-27,-3,25,10,14,13,57,-19,24,-9,-10,-35,-38,-68,27,-3,9,4
32DPR1022H,-5,-4,-3,-1,-7,-6,0,4,1,-7,2,0,3,0,2,1,-1,2,0,9,-2
32DPR1373L,-9,-17,0,-12,0,-16,-5,8,-4,-1,0,0,7,-6,-18,5,-9,14,9,-5,-6
32DPR1288O,-6,2,2,-11,-8,3,-5,0,0,0,0,0,-8,6,-9,-7,6,7,3,1,-2
32DPR0198P,-13,1,-7,2,20,3,-4,-10,12,-15,-3,-2,-35,27,7,1,11,9,-1,-1,7
32EPR0095S,-26,-16,-16,-29,-18,-23,-13,-24,4,-2,5,0,14,44,-9,29,-1,-3,-9,24,-2
32DPR1264E,-5,-9,1,-13,-1,2,-6,-3,-3,-17,2,-8,20,4,6,-1,-13,-3,-6,1,-7
32DPR1179H,-25,-2,-19,-4,-6,5,-2,3,-1,0,8,-3,-3,-2,2,6,-8,2,3,0,1
32DPR1396W,0,-10,3,-4,-2,-6,-1,0,-6,-1,-4,-2,-2,3,1,-3,0,0,3,3,-4
32DPR1709G,5,22,26,31,34,26,-12,-23,-3,-18,19,-17,24,-7,0,-36,6,3,-26,-30,-11
32DPR0089I,0,5,-11,-8,0,1,3,0,9,1,-3,4,-3,-4,-4,-1,6,2,8,12,1
32DPR1481T,-5,-3,-3,-11,-3,-1,4,-3,2,0,0,0,0,0,-3,1,-1,2,2,-3,4
32DPR0174F,6,9,4,-1,-11,13,5,-12,20,4,7,7,5,1,-16,10,-2,8,8,1,5
32DPR1154Z,0,-18,-9,-37,21,-6,10,0,10,16,-6,10,-1,17,-16,13,8,17,-17,6,5
32EPR0071I,-9,-5,-9,-1,-20,-27,-7,-11,2,-69,-17,-52,23,-17,-12,18,4,10,10,1,26
32DPR0922S,-16,4,-14,-14,2,0,3,13,-18,-1,-4,-1,-24,-25,13,-10,-1,3,10,-13,-2
32DPR0837V,-11,4,1,1,-2,4,-7,13,18,16,19,16,-35,1,-6,6,-11,15,6,2,0
32DPR1287P,1,4,3,-2,2,-10,2,-2,-3,-3,-1,-3,-7,-4,-1,1,-2,4,3,3,-5
32DPR1372M,12,11,24,-33,-2,4,-12,-6,40,0,62,20,-21,-1,-15,-7,-16,4,4,-9,-4
32DPR1130P,-3,-11,9,0,-4,11,4,7,-5,0,6,3,-6,-11,0,0,1,-7,-5,5,-8
32DPR0260B,-1,3,-1,-1,-16,1,4,-12,-3,-11,0,-6,22,-5,1,10,-3,2,-8,2,-4
32DPR0175E,-1,-3,-6,-9,-5,10,-4,0,12,8,1,8,-24,7,-4,2,3,11,-14,-5,2
32DPR1263F,3,11,0,15,-4,-1,-14,1,-6,1,-6,-2,4,2,1,1,0,1,-2,1,-2
32DPR1178I,-12,-31,-38,-49,9,3,12,-1,-37,7,1,-11,27,-3,9,-6,37,17,2,3,9
32DPR0392T,-17,-14,-6,-4,-4,-3,0,-7,1,-3,5,-1,-4,4,2,1,-1,6,5,2,3
32DPR1021I,3,-9,7,-4,3,-4,-9,-12,11,0,-2,5,-1,2,-19,3,-5,-1,-5,-5,3
32DPR0705D,8,-16,-7,-2,-17,-18,14,12,-6,-15,13,-6,-2,-8,-11,-15,-3,6,6,-9,-5
32DPR0150W,-37,-8,-14,-53,-9,15,0,10,14,2,-3,-3,5,-6,-2,-8,5,4,14,-3,-1
32DPR1926V,-7,13,-6,20,2,1,-13,-2,1,-1,26,-14,32,13,18,9,20,1,45,-19,-9
32DPR0282N,-10,2,-2,-6,-6,3,-4,2,-2,5,0,-21,20,1,-3,-2,-1,0,4,-4,1
32DPR0197Q,-2,-34,-3,-2,-15,21,-1,-3,3,-9,3,2,-13,-9,-4,-17,11,-16,-3,2,-10
32DPR1069B,-11,-4,-7,-12,-2,5,-13,-8,6,-8,-3,-5,1,-4,-6,-14,1,3,5,-2,10
32DPR0836W,-7,4,-7,-7,5,-7,-8,23,1,17,4,14,58,-5,12,12,13,-4,5,14,-8
32DPR0173G,-10,-14,0,6,-8,-7,-9,-5,8,1,-7,0,-2,8,1,5,1,-5,12,0,-14
32DPR0088J,-3,20,-51,-23,-4,-43,16,6,-28,13,9,9,-5,4,-61,-46,2,45,-8,-6,17
32DPR0921T,23,44,77,-15,32,43,18,2,-6,5,10,-3,13,5,-31,21,6,-2,4,7,1
32DPR2332S,17,-8,12,12,1,-2,0,-1,-14,-10,14,-6,8,-2,-1,-1,4,14,1,10,-10
32DPR1153Z,-3,-4,9,-10,-15,-10,-3,-5,-5,2,0,0,18,41,30,15,23,4,-3,3,-4
32DPR2357A,7,-10,3,-15,-16,-16,0,9,-2,-4,-14,-5,13,-7,5,5,-13,6,-15,2,-5
32DPR1371N,-2,-6,-2,6,7,-3,-7,6,9,-6,-11,-11,6,-5,2,2,-1,-6,-3,1,-10
32DPR1044T,-1,-1,-1,-7,-1,-2,2,0,1,2,-2,1,0,0,-1,2,-1,-3,6,-2,-1
32DPR0391U,0,2,-1,2,-8,10,8,0,3,-2,-3,-3,-5,-2,-6,-2,4,1,-1,-3,-3
32DPR1177J,13,-14,-7,-13,-14,-4,-3,-1,-1,6,-4,1,-10,-6,-12,0,-6,19,5,-1,-6
32DPR2441Z,112,8,10,-17,-5,-5,20,14,9,40,40,40,-32,7,9,39,7,26,1,-3,2
32DPR1020J,-26,-8,-11,-6,-23,11,16,4,-4,-1,1,5,-20,0,-16,40,5,22,13,-16,-18
32EPR0092V,-12,-11,23,-30,-18,20,1,-5,16,-18,-6,3,-10,2,-27,-1,11,-13,-8,3,3
32DPR0704E,-8,-4,-1,-16,-4,-1,0,1,0,-1,4,-1,-4,2,-10,3,-4,2,-4,1,14
32DPR0946B,-5,-26,11,-11,-25,-5,-22,-28,-14,8,8,8,-39,-5,-1,-2,1,-4,-2,1,-14
32DPR0064Z,1,-7,-7,-3,0,-6,1,-2,2,-1,-4,-1,3,3,0,3,0,4,1,-4,2
32DPR0619H,7,2,-6,-1,1,3,-3,0,-1,7,-5,0,-2,8,-1,-6,-4,3,-2,2,-2
32DPR0509B,-2,-3,-15,-13,-2,-12,-22,-5,-5,-6,3,-6,-2,19,9,-13,-3,12,7,-4,-2
32DPR1901M,-1,-4,3,0,-8,-1,-2,2,-2,-2,2,-2,7,-3,-1,0,1,3,-3,3,-2
32DPR1068C,-2,-7,-4,-4,0,4,-1,3,8,-7,8,0,-17,6,-2,0,-1,3,-3,-2,-3
32DPR0281O,1,-26,-22,-6,-22,12,11,-2,-18,-5,32,-16,13,-4,16,-4,-18,7,-16,10,-4
32DPR0196R,4,-6,-14,-14,-10,-11,-1,-13,-5,7,-11,-4,-1,-6,-5,-1,2,-4,7,10,-3
32DPR1043U,0,3,29,-9,12,-2,9,-3,31,24,6,20,-14,32,2,25,28,21,36,12,65
32DPR0920U,2,16,-7,2,-15,-5,2,-6,-15,-6,5,-11,21,9,-26,-16,4,-6,-7,-12,9
32DPR0835X,7,-16,-29,4,-9,-1,-13,-5,10,-7,-20,0,2,-1,-11,5,9,-10,7,1,-7
32DPR2333R,2,-2,-1,3,-4,3,-6,-11,5,-2,-1,-3,10,-5,3,-1,-1,9,-1,-2,-8
32DPR1707I,-3,-2,1,4,1,8,-7,-6,-7,-1,-3,-8,5,-8,-2,-8,1,8,0,-8,1
32DPR0172H,-3,-6,0,-4,-3,3,-11,-2,8,3,2,2,-1,0,-5,-4,-3,-3,-1,1,-2
32DPR0087K,0,-10,0,2,-3,0,-1,3,-1,1,-1,0,-3,0,4,-4,2,-2,-2,3,5
32DPR0812M,1,-4,-4,-1,-5,-10,-3,-2,2,0,6,2,-8,6,-4,-3,-4,7,2,6,-2
32DPR0969M,-2,0,-2,-1,-15,13,-22,-7,8,-1,-5,-6,9,-4,0,-17,20,6,-2,-10,1
32DPR1370O,-22,-8,-4,-2,-1,7,2,-3,6,2,9,4,18,-1,-30,-5,10,3,-5,6,-6
32DPR1285R,-18,-3,-1,14,-8,-5,6,-6,4,-5,2,-3,4,-1,18,-7,-5,-1,-1,0,-5
32EPR0093U,-20,-17,-8,1,-4,-6,-2,5,13,17,7,15,-7,-19,-13,8,3,1,-2,13,2
32DPR0703F,-1,-8,-14,-4,1,-1,0,1,1,0,-2,1,-2,2,5,-1,-5,4,-5,0,0
32DPR2442Y,13,38,1,0,22,9,-19,-2,1,14,15,15,-4,44,-7,10,18,3,12,12,3
32DPR1924X,-6,-4,4,0,4,-11,6,11,-6,-7,-2,-6,11,-5,5,-3,3,-4,-10,-1,4
32DPR0945C,1,-9,-3,-4,-1,-2,1,-7,23,-5,1,5,-19,5,-4,15,8,0,1,0,4
32DPR1176K,-9,3,-8,1,-1,-8,-2,-1,-4,1,-2,0,3,5,-2,0,2,1,1,-4,-3
32DPR0390V,3,-4,1,-27,-9,-2,-14,8,-3,0,1,1,-3,-6,-18,26,2,0,-6,-1,4
32DPR0240O,-2,-10,0,1,-9,-6,2,1,1,-1,-2,-2,-8,-6,-2,3,-1,2,1,-5,4
32DPR0155R,3,-3,-4,2,-6,-11,-4,-3,0,-1,-1,-1,0,3,0,1,5,4,1,7,-3
32DPR1027C,-16,32,-17,-5,-9,4,7,-23,16,11,-4,13,5,7,-11,-10,-10,-6,-27,-7,-7
32DPR0904C,-20,6,-9,-18,-5,-12,3,10,14,9,3,11,-18,-7,-19,-12,-23,-16,48,24,21
32DPR0819F,-6,4,-7,-3,-10,0,-3,-3,5,-7,-1,-1,6,1,0,4,5,-1,3,3,-7
32DPR1463D,-11,-11,-15,2,-16,-4,2,-7,-8,-12,14,-13,16,1,-12,-1,2,-3,-5,5,11
32DPR0046K,-7,4,-4,2,-5,-6,-4,-2,-3,3,-1,1,-4,3,0,-1,1,0,1,-2,2
32DPR0131H,-18,-5,5,-16,21,-13,-14,-2,20,2,-16,2,36,22,-33,47,6,-14,23,-10,-12
32EPR0074F,-16,-29,-40,-14,2,0,9,3,12,17,-8,9,-10,7,-28,10,-4,-35,1,2,-5
32DPR0397O,5,-5,-4,3,2,-2,-4,-5,4,-2,0,1,3,-1,-1,4,5,-8,2,5,-8
32DPR0709Z,-7,9,2,-10,-6,24,15,-9,-4,0,-33,-2,-4,10,17,10,-9,13,24,-10,-1
32DPR1159U,2,0,-2,-21,-1,-12,2,8,1,-18,0,0,8,10,-9,7,3,1,3,-2,2
32DPR1908F,-6,5,-3,6,-8,5,-7,-1,-7,-7,-1,-7,7,-6,3,5,2,3,-28,29,0
32EPR0075E,-8,-8,32,-17,-7,-3,5,-4,-7,-6,-3,-2,-1,8,-4,-12,14,27,-16,10,-1
32EPR0160B,11,4,2,14,-3,21,-23,11,-2,12,14,14,-9,-14,1,-2,1,13,-3,-11,-11
32DPR1680S,1,-7,4,-8,1,-5,-3,4,-3,0,2,-2,6,2,5,-7,0,3,0,-4,-3
32DPR1002U,-13,-2,-6,-23,-1,0,-1,-8,-10,-11,5,-9,9,2,-1,5,-3,-2,1,-2,1
32DPR0289G,8,-14,7,-11,-9,-16,-15,28,-16,20,3,2,6,-4,-4,-4,-6,-32,-11,20,-3
32DPR0374D,3,-1,3,0,-5,5,-8,-3,1,-2,-6,-1,-7,-1,-2,-4,2,3,0,0,-2
32DPR0264Y,-9,-4,-10,3,-8,2,3,4,13,-6,-1,3,-12,-7,0,-7,-11,-5,7,4,-14
32DPR2000C,3,39,15,27,11,20,11,25,-11,35,4,24,10,2,-3,-51,15,27,28,-7,14
32DPR0928M,5,-1,-21,-11,-6,1,-2,7,17,10,11,11,-50,-8,-9,4,9,10,6,-16,-6
32DPR1486O,-16,-12,0,-9,-11,-2,-3,0,2,-14,-6,-2,-16,17,2,-3,13,9,-4,7,-6
32DPR0396P,3,-15,34,-1,-7,8,-19,9,10,31,15,25,-14,3,8,-8,31,-7,2,-1,-4
32DPR1111A,-2,-14,-10,-9,9,-10,-17,-4,5,6,-6,3,-5,3,6,6,-1,3,2,-8,-5
32DPR0481M,-18,26,21,-17,-61,22,25,-9,8,22,1,15,-21,-19,-27,0,11,-14,-10,-10,7
32DPR0154S,4,-2,-2,6,-8,-4,-12,-2,-2,-3,7,-3,8,-7,2,-1,-9,1,0,-3,-1
32DPR1377H,-4,-10,-3,-2,-12,-6,2,-1,2,1,-1,1,-4,2,4,1,2,-2,5,5,-6
32DPR0372F,5,-11,-11,0,-5,-6,-5,-24,-2,-4,-4,-4,6,1,4,-8,13,-2,-6,-7,7
32DPR0287I,-5,2,-1,-5,-2,3,1,1,-3,1,-3,-1,-2,1,-5,0,4,1,1,-2,-4
32DPR1907G,-4,2,-4,0,6,0,0,1,2,-1,-1,-1,6,-1,-15,6,-4,-4,-5,6,-2
32DPR1352Z,-7,-19,-3,-9,-1,1,-11,-4,-2,-2,0,0,10,-9,3,1,0,4,-1,9,1
32DPR1268A,-4,-3,-5,0,-12,3,-6,6,0,-1,2,-1,6,-2,-2,0,0,-4,-2,1,2
32DPR0130I,-5,4,-4,-4,-3,-6,-2,-6,-10,-4,5,-10,11,-4,1,1,-9,1,-2,8,-5
32DPR0022A,0,4,11,-8,0,-2,0,-4,-6,-8,0,-6,-2,2,2,7,-2,0,9,-1,0
32DPR1485P,-6,-3,-6,2,0,0,-3,2,-1,1,-6,2,-8,-7,-1,1,-1,3,-5,6,-4
32DPR0373E,-3,-13,-1,-3,-3,3,-5,-1,2,-3,2,-1,9,7,-2,-6,1,0,-4,3,-2
32DPR1158V,5,-2,3,-15,8,-6,3,1,1,0,13,-2,-19,9,0,-3,-5,5,5,-7,0
32DPR1243S,1,6,-7,-7,0,0,5,-1,4,-4,-3,-3,2,-2,2,0,-1,-1,-4,4,0
32DPR2399Z,21,3,65,40,23,-16,-3,22,-1,16,2,11,-27,-1,2,-10,18,-5,-13,-3,5
32EPR0076D,-64,9,8,-19,-5,-10,3,-12,-6,2,-2,0,-15,-9,-9,2,-7,-10,5,1,-16
32DPR1001V,-4,-8,2,-6,-2,-1,0,0,1,0,1,0,-5,2,-2,0,0,4,3,0,-4
32DPR1376I,-6,-1,-5,3,-14,-11,1,-4,-7,0,-10,-3,-6,0,-1,-3,3,0,-1,-5,1
32DPR1134L,-14,-5,1,12,-6,-12,-4,1,-3,-2,-6,-1,2,-1,-4,4,0,-4,1,1,3
32DPR0818G,-15,-6,-12,-9,-7,-7,-3,-2,3,0,-4,0,2,4,-5,-7,0,-9,6,2,5
32DPR1049O,-16,-2,-5,-6,-12,9,-6,4,3,6,2,4,-8,-1,3,-11,2,-8,-4,-6,7
32DPR0263Z,1,6,-8,-14,-3,2,-1,2,1,1,3,1,-3,-3,-4,6,-4,2,-6,0,0
32DPR0480N,7,-10,-4,2,-4,3,3,-5,-2,-1,1,-2,4,-2,1,3,1,5,-5,0,0
32DPR1267B,21,2,6,-4,-17,-4,-19,1,9,-13,15,-2,25,3,2,5,-3,-8,-13,-14,0
32DPR0395Q,1,1,2,-4,0,1,1,1,3,1,2,2,-6,2,-3,1,-1,3,2,0,-1
32DPR1025E,-16,6,28,-9,7,-24,-11,-2,-16,-5,-12,-8,-7,2,1,-6,21,-4,-16,3,14
32DPR1110B,2,1,0,-4,-3,-7,6,-8,3,-4,-3,-2,11,2,-11,2,2,-3,6,-3,5
32DPR0153T,-7,-2,-4,-12,-9,-3,-4,-4,-3,-2,-10,-6,4,3,-6,0,5,-2,-3,-7,14
32EPR0096R,-15,3,-6,-22,-27,-1,-14,-14,0,5,-6,2,29,22,-15,-10,9,-6,-21,0,-15
32DPR0286J,-8,-6,3,-5,-6,5,0,16,2,0,-8,6,-6,-4,-4,-26,-10,-8,-1,0,-1
32DPR0371G,-3,1,-11,-3,1,-1,-1,-3,-6,4,4,4,-8,3,0,2,-10,2,3,-8,1
32DPR1351Z,-5,0,-1,6,0,-1,-4,-1,-3,2,5,5,-6,-2,3,-9,4,7,-4,-2,2
32EPR0072H,2,16,10,-24,-13,-4,-16,-9,-14,-24,-16,-22,-16,-14,-1,-5,-13,22,8,0,32
32DPR1484Q,-8,-5,6,-1,-6,0,-1,6,-2,4,2,1,1,8,-3,7,-12,4,13,-3,-8
32DPR0178B,-1,-4,0,-5,0,-2,-2,-2,3,5,-3,1,5,-1,6,3,-4,-2,-5,3,-1
32DPR1157W,-14,-1,-11,10,-2,-31,31,-20,9,-18,18,-13,3,-4,4,46,9,8,1,17,4
32DPR0021B,1,-2,4,-1,-1,0,-3,-1,1,0,1,0,1,2,-7,0,2,3,1,1,1
32DPR1242T,-3,-6,0,0,2,-4,-7,15,-2,-1,8,-2,-5,-4,-8,-1,-6,14,-6,-4,0
32DPR2353E,-12,-32,19,-11,2,11,16,34,37,-4,0,0,-18,-17,-23,-14,10,7,10,5,8
32DPR1375J,-15,-21,-26,-1,-17,-1,-10,0,10,-4,8,0,18,9,-13,-3,-2,11,18,5,5
32DPR0902E,-9,3,-7,-6,1,-2,-2,-7,-8,1,-7,-6,6,2,-7,-1,0,0,4,3,1
32DPR0262Z,7,-8,-7,-11,4,-2,5,5,0,-2,-6,2,-15,-1,-1,4,9,-1,-18,-1,3
32DPR0707B,3,-1,11,3,-2,-1,1,1,-1,-1,6,-1,-1,-7,-2,-1,-1,-10,2,-5,1
32DPR1024F,-5,-4,-5,-8,-2,-2,-3,2,-3,0,4,4,-8,0,0,-2,0,-1,1,1,-3
32DPR0394R,15,3,17,-3,2,3,-11,8,-1,7,0,0,-17,4,-18,7,-2,7,10,4,-1
32DPR1156X,-4,8,-1,-15,3,-4,5,-6,0,-3,-15,5,-4,1,-7,7,-1,-9,-5,15,-2
32EPR0073G,-15,-16,1,-38,22,-20,2,-4,-9,25,-1,16,6,-14,-41,-5,8,0,29,5,-8
32DPR1241U,-10,-7,-6,-11,-8,0,-11,1,4,2,-1,3,-3,2,-3,2,0,3,5,-2,1
32DPR0370H,-16,-9,-10,-7,-2,-10,-11,0,4,-2,2,-1,-9,-6,-1,-10,-8,-5,9,-9,3
32DPR1047Q,1,-4,6,-38,-16,-6,27,-10,6,-6,-2,0,-9,-7,-7,-7,14,-9,-2,14,9
32DPR1132N,-10,5,-15,-15,-6,0,-5,0,4,-2,-2,-2,-5,4,-5,-10,-1,6,-5,-3,4
32DPR0177C,-20,27,-17,32,1,2,5,-11,-4,-12,2,-8,1,2,6,2,-19,-1,11,4,0
32DPR0925P,19,2,6,-30,-5,8,-15,4,-2,8,-12,1,-1,-1,-4,-28,-4,-5,-1,-9,23
32DPR1398U,-14,-3,-9,0,-1,2,-1,-3,2,-5,-4,-4,7,-1,-6,1,10,-11,1,1,1
32DPR1483R,-5,-4,-3,-3,-1,8,-3,-15,0,7,1,5,-3,-2,-6,-1,0,-2,2,2,3
32DPR1023G,-19,-7,0,-11,0,2,-1,6,18,-8,1,6,8,16,-16,-6,-3,7,-8,-12,-7
32DPR2269G,24,-3,-16,20,-7,-2,-1,3,5,-3,5,1,-2,1,-2,7,-4,4,-9,10,-9
32DPR0152U,1,2,-3,-1,-7,-11,2,6,-1,5,-2,4,-4,-8,-5,-2,1,-1,1,-14,7
32DPR0901F,-4,9,23,-16,23,-17,-12,9,-6,4,-8,-1,-23,3,-10,6,8,-3,9,-3,15
32DPR1374K,-2,-21,-5,-12,2,-2,-2,-1,-3,8,1,5,-2,5,-11,-1,4,5,-5,-8,-1
32DPR2108U,-7,-13,-7,0,1,-3,0,2,-4,8,7,7,-9,5,-5,-9,-1,-1,4,-2,-3
32EPR0042N,-29,-14,-2,-3,-5,24,-2,20,10,-11,-8,-8,-12,-6,-13,14,29,3,-5,15,18
32DPR1237H,-10,-9,0,-8,-5,-11,-13,1,-2,3,-3,0,-6,-2,2,1,5,-7,3,13,-7
32DPR0450T,2,-4,-5,3,2,-14,-3,0,-1,0,-1,-1,5,-1,-3,0,2,3,0,-6,-1
32DPR0365W,3,1,-5,0,-2,-13,-3,-2,0,6,1,4,-5,0,2,1,5,-8,-2,-3,-1
32DPR0692Q,-2,3,-6,1,-2,-1,1,2,1,0,0,0,-8,5,0,-1,2,20,1,8,-3
32DPR0498M,-19,-10,-28,-13,-17,-16,-8,0,7,-26,28,-10,42,13,-30,60,-10,7,-29,34,18
32DPR0256P,3,-19,-31,-5,7,4,0,-4,5,12,5,9,-22,13,3,10,5,-1,-7,23,1
32DPR2435O,-28,19,0,25,1,17,36,28,74,55,-2,40,-3,1,16,2,-5,-10,5,2,3
32DPR0341M,3,5,-6,-6,-2,4,-5,9,-6,1,-5,-1,-8,-7,-2,-3,1,2,-3,-5,4
32DPR0583J,-2,1,3,14,1,-2,2,-5,-3,-4,1,-4,3,-7,10,0,-3,-5,1,1,3
32DPR1103S,-7,2,4,-11,29,-3,-1,12,0,1,-4,-1,-12,-1,1,17,7,13,-2,-3,7
32DPR1018V,-9,-4,-16,-3,22,-15,1,6,-6,-7,-1,0,27,2,-4,9,7,25,18,0,15
32DPR1696T,-10,-4,-1,0,8,-5,-8,-1,1,-1,4,0,4,4,-3,-1,1,2,-5,-1,2
32DPR0475B,-18,-10,5,-10,-9,-3,8,31,-14,25,19,18,16,-13,16,-18,3,-8,-14,6,-9
32DPR0148H,-11,2,-1,-6,-2,-12,3,-5,-4,4,-4,0,4,-5,3,-8,2,7,6,5,-1
32DPR0233E,-22,-23,-9,5,-3,8,-17,-3,-4,-19,1,-8,7,6,-17,-2,15,-5,3,7,3
32DPR1369Z,-7,0,-1,0,-4,-2,1,-4,-3,-2,-1,-3,4,2,-3,2,-1,-4,-1,2,-2
32DPR1454W,-4,-4,0,-4,-7,-10,-5,-9,-8,3,5,5,7,2,-9,9,-10,2,3,9,-13
32DPR1672J,-9,-6,2,1,3,2,1,0,-4,-2,1,-2,-9,3,-1,0,3,-4,6,0,-4
32EPR0151U,-15,-40,-30,-24,13,-2,-7,16,14,-15,-20,7,-13,-1,12,-11,-12,-10,-6,-10,-2
32DPR2327G,-8,-17,2,-7,-20,-39,4,1,-16,12,7,7,9,4,-8,12,12,4,13,-8,16
32DPR0039A,-1,2,-5,0,-3,-3,-2,0,2,-5,-1,-2,1,3,-8,2,-2,-3,-1,-3,4
32DPR1345P,3,-14,30,-29,7,0,33,-4,19,-10,1,11,11,5,14,21,-12,-14,-9,3,0
32DPR1430M,-1,4,-2,6,-4,-9,2,2,5,-4,-3,-3,-4,2,3,-1,7,-2,-2,-1,3
32DPR0013T,3,3,-4,6,2,5,-3,-3,-3,0,0,0,-11,1,-4,-2,1,3,-1,-2,-2
32DPR0919E,-5,14,-19,0,-13,16,18,-9,44,12,1,20,-34,4,-24,9,-7,10,0,-4,-22
32EPR0152T,-5,-12,-21,-44,15,-20,14,-6,17,18,-8,6,45,11,3,26,3,4,-28,4,2
32DPR1236I,-4,-1,-9,0,1,8,3,1,8,0,-3,4,-6,-2,-14,-1,6,9,-8,-4,12
32DPR1321F,-38,19,-14,6,-6,-14,-25,-5,0,0,54,53,-51,-24,-6,-5,5,10,-1,4,1
32DPR1453X,-9,-15,-17,2,-4,-4,-2,1,0,1,-10,-1,0,-8,1,5,10,-8,5,4,1
32DPR0582K,0,0,-13,3,-2,-2,4,-6,0,-2,1,-3,8,-1,-1,-1,1,0,-1,-1,-1
32DPR0231G,1,7,6,-6,9,-1,2,-2,-4,3,1,0,18,-1,-4,-4,-10,12,10,-3,-1
32DPR0146J,-13,21,-5,-21,11,-41,-12,-6,24,14,-6,15,19,11,-14,16,3,17,-21,-8,9
32DPR2436N,-4,-3,3,-8,19,1,-19,-4,14,-8,-2,3,23,1,0,11,-10,-2,-4,-12,13
32EPR0043M,1,6,0,4,27,9,13,44,-25,9,-6,4,-11,-1,27,18,37,9,8,-29,13
32DPR0497N,-7,-15,-18,-15,1,0,2,2,3,-6,18,-6,-1,-2,-12,16,4,-1,10,0,10
32DPR0809Z,-6,-9,-1,-9,-5,-6,2,-1,-2,-7,7,-5,14,5,5,0,0,4,-2,-8,-4
32DPR0474C,-2,0,-2,0,-4,-1,0,-4,-1,-1,-4,-1,2,1,1,-1,2,-3,-2,1,-5
32DPR0389F,3,-2,-8,-3,10,9,18,-7,-8,20,-3,-1,3,4,8,-16,-10,-3,-9,0,-9
32DPR1344Q,-8,-4,-1,-10,-14,0,-1,-4,-9,8,-1,4,1,14,1,4,1,1,-1,-5,-4
32DPR1102T,-10,1,-1,2,0,-6,13,8,3,10,-4,5,-9,23,1,6,5,-3,32,-3,-21
32DPR1017W,8,3,-34,-13,-2,-6,-22,3,-11,-3,6,6,6,10,-8,-11,8,9,15,6,-2
32DPR0232F,10,-12,-27,-9,5,-3,-2,11,-8,4,26,26,-31,-17,1,6,-2,4,3,-8,-8
32DPR0147I,0,-26,0,-26,-4,-4,0,-16,-12,5,9,9,-3,-3,-8,-30,-5,10,-2,10,-3
32DPR1695U,-5,-13,-15,0,1,-4,-3,-3,17,-3,12,2,-21,4,-6,-3,-4,5,3,-5,-6
32EPR0020B,-29,-1,-8,-7,-17,-26,-7,-2,22,-5,3,8,6,-7,-20,24,4,13,5,4,4
32DPR0122Z,-2,-4,-22,19,-22,8,-11,-6,3,-9,-10,-10,-1,-5,1,-2,15,-11,4,-1,-2
32DPR1320G,-10,-8,6,4,-17,1,-1,-2,-2,0,12,12,-14,2,3,4,-4,2,-1,-10,-3
32DPR1235J,-8,-14,-11,6,-19,-16,-6,12,8,-1,-5,8,2,-1,-2,3,-3,3,-3,3,1
32DPR0364X,-25,-1,-23,-10,-29,14,-5,3,17,-6,4,7,-25,-7,-14,2,-8,13,-11,-4,5
32DPR2328F,-4,-5,-3,8,-13,8,0,-2,-6,2,7,7,-15,2,2,-8,6,-2,-2,1,0
32DPR1671K,-6,3,16,3,1,-7,-8,4,-22,-3,14,-8,18,26,1,25,-4,-7,6,1,4
32DPR0169U,-1,-4,6,1,-3,-9,-11,-2,-4,-6,3,-8,9,-3,-14,-8,-5,-6,-5,7,4
32DPR1126C,-1,1,-4,1,0,2,3,-1,3,-3,-4,-4,10,-4,1,-2,0,5,-8,4,1
32DPR0254R,-3,-6,-6,-19,-2,-10,-6,5,6,-7,-4,0,-6,2,2,3,0,2,18,-6,6
32DPR0918F,-20,-18,32,28,51,21,15,45,21,-6,17,1,-40,-22,-8,-18,-9,-11,12,14,12
32DPR0690S,-8,-3,-1,-4,0,-2,1,-9,-7,-5,1,-5,15,-5,-9,9,-6,-1,-8,1,-4
32DPR0012U,4,8,2,0,1,-1,-3,0,2,-6,1,-2,-9,-6,-13,2,-2,0,5,6,4
32DPR1477G,-1,-12,4,2,-2,3,-5,2,2,-7,-2,-6,7,-4,0,-1,2,-6,0,0,3
32DPR2437M,-4,10,-5,-1,1,4,1,-6,-2,5,-1,-1,2,-1,2,-2,0,0,2,-2,-3
32DPR0145K,-3,4,-3,-6,-5,-1,0,-5,-5,2,0,0,-11,-2,-11,-3,5,-1,-3,3,2
32DPR0230H,4,-18,-7,-12,-6,-1,-9,-20,2,14,0,9,-30,8,-27,-8,8,116,0,19,1
32DPR1452Y,-10,1,1,-7,0,-1,1,-1,-2,3,3,3,4,-2,-5,1,2,-6,0,12,-4
32DPR0496O,67,-20,10,-3,12,4,28,20,-38,24,26,26,-41,-21,-23,-44,-18,10,-17,2,-18
32DPR2304W,-4,1,0,-2,0,16,-4,-14,18,-18,1,-3,10,0,29,0,-32,-8,29,0,7
32DPR0808Z,-11,-8,0,-3,2,-1,-2,-6,0,-3,-5,-3,5,1,-2,1,0,1,-2,-1,0
32DPR2329E,-2,-4,0,2,4,2,1,-4,-5,1,0,-3,3,-1,0,1,0,-2,-2,-1,2
32DPR0037C,1,-2,2,-3,-5,2,-2,0,-12,-3,-1,-6,1,-8,-3,-3,-3,4,2,0,4
32DPR1258U,-5,5,0,0,1,3,-4,-1,0,-7,8,-3,-3,7,-3,0,4,-12,1,5,-1
32DPR1343R,8,4,-4,-13,5,-1,-18,-7,2,1,-11,-5,12,-3,-2,2,5,-1,-2,8,1
32DPR1016X,-10,-8,-5,-12,-5,-3,-6,-3,15,-1,-1,-1,12,-1,-16,-2,7,-8,1,15,-2
32DPR1101U,4,1,-4,-13,-24,42,-27,14,-10,-4,3,-7,18,4,12,7,8,-5,14,-4,2
32DPR0473D,0,-22,2,-5,-10,-14,-7,-5,-7,2,15,14,-13,-7,2,0,3,-3,0,-5,5
32DPR0388G,2,-13,0,1,-17,-1,-2,-2,5,3,-3,1,0,-6,1,1,2,1,-3,1,-3
32DPR0363Y,-23,-5,10,-9,-1,-12,4,-18,5,-2,-1,-1,-4,10,-15,0,7,-4,4,4,6
32DPR1149N,1,-9,7,-5,0,11,0,-2,-2,1,1,1,-18,2,3,-5,-1,0,-3,-5,-5
32DPR1670L,-12,0,-6,3,11,11,11,-3,22,19,-5,13,-10,-7,0,5,0,-1,3,-10,-11
32DPR2414B,10,32,32,24,19,42,41,35,3,22,20,12,43,-2,-33,11,11,-17,7,19,-12
32EPR0041O,8,-25,-53,-49,5,-29,-15,6,-3,-1,-49,-11,-23,-30,-61,-20,-23,-14,-31,29,4
32DPR0495P,-1,-3,0,-11,-1,-6,-14,-1,-2,0,-2,-1,2,2,-1,4,-1,0,-2,2,0
32DPR1210A,1,2,3,-10,57,15,26,11,3,49,17,13,-26,8,-29,-10,2,-2,5,14,-5
32DPR0580M,0,-3,-12,-2,5,-2,7,5,-2,4,4,4,-13,4,-2,1,-6,3,3,-5,3
32DPR0168V,4,-14,-10,1,-1,-14,6,-10,4,-4,-4,-4,-10,-1,-7,-1,5,-2,-3,3,-1
32DPR0386I,-9,-15,-12,-4,-2,-8,-6,7,0,-2,9,-1,0,-3,-1,-4,-3,-1,0,0,-1
32DPR0471F,-31,5,-63,-48,-5,-17,-10,17,-8,22,-27,3,-18,-32,-21,-28,-7,-15,-43,20,31
32DPR1693W,2,-4,-4,2,-14,15,4,-4,1,8,6,6,-9,-4,15,-29,-5,-2,0,0,-6
32DPR1451Z,-10,-5,4,-2,-2,2,-1,5,-3,2,0,0,-16,-4,-2,-2,-1,2,-2,6,1
32DPR0059O,-4,-3,-3,-7,-8,-2,5,-7,-4,-3,5,-6,7,1,0,4,2,-3,-1,3,-6
32DPR1367A,-12,-2,18,-10,-13,-65,-9,20,-13,13,-8,6,22,-31,-32,-19,-9,-2,-6,-16,0
32DPR0144L,-18,-4,32,-12,-16,22,-1,4,-8,12,5,-2,-14,-6,4,17,28,-18,8,-1,-3
32DPR0121A,0,-5,-13,3,-3,-4,1,2,9,14,2,9,-9,6,-3,-7,5,14,2,-9,5
32DPR0036D,-2,-24,-8,1,-3,-1,-4,5,9,2,4,6,-13,-7,-6,3,-1,8,0,1,-2
32DPR1584P,-7,-7,0,3,-7,-1,-10,-1,-3,-4,-4,-4,11,-1,5,0,-4,-5,4,2,-5
32DPR2439K,1,3,2,2,-6,-3,-5,-5,-2,2,-3,-4,4,1,2,1,0,-1,1,-2,1
32DPR0472E,3,-8,2,-6,4,1,3,4,3,-6,-1,-5,-6,2,-5,4,2,1,1,-3,-2
32DPR0387H,-3,8,-10,3,-6,8,-7,-49,2,-1,-2,-11,13,-11,-7,17,7,-4,2,8,4
32DPR1342S,3,-2,1,0,-6,-1,2,1,4,0,-3,0,-3,5,0,-13,-1,7,1,-1,4
32DPR1015Y,21,-8,-11,1,1,-16,-16,-10,-4,-3,3,3,-6,5,-12,0,3,1,3,-8,10
32DPR1100V,-18,2,-2,9,-5,1,-18,5,-5,11,-5,-4,27,-4,-4,4,-12,-20,1,-7,-4
32DPR1475I,-6,-2,3,-5,-1,-2,-3,1,-2,2,0,0,2,1,-1,-4,1,3,2,-3,-1
32DPR1560F,-14,0,-5,3,-4,-3,-1,2,3,-4,-1,-1,7,2,-5,3,1,-2,2,1,-3
32DPR1148O,1,-2,16,-21,2,14,3,14,16,1,17,8,-3,1,-10,5,-1,8,7,15,-15
32DPR2415A,-1,0,-2,0,2,0,-3,0,0,-2,1,-1,7,2,-7,-1,4,3,-2,-2,1
32DPR0278A,-2,4,-1,-5,0,-5,2,-1,-2,-7,1,-2,4,-5,0,-1,-2,2,4,-4,6
32DPR1233L,0,-17,-3,6,-5,2,4,-3,1,-3,2,0,-6,3,3,2,2,2,2,-3,-3
32DPR0917G,-1,-1,-1,-2,0,1,-1,1,-1,-20,0,-11,14,0,-1,4,-3,4,-5,1,-5
32DPR0563W,-1,15,33,-19,18,14,-8,6,11,5,10,4,-26,-16,-4,-2,-14,14,13,-1,-10
32DPR0212S,-5,-8,-12,-17,23,9,-12,-7,4,-5,-2,-1,10,4,-19,1,5,0,13,-3,3
32DPR0127V,-1,-2,8,0,-7,-4,8,-9,-7,0,-4,-7,-2,5,-7,-4,5,5,0,-1,1
32DPR0478Z,-13,2,-1,-2,-6,0,2,13,-13,8,-1,3,4,-1,4,3,-3,1,-1,-1,-10
32DPR0890Q,1,-3,0,0,9,0,-8,-1,3,1,11,4,-6,1,-11,-5,-2,3,10,4,2
32DPR1520E,7,-8,-7,5,-4,-9,2,1,-1,-5,5,-3,-6,-4,-1,-2,-1,12,4,9,-2
32DPR0018O,-14,-6,1,-5,-3,2,-11,-2,-8,10,7,7,-12,-6,-2,-1,-7,2,2,5,-1
32EPR0131G,4,-39,-8,-15,-5,-22,14,7,-44,0,-81,-27,18,4,-14,-10,-4,-7,-14,2,17
32DPR2346V,9,-8,6,2,-1,-1,-1,1,-9,0,-7,-3,9,1,-9,-10,4,-10,-15,9,9
32EPR0046J,-2,-24,-3,-6,-9,0,-4,-1,19,11,11,11,6,-9,-10,-4,15,1,19,0,3
32DPR1326A,-2,-15,0,-1,4,-3,-6,6,-1,-2,5,-2,18,0,0,5,-12,-6,3,-5,0
32DPR0369S,-2,5,-2,-15,-2,0,4,3,-3,5,0,1,0,-5,-5,-4,-2,3,1,2,-5
32DPR0781J,-9,3,0,-1,-14,-1,7,-5,0,-1,4,-2,5,-3,-7,-5,2,2,8,9,-4
32DPR1216V,-11,-5,-18,8,-1,2,0,3,29,-2,1,6,5,-14,-16,-9,10,-17,2,3,13
32DPR1301S,-3,-1,-6,0,-2,3,-1,0,-17,-1,-2,-7,7,6,-1,0,2,-2,3,0,-5
32DPR1652W,0,-9,-1,-10,-4,-4,-3,-3,6,-7,-1,-1,-3,5,-14,4,2,2,4,-4,4
32EPR0047I,-62,12,29,-15,9,6,34,13,-7,6,-15,-1,-9,-17,-5,0,-12,5,-11,0,-30
32DPR0019N,-7,-9,5,-8,-49,0,-16,25,-9,10,3,7,-20,-32,-21,-11,1,20,-11,-11,15
32DPR0431E,-3,6,15,4,1,-5,-6,10,0,-3,-23,-23,26,-1,4,4,-2,0,-1,1,-6
32DPR1870J,-1,-12,3,2,-15,-1,-1,-9,-15,-9,5,-8,3,8,0,4,-2,1,3,1,1
32EPR0022Z,-3,9,2,-1,-3,-12,16,6,4,5,7,7,-14,-11,-16,-28,20,-1,-2,3,-7
32DPR1107O,-2,2,3,1,-4,-1,-2,1,-1,1,0,0,3,-2,0,1,-3,-5,2,-1,-2
32DPR0321Z,0,0,0,-9,2,1,-8,-9,-1,0,-2,-1,0,2,-2,-4,11,0,-1,-2,3
32DPR0237A,-4,4,4,-4,-2,3,1,-3,1,2,0,-1,-4,4,-3,0,-2,2,1,-4,-4
32DPR0126W,-11,3,1,-2,-10,-5,2,3,10,-5,3,4,4,6,-17,11,6,-1,9,-1,-1
32DPR0211T,-1,-7,5,-9,-12,9,-3,-6,-4,-3,0,-6,8,-3,3,2,3,2,15,2,-6
32DPR2432R,9,32,21,9,20,29,47,32,27,37,3,37,-23,16,-31,7,1,2,-7,-10,-12
32DPR0368T,7,24,-18,-168,-22,11,22,-10,-10,24,32,32,-19,-3,-3,-32,31,0,-33,5,4
32DPR0453Q,-10,-8,5,3,1,-3,6,-5,9,0,-16,11,-16,-3,-10,3,-3,0,5,-3,1
32DPR0477Z,4,2,2,5,4,-12,20,9,-2,8,24,0,0,2,0,-23,-3,-7,5,0,18
32DPR1434I,-7,-2,-2,-6,-1,1,3,-5,-6,4,-21,-1,4,2,14,3,-2,-8,-2,0,0
32DPR0780K,2,-12,-1,0,-2,-2,0,18,-1,-4,3,3,-11,-3,-4,-3,3,3,0,-5,-5
32DPR0017P,-5,6,3,-6,-3,-5,-9,5,1,-8,1,-1,-5,2,-5,0,1,0,4,-1,4
32DPR0102M,-1,-3,1,0,-2,-1,1,-1,-1,1,-1,0,0,2,1,-2,-3,4,-1,0,0
32DPR0695N,-7,6,-6,-2,-8,-5,0,3,-12,1,12,12,-10,2,3,-7,11,1,-2,0,0
32DPR0259M,-12,-7,16,-12,-7,5,6,5,-8,-22,-3,-15,9,-2,1,2,1,1,1,1,0
32DPR0344J,-2,-8,-3,-1,0,4,-1,-8,4,-1,2,0,-2,1,10,-9,-4,6,1,-1,9
32EPR0156P,7,-18,21,-14,-16,-17,-31,-26,3,14,5,11,21,3,-13,17,-13,11,22,-24,7
32DPR2347U,-7,0,-3,-7,-18,-3,2,14,8,21,5,14,5,7,-18,23,22,2,6,-8,4
32DPR1325B,-2,-11,-2,2,2,-10,-4,4,-2,8,1,3,-4,1,-1,1,4,-2,0,5,-6
32DPR1300T,-6,-5,-15,-3,-19,6,-2,20,9,24,46,45,5,-7,35,-7,15,-1,9,0,-16
32DPR1215W,-38,-3,-9,11,6,13,-2,35,-34,-16,-13,-13,52,5,6,-25,-12,20,6,-5,-8
32DPR1566Z,2,-3,-3,2,-4,0,-7,-6,-9,8,7,7,-1,5,3,0,2,-1,2,1,-7
32DPR0430F,-5,-8,-13,3,8,-4,-2,-2,-5,-14,-5,-10,13,1,-11,-2,1,-1,3,-4,-1
32DPR0587F,-11,0,-7,0,2,-3,-4,1,2,-9,2,-3,0,-6,-16,-1,3,6,11,0,23
32EPR0133E,1,-4,4,-4,-13,-8,3,2,5,9,-9,5,-13,-4,-7,-5,-6,-4,2,-40,4
32DPR1348M,1,5,-24,5,-4,0,8,-10,9,1,4,2,13,-12,-18,-4,-2,35,9,33,14
32DPR1433J,-5,-1,-3,0,-2,-1,-1,1,-1,-1,1,-1,-1,0,2,-3,5,-2,-1,-1,2
32EPR0023Z,-6,3,-6,4,-13,11,10,-21,12,13,8,11,-20,-2,-16,-5,4,18,5,-4,21
32DPR0236B,-9,-12,-18,-6,-13,0,-6,6,-14,-8,2,-7,0,0,9,-1,-1,-4,0,5,-7
32DPR0562X,-14,-6,-30,32,-38,4,-4,-11,25,10,3,17,-20,-4,-11,8,-7,13,17,14,4
32DPR2433Q,11,36,3,29,11,26,14,-13,19,6,0,12,-36,-18,6,-4,-14,2,-1,3,10
32DPR0367U,-1,3,0,-1,-1,-2,-11,-1,1,-1,2,0,-4,1,-3,-8,1,5,-2,-2,1
32DPR1239F,-3,13,6,-2,-5,1,-4,2,4,-3,2,-3,3,-1,-5,-3,-2,-2,5,-15,-1
32EPR0153S,11,-22,10,-8,-7,-10,-2,-10,11,0,4,1,-2,5,-4,2,5,5,-8,9,-16
32DPR0125X,-8,-4,1,2,2,-1,7,-3,-2,-1,-2,-2,3,3,4,1,-1,-4,1,4,-4
32DPR0210U,-24,-10,-14,-11,-5,-14,6,-8,-9,5,13,12,-1,-25,19,14,13,19,0,20,-6
32DPR1675G,0,3,-5,-4,6,-6,-6,1,-5,25,-7,6,-14,1,4,7,13,13,-3,-9,4
32DPR0343K,1,-9,1,-4,-5,11,-6,5,2,2,-2,1,-9,-7,-8,-6,-1,9,7,-10,0
32DPR0694O,-4,-4,-1,0,2,5,-3,2,-3,0,7,-3,-6,-2,5,3,-4,1,1,0,-5
32EPR0044L,-11,-1,-32,-10,-23,4,19,2,2,29,19,25,6,-22,-3,-4,8,3,1,-6,-13
32DPR0016Q,-9,-10,0,-9,-1,4,-1,-11,-9,6,-1,3,2,-3,-2,1,0,7,-3,0,2
32DPR0101N,0,-4,-1,0,0,1,-1,-1,4,-1,-1,-1,4,2,-6,0,3,-3,-1,0,5
32DPR2348T,4,1,-13,-2,3,-3,-2,-1,0,2,0,1,-3,2,1,0,-3,-1,0,0,0
32DPR0671D,-17,-28,-7,-4,-2,1,-1,6,-2,-1,-5,2,-9,-3,-2,16,0,-1,3,-1,4
32DPR0586G,2,-2,-5,-2,-4,0,-4,-1,2,-2,2,-1,0,1,-1,1,-2,-1,2,2,-4
32DPR1456U,-1,-11,-5,1,1,1,0,1,-1,2,2,2,-4,-3,6,1,-8,-3,-1,5,-4
32DPR1214X,-5,-3,1,0,2,1,-3,-2,2,-2,-3,-3,5,5,-5,6,0,1,5,-7,-4
32DPR1432K,2,2,-5,0,-2,-2,3,-9,-15,1,1,1,-8,-1,-7,-9,1,0,-3,-1,0
32DPR1347N,18,-126,-18,-25,10,39,53,-1,-15,-8,10,-13,17,15,-4,-3,-5,23,6,-8,-3
32DPR1105Q,-11,-1,-3,-5,-5,-2,-7,3,7,-1,-6,0,3,0,-12,1,3,6,1,-6,-4
32DPR0561Y,0,-13,4,-5,2,-2,4,-10,-3,-1,-4,-6,-3,0,-4,0,12,2,0,-1,0
32EPR0069U,-11,-5,-4,-6,-11,4,1,-10,-4,-6,-4,-7,15,-1,-4,-8,22,-14,2,17,1
32DPR1238G,1,-3,1,-3,3,-2,1,1,5,-6,-1,-5,1,2,7,5,-3,-8,3,-5,-4
32DPR1323D,-4,-14,-4,-2,1,3,-1,-2,4,3,2,2,-10,-6,-1,6,4,9,13,-5,-7
32DPR0124Y,-1,2,-6,2,1,-1,-4,-2,-15,-1,-2,-7,20,-7,-6,3,-1,-11,18,3,-3
32DPR1674H,0,0,-3,3,-3,0,-1,-2,2,-12,6,-2,3,-1,3,-1,0,8,-6,-1,-1
32DPR0693P,-1,3,1,-2,-11,0,3,7,0,2,-2,5,-5,0,-2,3,-5,-1,-3,-4,8
32DPR0366V,4,-6,0,-1,-1,0,4,-3,-1,0,-5,-1,-7,2,1,-4,-1,0,8,-3,-3
32DPR0451S,-4,-4,-1,-1,-1,3,-1,-1,4,1,1,1,-12,-1,2,1,-5,-11,7,-4,2
32EPR0045K,-8,-17,-8,-6,-6,10,2,8,-1,-11,1,2,-15,-3,2,4,4,-1,-4,-3,-4
32DPR0499L,-2,6,-6,-13,-6,19,-20,8,14,-4,4,0,8,-7,-19,27,6,10,10,9,2
32DPR0584I,-7,4,1,-5,-5,0,1,-2,1,-2,-1,0,-6,2,-13,1,1,-3,5,3,-4
32DPR0100O,0,-2,3,2,-13,-3,0,-2,0,-2,0,-2,0,1,-1,5,1,1,0,-2,0
32DPR0015R,0,0,-6,-7,-2,7,-4,-10,8,0,-4,0,-4,-2,-3,-1,-5,-4,-6,2,2
32DPR2434P,6,32,0,-13,25,15,5,4,2,9,6,3,-4,13,10,25,-42,13,0,11,20
32DPR0342L,-6,-10,0,-3,2,-3,1,3,-6,1,-1,-3,7,-6,3,-1,0,3,-3,-1,2
32DPR0149G,2,-6,0,-7,2,-1,-2,-1,0,0,-2,-1,-8,-2,-3,-2,-2,-5,-1,4,-2
32DPR0234D,-1,-13,-2,-8,1,3,-3,8,4,0,-9,4,-13,-6,-10,3,13,-9,1,-5,-2
32DPR0585H,-2,-17,6,27,38,-16,18,-14,-7,1,-11,-3,-9,-25,3,12,3,12,-9,15,24
32DPR0670E,-4,-11,-4,1,-7,-3,1,-18,0,1,7,7,-8,-2,3,-12,15,4,-2,-1,-10
32DPR1697S,-1,2,-1,4,-4,3,1,-1,-5,-1,2,-2,1,3,1,-20,-1,1,1,3,-1
32DPR0560Z,-9,11,-21,-2,2,-5,-13,-14,-7,-7,0,-12,10,3,-5,-7,-6,5,-3,-5,-2
32DPR1673I,-5,3,-1,0,-8,-7,-2,1,-3,0,-2,-1,1,0,-3,-1,4,-3,3,-1,0
32DPR0476A,-3,6,-1,-3,-7,-4,-3,-5,6,-5,-5,-5,4,10,-1,-8,4,13,-2,-3,-6
32DPR1431L,-4,-1,-1,3,-2,-4,-1,-1,4,1,3,1,9,-9,-3,0,0,-2,3,-5,1
32DPR1346O,-3,2,1,4,-3,0,8,-5,-4,3,-1,-3,1,-1,-14,-2,6,-3,-4,0,5
32DPR1104R,15,2,-13,-9,-11,0,-6,-8,9,0,-12,-1,-2,9,0,-2,-1,7,-3,-2,-1
32DPR1019U,-5,-4,0,-2,1,-9,2,0,-4,0,0,0,-3,2,-5,-9,1,5,-3,-6,3
32DPR0410S,8,-6,-14,-2,-9,13,9,-1,0,5,-5,6,-12,8,11,7,9,-3,-4,-7,-15
32DPR0325V,2,0,-5,-4,1,5,-2,-5,-10,-8,-3,-9,-1,1,1,1,-6,5,1,8,0
32DPR0761W,-7,-4,-7,2,0,-1,1,-1,1,-7,-1,-5,7,5,-5,1,-3,1,0,-3,3
32DPR1960B,-14,-3,15,-2,8,6,0,6,-3,5,2,1,-3,4,7,-6,9,3,-2,0,-5
32DPR1306N,1,8,-1,-1,-2,1,3,-4,-3,3,-3,0,-7,2,1,2,5,-2,4,3,-3
32EPR0002M,-2,-17,-6,1,-8,10,2,12,1,17,4,9,-60,6,-39,-19,-3,28,16,-39,5
32DPR0652P,-2,-13,-19,-8,-16,-7,10,-4,12,-2,4,5,-1,6,-13,4,4,-6,1,3,12
32EPR0159M,1,-7,14,-13,10,-6,11,0,2,2,4,1,-1,4,7,-4,1,-15,3,0,-6
32DPR1439D,-2,-6,6,-2,-6,8,-13,12,0,0,8,0,-8,-9,-11,-3,-1,2,1,0,-2
32DPR2419X,16,16,17,26,50,45,-31,-26,9,0,18,-17,7,-4,-18,14,19,2,9,-9,-1
32DPR0544H,-5,-5,-14,-8,-5,-9,3,-3,-10,6,-25,2,-11,-1,2,5,2,4,4,6,-8
32DPR1414V,-6,5,-1,-6,0,2,-1,2,5,-4,8,0,-9,5,-9,-2,-4,-9,1,-4,1
32DPR0871B,-11,-17,-9,-11,-5,0,-2,-8,11,19,5,15,-3,16,-8,-12,10,-10,15,5,3
32DPR0786E,-4,-6,-4,0,1,-6,0,1,-3,1,1,1,0,3,0,-12,-1,-2,3,1,2
32DPR0302K,6,-6,-16,-9,-8,-1,-2,-6,2,0,7,2,-3,-7,5,-1,-2,0,-1,0,3
32DPR1765Z,4,-2,-1,-4,-7,-7,7,4,2,-2,-2,-2,1,-5,-1,5,-1,-4,8,-4,-4
32DPR0217N,4,-3,-6,1,-7,-3,-1,-5,-5,-1,0,0,5,-2,3,4,-4,-1,1,-3,-2
32DPR1305O,0,-7,2,0,1,4,0,-1,1,-1,-3,-3,-4,-7,-2,-4,3,0,5,-1,3
32DPR1656S,9,-2,-4,-3,-4,5,10,-1,-3,4,2,-2,-10,0,1,-1,0,-2,-2,-2,4
32EPR0136B,-1,2,-5,-4,9,12,-16,-7,-6,21,28,28,8,-18,1,-1,15,38,-2,17,-18
32DPR1741P,-21,-4,2,18,3,0,-2,-1,-1,-1,13,-1,-5,-2,11,-15,-19,6,-2,-20,0
32DPR0108G,7,-29,-17,-3,8,-3,-6,3,5,-3,3,-1,-3,1,5,-2,4,12,-3,4,2
32DPR0435A,-5,-1,0,-1,-1,-2,-3,-9,-2,-7,-2,-6,6,2,2,0,2,-6,3,2,11
32DPR0324W,0,-2,1,-13,-2,0,0,1,1,3,-5,2,-1,0,-3,1,4,-1,0,-2,3
32EPR0027V,20,20,-30,27,35,11,47,-11,-15,28,-10,6,-15,-53,-2,-1,8,32,-44,-13,49
32DPR0675Z,-2,-8,-6,-1,-1,-4,4,-2,-2,-6,-3,-5,7,-4,4,-1,-2,0,2,3,-8
32DPR1632I,-8,-2,2,-5,0,9,0,-8,-1,0,2,-1,7,12,2,-3,6,-4,-7,3,4
32DPR0651Q,-9,-7,-2,-1,-2,-1,5,-5,1,-5,-2,-2,-12,1,-1,-8,7,-8,2,0,-9
32DPR0566T,2,6,1,-5,-6,14,1,-15,-11,15,1,10,-7,-9,-3,-10,-9,0,-3,-6,-3
32DPR0893N,-3,-9,-12,-4,-8,-3,-1,-7,7,-7,10,-2,-1,-8,-4,0,2,9,0,3,4
32DPR0300M,-5,2,0,-3,-4,-1,-1,-2,-2,-3,-3,-3,1,-3,-1,-6,10,3,4,-3,6
32DPR0215P,0,-11,-3,-7,-9,-6,-12,0,2,2,11,11,-18,-2,22,0,-2,8,8,-7,2
32DPR0457M,-1,-1,0,-3,3,-1,7,-5,-1,-4,-1,-3,6,-1,0,-1,7,3,-2,-5,1
32DPR1523B,-1,-1,3,-1,-3,-1,5,-9,7,-6,3,-3,-4,-3,4,4,0,-4,6,3,-16
32DPR1438E,-1,-2,3,-4,-1,-4,6,10,11,-8,5,-4,1,-3,5,-3,-3,-2,0,4,-4
32DPR0543I,3,2,14,-20,-12,7,-1,-6,-25,-7,12,-13,-46,16,34,8,13,10,29,0,-8
32DPR1413W,-1,-8,-4,-1,3,-4,0,5,1,-5,3,-2,3,-1,-2,2,-6,2,0,0,-2
32DPR1655T,1,2,-3,4,-8,0,2,-1,0,-4,0,0,-4,2,-1,5,-9,6,-3,-1,-3
32DPR0107H,5,-9,-2,-10,-3,-12,-3,-4,-5,4,-2,2,3,3,3,4,-6,11,3,3,1
32DPR2060R,4,-4,-2,-4,2,-2,-4,1,-5,4,-3,-1,3,-1,1,-5,-1,-3,0,-1,3
32DPR0458L,0,0,-15,4,1,-6,4,-8,1,-4,-6,-6,4,-1,-4,-4,-4,1,-3,2,-2
32DPR0785F,-39,-23,-11,-25,-21,-15,-11,-4,14,18,-2,11,0,8,-14,7,14,7,-22,9,-4
32DPR0870C,-5,5,-5,-5,1,-6,5,-8,2,0,7,2,16,-5,-13,14,-2,8,4,7,-5
32DPR1546M,-4,-2,-1,2,-2,1,-4,6,1,-7,0,-5,4,-5,0,-3,-2,-1,-1,2,4
32DPR1304P,-17,0,7,-19,-5,15,-1,5,4,-7,3,5,27,12,-30,5,23,-11,-4,6,13
32DPR1219S,-9,-6,5,-15,3,5,-3,-1,1,4,0,2,-6,-2,-1,-7,2,1,-2,5,2
32DPR0760X,-4,-4,1,4,-5,1,-3,2,-3,-1,-4,-2,-2,-3,-9,3,3,-3,5,3,12
32DPR0349E,-7,0,-2,-4,0,3,2,2,-4,3,6,6,-16,2,7,-3,-9,6,-1,6,-3
32DPR0434B,-16,-10,6,-3,-7,16,-3,-7,-3,-32,9,-13,-9,-4,-9,0,20,-1,3,2,1
32EPR0137A,-9,4,20,24,-28,11,-15,43,15,-11,15,14,-32,-22,-49,-17,-28,21,-34,11,1
32DPR1437F,-8,0,-7,-4,-3,0,-3,-1,1,-6,6,-4,9,-1,-10,-6,11,-1,-3,-4,0
32DPR1788J,-2,0,-13,23,-2,-1,0,16,-10,-18,-7,-15,24,-1,-3,0,-5,2,-2,7,-7
32DPR0650R,0,1,-4,-3,-4,3,-3,-4,4,0,-7,0,-3,-1,-3,-1,0,0,-5,3,3
32DPR0238Z,0,-4,-1,-4,-7,-3,-1,-6,2,-5,4,-2,-1,3,-2,2,-10,0,-2,1,2
32DPR0565U,-16,-5,4,-7,6,-4,0,1,7,4,4,4,4,-10,4,-1,-1,0,-6,-9,-3
32DPR0456N,-10,-2,-2,-4,1,-4,-1,0,-1,3,-2,0,12,1,3,0,0,-3,-15,-1,1
32DPR0892O,-2,3,4,-2,4,3,0,8,15,-6,-7,-7,-5,-5,9,-11,-11,0,-1,0,9
32DPR0129T,8,-19,-13,4,5,-7,-13,-27,7,-3,13,2,2,-5,-11,0,16,1,8,0,1
32DPR0214Q,8,-1,4,0,1,3,-9,0,5,0,-4,0,2,-3,-7,2,19,-8,0,-9,1
32DPR0784G,-9,-7,10,-3,1,-2,4,8,0,-6,-7,-7,18,-1,-3,-11,7,-2,7,-5,5
32DPR1654U,2,3,-1,-1,-2,-1,-4,22,1,-2,0,-2,2,-7,-4,4,-6,8,-4,5,4
32DPR0106I,-16,-9,1,-5,-2,4,0,2,-11,1,4,-3,-1,1,-2,18,-22,2,-1,4,-2
32EPR0134D,28,4,-24,-11,-10,17,32,3,-5,38,11,29,-69,-11,-24,-32,-66,25,-10,-11,-8
32DPR1412X,6,-10,-6,-3,7,-2,-5,-3,-8,4,-9,-3,-1,-8,4,2,7,12,4,2,-8
32DPR1327Z,-5,6,2,-5,-5,-1,-2,1,-11,0,2,-6,4,3,-2,-2,2,-2,0,-1,0
32DPR1630K,1,3,-10,5,-7,3,-3,0,1,-2,1,-1,10,2,-3,5,2,-4,-3,-4,0
32DPR1303Q,-16,-15,-8,-3,-2,-5,0,0,18,-2,8,8,4,3,0,-5,8,5,-1,1,11
32DPR0564V,0,4,1,-5,2,-10,1,-4,-6,1,2,2,1,3,0,2,-2,1,-4,-3,-5
32DPR1787K,9,0,-19,-1,14,4,10,-26,6,-1,3,-6,2,-10,-9,9,0,6,3,11,9
32DPR1109M,-12,-5,-1,0,2,0,1,-7,-4,0,-1,-4,4,14,2,8,-8,3,5,-5,0
32EPR0025X,12,-20,6,-5,16,4,16,-5,-9,0,-13,-5,-13,-1,-15,4,-24,6,-1,-19,1
32DPR0479Y,-11,-26,-5,1,-7,-2,4,4,15,-2,2,6,-10,-3,-17,10,-11,5,11,-1,12
32DPR0540L,-2,-21,-9,-2,-7,-4,-4,-5,-5,3,5,5,-10,-1,0,-1,-2,2,-3,-3,6
32EPR0158N,-9,-3,1,-4,6,-7,39,-8,22,18,11,16,-8,15,3,-21,3,18,-14,12,-7
32DPR0128U,1,-3,-4,-4,-2,-3,2,-5,5,-1,-4,-1,7,-4,-6,-2,2,-2,0,-3,3
32DPR1678D,-1,0,-2,-1,-4,0,2,-3,3,-1,2,0,0,2,0,3,-3,-4,6,0,-5
32DPR0213R,1,-8,-4,-7,-20,2,-10,0,-4,9,14,14,-19,5,5,9,-9,1,5,-21,9
32DPR0697L,-6,-5,-5,3,-2,-1,0,0,0,0,0,0,-2,1,1,2,1,-2,2,-4,0
32EPR0001N,-26,-11,-4,-16,13,29,-1,-10,25,36,22,31,-34,3,-10,-23,2,-28,7,-15,22
32DPR0432D,-7,2,7,2,0,-5,-1,-21,-9,-12,-8,-13,18,4,-13,12,8,-1,4,13,1
32DPR2086Z,2,12,-8,-18,-18,1,-1,-3,10,8,6,6,19,4,3,21,12,-19,2,1,24
32DPR0783H,-10,-5,-4,-7,4,6,-3,-3,-9,1,-7,-4,4,2,1,-1,0,2,3,-4,-2
32DPR1568Y,-3,0,9,2,-3,-13,-1,1,-4,2,-2,0,8,-3,-3,1,5,3,-2,-19,-5
32DPR0105J,-9,-7,-11,9,-8,-3,-31,0,1,-38,-22,-33,14,9,12,26,29,-12,4,22,9
32DPR1459R,5,-3,-4,2,-11,1,-6,1,2,0,4,1,-10,2,-1,-3,0,1,1,-2,2
32DPR1217U,-1,-5,-2,-4,-9,5,2,10,5,12,-1,8,-15,-1,-4,-11,-7,2,-1,-1,-3
32DPR1302R,-20,1,-12,-12,1,-7,8,-26,12,16,1,14,-8,7,-3,-16,-13,-7,25,-7,11
32DPR0438Y,-4,-6,8,3,-11,-2,-12,0,8,5,5,5,-18,-4,-7,-10,-5,2,17,1,-4
32DPR0874Z,18,8,-4,-3,-2,-23,-1,9,1,16,-3,9,-10,16,-18,-4,3,-9,-16,-7,-6
32DPR1504N,-9,-15,2,-2,1,-2,2,-5,12,-1,7,1,-2,-1,-11,10,3,4,5,-6,-8
32DPR0523V,-7,-2,-5,-3,-3,-5,0,0,10,-3,-1,1,1,-6,-2,-5,-5,1,2,5,-3
32DPR1419Q,-5,-7,5,-18,5,-12,5,-3,-7,-1,9,9,3,0,-6,-3,-3,-7,-1,7,-10
32EPR0115P,-16,0,17,-22,-27,-11,3,21,15,0,6,14,-2,49,-8,-16,-17,11,14,-18,1
32DPR0329R,-6,-1,-1,-7,-1,3,0,-2,0,-13,4,-4,2,-2,0,5,-3,1,-6,-3,0
32DPR0414O,-1,-10,0,-12,2,-6,7,2,-1,3,-8,1,2,-12,6,4,1,6,9,-4,-3
32DPR0765S,6,1,-1,1,-8,1,3,-4,7,-5,2,0,-3,0,-5,1,-4,-4,2,0,-4
32DPR1082W,-2,12,6,-8,-7,20,-12,-3,18,-21,1,1,12,2,1,21,11,59,20,-13,-3
32DPR0742H,-2,-2,0,0,-1,4,-19,0,-4,-1,3,3,-2,1,0,-4,2,-6,1,0,2
32DPR1963Z,56,-24,3,-9,2,-7,-9,1,-2,-17,-2,-5,9,1,-19,18,0,-2,1,6,-5
32EPR0007H,-7,-5,15,-5,1,10,-10,4,4,-5,13,-4,37,-7,14,-4,-16,-10,-9,-4,9
32DPR0500K,-9,-6,4,-1,0,-3,-7,-4,4,-3,1,-2,2,-2,-5,2,2,-3,-2,0,3
32DPR1612V,-4,-3,1,-1,-1,0,-7,4,-10,3,-2,-3,-1,-5,6,-4,1,2,-3,2,-9
32DPR0415N,4,-29,4,-13,-10,8,-4,-19,-3,-2,4,4,1,2,0,6,0,-12,4,-5,-2
32DPR0899H,27,-10,-11,-18,-10,-8,6,25,13,-21,0,-14,15,-7,-15,16,-22,30,-28,-6,-12
32DPR0984E,-19,-12,-5,-19,61,-11,2,9,12,24,23,23,-47,12,-2,-5,-15,11,-12,-2,13
32DPR1418R,-3,-10,-2,-8,7,21,0,-8,-7,4,-8,-2,-10,9,0,-1,3,6,-10,-11,12
32DPR0548D,-37,-7,-29,2,8,2,24,-10,10,-7,3,-4,0,1,80,-26,-32,-25,-31,-10,-30
32DPR1503O,3,-7,0,-1,-5,-8,1,2,-1,-3,1,-2,0,-1,2,7,-1,-7,-1,1,2
32DPR1191C,-28,-8,-15,-18,-30,8,-13,-2,-43,20,11,11,-11,-16,-17,-30,5,-20,-12,2,8
32DPR1309K,-2,-1,-4,-12,-12,-5,-8,10,0,-1,6,-1,-6,3,-21,2,6,4,-6,-4,1
32DPR0437Z,-13,-13,9,-3,4,-8,-5,1,-26,20,0,-11,12,-15,0,0,-7,10,-3,-8,32
32DPR1081X,18,8,-1,-6,-10,6,9,2,12,32,-5,14,9,7,-8,-18,-2,24,5,11,13
32DPR0873Z,-13,-18,-4,-35,3,-20,9,-6,6,-9,10,-5,9,-2,19,0,16,-17,8,-3,39
32DPR0679W,0,-3,-12,-3,2,-5,-11,-3,0,0,5,5,-3,-3,-4,-3,12,-13,11,-1,-7
32DPR2416Z,16,-8,-7,-11,0,-1,-4,-6,2,0,9,2,0,-1,-4,-5,20,9,6,2,14
32DPR0522W,1,-14,-15,-4,2,-3,-2,-1,7,1,-1,2,6,-6,-8,-4,3,-8,14,1,-4
32DPR0413P,18,-8,-11,-9,18,-15,0,-12,-31,9,5,5,17,17,15,-1,-5,7,7,8,-4
32EPR0116O,18,-17,-31,-15,-19,-32,6,-23,29,17,-21,12,-42,27,-42,-51,-31,3,-12,-24,8
32DPR0655M,-8,-6,-4,1,-3,-7,4,-7,-1,-4,1,-5,1,7,0,-1,5,9,0,-3,3
32DPR1526Z,-44,-34,-22,-2,23,14,19,-22,14,-5,0,-4,-7,-5,-31,-26,19,-15,-57,-36,-32
32DPR0305H,-3,-9,-6,-15,-14,2,-5,0,-2,-1,8,8,0,8,-7,-3,0,4,0,-1,-3
32DPR0656L,-1,-3,-1,-3,-7,-2,1,1,0,0,0,0,1,0,6,1,-3,-2,2,-1,-6
32DPR1962Z,-1,3,-6,-4,-19,16,12,5,-25,4,-22,-5,-1,21,-25,1,3,-4,-1,7,1
32EPR0117N,1,-25,-1,-4,0,8,-6,16,2,-11,30,-6,23,-22,-46,0,-7,-15,-3,7,34
32DPR0983F,-1,-9,4,-7,7,-1,2,2,-4,-1,-2,-2,-23,-3,-1,10,-6,4,8,2,-1
32DPR0898I,-15,-23,-14,5,-4,-18,2,-6,7,-5,-7,-5,15,2,1,50,9,-13,5,11,-8
32DPR1417S,-11,10,-11,-24,4,-5,9,-32,-34,1,13,13,-11,32,1,-4,-7,9,1,5,-26
32DPR0632B,-14,6,20,8,-31,13,4,4,-8,5,-1,-3,-37,16,-33,1,-9,-5,-19,-25,-4
32DPR0547E,-20,5,-26,2,3,8,-5,7,-10,36,-9,10,-63,-16,-37,-10,1,24,-9,1,-27
32EPR0008G,-33,32,15,-15,10,-15,35,4,10,11,1,13,-56,-30,-48,-45,8,-36,-36,11,-15
32DPR1190D,-10,-8,0,0,-5,1,-2,0,-2,1,-1,0,4,10,-10,3,-5,2,-1,-1,3
32DPR2081D,-4,-1,0,3,-1,1,0,2,-2,0,2,0,-1,3,2,0,-2,5,4,-5,3
32DPR0521X,-5,-4,5,-4,-4,-3,-2,1,-6,-4,-1,-3,-7,-5,0,-1,3,8,2,1,1
32DPR1986J,-5,4,4,-4,0,-2,0,4,1,0,-19,10,-8,1,-4,-2,0,1,5,2,2
32DPR1635F,-3,-4,4,-3,-2,2,-6,0,2,-1,2,0,4,-4,0,-5,-3,8,-6,6,-8
32DPR2417Z,1,5,9,-2,1,4,11,12,5,-3,-1,-1,-16,-5,-4,-12,-2,-10,-7,6,-8
32DPR0678X,-6,3,-2,5,-2,-3,-2,0,2,-1,3,0,-6,-6,-1,-4,-1,1,-5,1,2
32DPR0763U,-1,-6,-12,0,-2,-2,-3,-3,3,0,-5,-1,-3,3,1,5,8,5,-6,2,0
32EPR0028U,-25,5,-17,5,-8,-9,3,1,-15,20,-14,0,-41,6,-8,-3,-2,9,4,-6,14
32EPR0113R,-25,6,-3,2,6,1,13,-2,-2,-2,3,-3,-29,-4,-10,7,2,30,8,0,-9
32DPR0654N,-1,-3,1,0,1,0,3,-2,-3,2,-3,-1,-2,0,-2,3,-1,-1,0,-4,0
32DPR0412Q,7,7,7,-12,9,-1,-25,7,4,7,-10,-3,4,-3,-2,-9,-10,3,-6,-1,-8
32DPR0327T,-8,-8,-2,-12,-19,3,-9,-1,-4,13,10,9,-15,1,-5,-4,2,-2,6,2,4
32DPR0569Q,-5,5,1,-7,-6,-12,14,-6,0,-6,6,-6,-2,-1,-7,-3,-2,-5,-8,-2,1
32DPR0304I,0,-6,-2,-13,-2,12,1,8,8,2,-1,4,-9,-11,-10,1,-5,1,8,-2,-5
32DPR0897J,-3,-11,4,-6,-3,-7,7,7,-3,-2,3,-3,-5,-1,1,4,9,0,3,-1,4
32DPR0219L,4,-22,21,22,-3,-6,-26,-12,-15,-4,22,-16,22,-2,7,-2,-9,-13,-3,-1,3
32DPR0546F,-6,-3,-4,-5,4,-15,6,0,7,2,1,1,-3,-7,-2,-1,2,0,-5,3,-4
32DPR0631C,0,-7,7,13,17,2,-7,-5,13,28,-17,9,-18,5,-13,-10,13,-19,-8,-12,-13
32EPR0005J,-10,6,-21,21,6,-7,0,1,-9,2,-5,-1,10,-1,-26,-2,-10,5,5,14,-18
32DPR1658Q,9,39,-17,4,-11,55,26,19,-10,12,14,3,-24,30,12,-42,10,-18,-7,11,-10
32DPR1416T,-10,-3,-7,6,3,1,-1,6,9,-1,3,3,-16,13,17,-5,-19,3,12,-1,-21
32DPR1501Q,1,0,-1,-17,-3,2,-1,2,-9,11,18,17,-45,0,5,5,-9,-4,2,12,-1
32DPR0677Y,2,0,-5,-4,-1,-2,1,-3,0,3,-2,0,1,3,1,-4,-1,-1,2,4,-1
32DPR1549J,-4,10,-5,14,-88,-7,-28,5,-6,2,-24,-2,45,-13,-10,9,-19,17,6,10,-15
32DPR0762V,2,-5,-5,12,-4,-1,1,3,6,-9,-2,-7,20,-1,-3,10,7,13,-7,9,-11
32DPR1985K,10,-10,-9,11,0,7,14,-5,-1,-21,-5,-11,-4,1,1,4,10,18,-5,10,-8
32DPR0520Y,-10,-2,4,-1,-8,-1,0,1,-2,-4,7,-4,3,2,1,-3,3,4,2,-7,-9
32DPR1307M,-16,-8,-9,-12,7,2,-1,0,1,6,18,18,-17,-6,4,-3,-2,-10,0,-17,-8
32DPR2309R,36,-8,-26,13,-4,-25,28,-8,11,0,13,-1,9,0,-5,11,19,25,-15,-4,5
32DPR0568R,1,-3,-3,1,-3,3,0,-2,-6,-2,1,-3,-1,4,4,2,0,4,3,-8,-4
32DPR0653O,-4,-7,22,-20,-7,-21,26,-16,13,-8,-15,-15,21,12,-22,31,7,-41,25,30,29
32DPR1961A,-4,-11,0,0,6,-5,-2,4,-7,-2,0,-3,5,-9,-1,0,-5,2,9,-4,1
32DPR0411R,24,-3,-7,-9,1,1,-2,-6,10,-6,1,-1,0,1,-6,-6,0,-5,1,3,8
32DPR1876D,1,2,3,-3,2,-7,3,-2,5,-7,9,-3,-7,-12,-1,2,-7,11,-6,0,-1
32DPR0895L,-34,12,36,-28,-46,-82,13,7,30,-8,2,2,-28,-20,15,-33,-27,-8,13,-24,1
32EPR0114Q,-19,-10,-4,-3,2,-9,20,-6,28,14,18,18,-18,2,-31,6,-10,18,-5,-6,-2
32EPR0029T,-7,-68,-12,-15,-46,17,-17,-27,-8,11,-1,7,48,28,-53,-22,-28,-17,-13,-10,6
32DPR0980I,11,-18,22,-12,-2,-7,-2,-11,-13,3,-12,-5,-3,-1,-3,0,8,6,1,3,4
32EPR0006I,-2,0,3,-4,-14,-1,1,-12,10,16,5,13,-8,16,5,-14,5,-3,-3,-16,-2
32DPR0981H,-6,-5,2,-9,-6,-11,13,-15,8,2,-8,-1,24,0,-2,-1,0,8,-4,-13,0
32DPR0896K,1,-18,-13,-8,-8,-4,-11,4,3,-6,13,-2,3,15,-17,0,-11,4,-4,6,-4
32DPR0303J,4,3,7,-5,-10,10,6,4,4,-1,11,1,8,8,-11,5,8,2,4,-3,2
32DPR0545G,-4,-13,9,-8,0,0,0,3,-1,-2,8,-2,3,-2,3,3,-5,6,-4,6,-5
32DPR0787D,2,13,2,-3,-7,-7,0,6,-3,-8,2,-1,-13,-6,-6,-5,-2,2,-1,-2,4
32DPR1500R,33,-7,1,0,-10,-9,-9,-3,2,17,9,14,-21,7,-2,-5,-25,7,7,-6,-13
32DPR1984L,2,-12,-27,-29,-39,-2,-16,17,5,-16,35,-6,5,55,12,-4,13,-9,35,10,8
32DPR1415U,-14,-2,-6,-14,-5,-17,6,-4,-1,-2,12,-6,-11,17,15,-3,-7,9,12,-6,0
32DPR1657R,-12,-10,-16,8,-27,13,15,-5,-3,22,12,18,-30,20,-4,-8,4,0,9,-2,-8
32DPR0109F,-4,4,1,-5,-6,-8,4,-1,-1,11,0,5,1,1,-2,-7,3,-4,-1,2,0
32DPR1847I,7,-6,3,11,0,-2,-4,-2,5,-1,-4,0,6,-2,-3,-2,-1,0,-2,2,-1
32DPR1932F,12,17,8,9,-3,5,0,23,28,10,3,18,-25,-7,-32,32,-2,26,-1,17,-8
32DPR0624T,8,-2,-25,-7,-4,-4,-4,7,16,23,-13,10,-37,19,-1,-59,-13,17,15,5,16
32DPR0539W,-9,-21,1,4,-14,8,-1,3,-4,-1,-2,-2,2,6,-5,15,-4,-2,4,-6,-15
32DPR1183U,-8,-15,1,-6,-4,-3,3,-5,8,0,7,2,-7,-1,1,-3,-3,1,14,-1,-8
32DPR1098X,5,-1,-3,-5,3,-6,1,-1,1,1,3,3,-10,4,4,3,-5,-2,4,5,-2
32DPR0866Q,-1,-16,-6,-26,-16,27,-12,63,30,41,-30,23,-63,-5,-32,-13,-3,24,3,-12,23
32DPR2164M,10,2,-7,-21,-11,-1,-5,-1,1,4,2,3,22,0,-5,1,-2,-18,-15,-1,-10
32DPR2031W,18,9,2,5,23,9,8,37,13,6,13,19,-2,1,3,-25,-5,1,-17,5,-5
32DPR1074N,-19,-9,9,-1,-11,17,-16,7,-5,-24,15,-3,-5,-6,-10,2,6,23,26,-12,19
32DPR0843F,-4,-13,-1,0,2,1,7,9,-2,10,-5,5,-11,-4,-6,-3,-5,-3,5,-8,5
32DPR0758I,8,7,9,13,-29,12,4,-5,-3,-1,9,-6,26,-19,-18,29,3,7,-17,-1,-7
32DPR0516L,-1,-14,-6,-16,-4,-21,0,-1,5,-6,2,-1,-2,-16,1,-1,-3,-1,7,-6,1
32DPR0407E,-3,11,-95,25,-29,15,-1,-1,5,1,-18,10,-13,-49,-1,6,17,11,-4,150,-1
32DPR1050D,-1,-20,-9,-6,-24,-5,-17,-3,-14,-4,-1,-1,-4,-8,-54,60,-13,5,1,12,-4
32DPR0649B,-6,0,1,1,4,0,-1,0,1,-1,4,-1,-2,1,-12,11,-14,12,1,5,0
32EPR0108F,-3,-15,4,-7,11,5,-11,5,6,-2,2,2,13,31,15,-2,-12,-19,-7,-3,-3
32DPR2250I,1,4,3,-1,1,-10,3,-6,-3,-1,2,-5,7,0,-4,-1,-8,0,-6,-3,10
32DPR1604M,-4,2,-2,-4,-2,-7,-2,-4,3,-5,-15,-15,21,3,0,-1,2,3,12,-3,-2
32DPR0865R,5,-5,4,0,0,1,-3,0,-4,5,-1,2,0,-1,2,-3,2,-1,2,0,-5
32DPR0623U,-6,-13,-25,-22,-2,13,-6,-15,13,4,-17,3,15,11,-39,4,11,15,-5,-1,20
32DPR1097Y,12,-8,-9,-2,7,-2,12,2,-1,-5,-1,-4,10,-3,-4,-5,-7,2,2,3,-5
32DPR1182V,37,-21,-5,-31,14,-9,-9,28,25,5,28,15,-10,19,-11,34,12,13,-22,-44,0
32DPR1073O,-12,6,-11,-6,0,-12,0,1,-1,1,-4,1,-7,8,5,-9,-3,10,3,4,-5
32DPR0757J,-36,-10,5,9,-34,-22,14,3,12,11,2,11,-11,37,-62,-29,-38,-42,-6,-10,0
32DPR1954R,-19,-5,-7,8,-7,8,-30,13,-13,8,-10,-5,10,0,-3,-1,5,-6,2,-4,0
32DPR0999G,6,-2,7,8,1,2,8,-20,20,-13,-7,-7,13,21,-5,-4,9,16,-11,3,10
32DPR2142A,0,5,10,-15,-2,5,-12,1,-11,-12,-3,-12,7,-2,-3,3,-10,-7,4,-7,-9
32DPR1712U,4,-6,2,-1,1,3,-3,-7,-4,0,-1,-3,13,2,-8,-2,-3,-4,-1,-4,3
32DPR0406F,-5,-6,4,7,-3,9,-6,18,-13,12,4,-1,17,-1,19,4,-8,3,-9,0,-6
32DPR0648C,4,-9,7,-2,-2,-6,2,-2,-2,-4,1,-4,-2,2,-1,-9,6,1,3,2,-6
32DPR0973Z,-16,-3,-7,1,5,0,4,1,1,-5,3,2,-13,-8,-4,-6,-6,17,0,-1,3
32DPR1930H,0,-11,-14,-7,-17,1,2,-4,-4,14,-9,2,-52,-1,-3,5,-6,-4,-8,2,-4
32DPR2251H,-9,-23,20,-5,31,12,28,20,8,28,4,23,-33,20,18,4,18,-12,-10,12,8
32DPR0622V,-3,0,2,0,-15,-1,-1,0,3,-4,2,-1,-5,2,1,3,1,-1,-8,8,10
32DPR1603N,-10,-11,1,2,-2,0,0,1,-3,-10,-6,-9,11,-5,-4,6,-4,7,1,-1,-3
32EPR0129S,-11,20,25,2,3,-7,8,-7,13,35,-12,13,19,-25,-5,-30,-25,-20,-14,-8,-7
32DPR0428R,-105,13,-28,-42,-59,-19,21,-45,-22,11,4,4,-43,-1,30,-23,13,7,-7,2,1
32DPR0864S,-1,-1,-2,-6,-4,-4,-1,-3,0,6,-2,3,-5,-1,-1,-3,1,3,-2,-2,-1
32DPR0779V,2,-4,-3,-12,2,-2,-8,-6,1,2,6,6,-10,5,-8,-1,-6,7,2,-4,6
32DPR0513O,2,6,-11,0,-1,3,-6,3,-1,-6,-5,-5,9,0,0,-3,2,0,2,-3,0
32DPR1409J,-4,3,-1,-2,0,3,-1,-5,-2,1,6,6,-10,2,7,3,-1,0,5,0,-8
32DPR1736D,-4,-3,-1,-1,1,3,0,-3,-1,-1,2,-1,6,5,-2,-4,-3,-2,0,-1,3
32DPR0841H,9,-13,5,-13,-2,-5,-24,-3,-4,7,-4,1,-16,6,-3,2,-5,0,-1,1,-3
32DPR0756K,-2,-1,1,0,-1,-12,2,-5,-1,4,-1,2,2,-3,0,-2,5,3,-5,-4,-1
32EPR0106H,-13,6,1,-22,1,9,-2,-8,7,0,7,2,-1,1,12,-9,3,4,-10,-3,1
32DPR0514N,-5,-11,-6,0,4,-2,-3,-2,-7,-2,-2,-2,-4,-2,9,-3,6,-6,15,11,-12
32DPR0429Q,-13,-26,-7,-11,-23,78,50,24,28,-1,33,32,-55,4,-28,-7,-6,-4,-20,-31,11
32DPR1072P,-4,-6,3,0,-6,-3,-1,9,4,-2,2,-1,2,-6,-10,2,1,9,-1,2,0
32DPR0998H,-9,2,2,-17,-14,-8,-3,4,-21,6,-4,-7,12,-11,-9,-3,-5,-1,-9,-4,4
32DPR0647D,6,-12,2,4,-7,-10,-2,12,-13,-12,-13,-13,11,-21,-3,3,2,11,-7,-8,0
32DPR0732A,-19,22,3,17,7,18,14,19,44,26,0,23,18,-24,-19,-37,-11,23,-24,50,2
32DPR0889A,3,-4,2,-2,2,-2,-1,2,-1,0,-1,0,1,-1,-2,0,2,1,2,3,-6
32DPR0092W,-7,-8,23,-1,0,0,2,-4,-11,0,-3,-5,-6,-9,-21,4,21,20,0,2,9
32DPR1408K,1,-19,-4,-32,-24,-14,-15,-11,-12,13,21,20,-46,6,-15,-4,2,15,5,6,3
32DPR1095Z,-36,-1,-24,-9,-30,-21,26,-18,-2,20,12,17,-42,8,-25,-9,-1,-9,-4,-29,-22
32DPR1180X,-3,-9,2,9,-1,3,4,9,-4,-6,-5,-6,7,1,3,2,1,-2,6,7,-3
32DPR2252G,28,-12,-15,-10,1,-8,-1,8,13,12,17,13,-20,16,0,23,15,17,-13,0,21
32DPR0863T,-27,-38,8,-37,-25,12,15,7,-2,39,7,18,-38,-17,10,-25,3,-40,2,-11,-4
32DPR1844L,-6,0,21,-6,-9,-7,12,-18,-14,4,-2,-9,14,3,-13,7,45,-5,19,15,9
32DPR0778W,-4,1,-2,-1,-3,-3,2,-6,-8,-7,8,-7,0,-4,-4,9,-4,-5,1,1,2
32DPR0427S,-4,-1,-1,-5,-3,-7,7,-10,3,-2,1,-1,-4,14,-12,0,3,-2,-7,-11,-1
32DPR1071Q,15,-2,-7,12,-12,-1,-28,23,2,-1,-1,-1,8,4,-8,3,4,7,11,1,8
32DPR0754M,-6,-3,-9,-9,0,-5,0,2,-2,-6,-11,-11,14,-6,-3,-2,1,0,-1,-1,-4
32DPR0512P,-21,-9,2,0,3,8,16,-13,-5,20,4,14,-28,-20,-6,13,-3,-7,-3,4,-9
32DPR1710W,19,4,14,8,20,2,-2,15,30,24,4,20,-27,13,-21,-16,-3,-10,30,-4,2
32DPR0404H,-4,-1,-5,-2,-5,3,0,-2,12,7,-8,2,5,3,-2,-3,2,-2,-2,0,-8
32DPR0319K,-6,-9,-3,-4,-1,6,0,-17,17,-10,0,3,-4,1,-5,-5,1,9,1,10,3
32DPR0091X,0,3,-3,4,-3,5,-2,4,8,3,1,4,10,11,-7,-10,9,7,-1,-9,-1
32DPR0840I,2,0,3,-3,-1,-3,-3,-11,-3,-1,2,-7,9,1,4,-3,1,3,-2,-4,-1
32DPR2385X,0,-4,0,-15,-2,16,1,-1,-8,6,-3,3,-6,5,-4,-5,-3,11,-12,-2,0
32DPR0997I,-2,-5,8,-10,-8,-6,1,6,-5,3,-6,-4,-13,-9,-14,10,2,12,-7,2,4
32DPR1516S,-54,42,-27,15,-45,2,-10,-20,20,-8,20,1,-15,4,-29,-15,3,13,-4,-18,-5
32DPR0646E,1,-2,5,-4,2,-6,-1,4,-3,2,-5,0,-3,1,1,-2,-2,-9,3,3,-3
32DPR0731B,7,-5,-14,-5,1,-1,3,1,14,0,7,7,-7,3,-12,10,-8,1,7,-5,4
32EPR0107G,-5,3,-3,-2,3,0,7,2,3,1,0,2,-1,6,-10,0,6,4,5,-8,-6
32DPR0888B,-29,-34,-10,-9,-8,-1,-10,-47,13,-16,1,-11,23,11,11,14,16,-4,2,-23,2
32DPR1803L,-14,-8,3,-15,3,-1,10,-3,-4,10,8,8,-26,4,5,-5,6,-9,36,-23,21
32DPR1718O,8,0,3,-12,-10,-4,4,-11,-19,-7,11,-15,28,-8,2,13,0,-6,11,-6,-5
32DPR0183N,10,-37,40,-10,-24,29,-30,37,15,10,12,10,16,-46,14,21,-28,5,-25,19,-12
32DPR0931Z,-9,3,8,-10,-10,6,5,-8,-7,3,5,4,2,-2,-2,7,10,6,-3,-3,-10
32DPR0822T,-1,0,-9,-3,2,3,0,-1,1,0,-2,2,8,-1,-1,-1,1,0,3,-2,-5
32DPR0074G,6,4,-7,-4,2,2,-1,-3,2,2,-1,-1,-5,10,-1,3,9,-4,2,1,-3
32DPR1296X,-8,7,-3,4,0,-5,-8,-13,9,6,-2,7,-13,16,-24,2,2,8,11,-14,7
32DPR1381U,0,-7,1,-10,-4,4,-4,-1,3,-4,3,-1,-5,4,-1,2,0,2,-3,1,-3
32DPR0979T,-6,-47,7,-3,3,15,-10,2,12,-13,-4,10,-7,22,3,14,18,24,10,-23,6
32DPR1054Z,-1,-2,-5,2,-3,-1,2,-1,-6,6,-3,-1,3,-1,0,-1,-2,1,-2,3,3
32DPR1187Q,3,2,2,3,-1,-1,-10,9,-3,2,-1,-1,2,3,-4,-1,-5,-1,0,-9,-4
32DPR0714L,3,-13,9,-11,-7,2,1,-2,-7,8,-2,4,-9,4,1,0,3,6,-4,-2,1
32DPR1030Q,-2,-26,4,-5,8,6,-12,7,-5,-17,8,1,-14,4,3,0,-1,18,1,-14,0
32DPR2075T,-10,-4,20,13,4,7,1,-1,-1,-3,7,-2,0,-1,13,4,-13,1,-1,10,8
32DPR0292U,-14,-23,-16,-20,-17,-2,6,-14,10,-1,15,4,-10,-8,1,7,2,-6,-5,-12,4
32DPR1490A,-1,0,-3,1,-7,-2,1,1,1,-4,1,-2,7,3,-6,1,0,-3,-3,1,4
32DPR1163G,-5,-8,-13,-2,-28,1,-1,-7,8,-4,5,-1,-6,6,6,-14,0,4,5,-3,9
32DPR1078J,-6,2,-4,6,1,-7,0,2,-1,-6,-1,0,-6,-2,-2,8,5,6,-4,-4,2
32DPR2184Z,-3,-23,-2,-12,2,-4,1,1,7,-19,10,-3,-7,-7,4,3,2,-7,8,-5,-30
32DPR1717P,5,-16,-16,-18,18,-10,-29,6,1,-21,3,-10,24,-4,-18,5,8,1,5,-6,-28
32DPR0097R,-1,-7,4,-3,-6,-3,-4,0,-3,1,2,2,-5,3,2,-2,1,-5,3,-1,-5
32DPR0182O,-7,8,-7,-7,2,2,3,-7,-6,-4,3,-4,-5,-4,4,2,1,5,6,-2,3
32DPR0978U,-11,-9,-24,11,-29,26,22,5,17,11,-5,14,15,-26,-15,17,-8,2,-1,20,3
32DPR0736X,-9,-2,-6,-17,0,-2,-3,-8,-4,-8,-8,-8,9,1,3,-2,-2,3,0,12,-8
32DPR0821U,14,-24,55,23,-28,16,18,-49,19,13,17,14,-3,15,-35,-9,5,19,-12,6,32
32DPR1380V,-2,-1,1,-2,1,3,-1,3,-4,-1,-3,-2,23,0,-7,-4,-5,-1,1,-2,-4
32DPR0713M,-9,-11,7,-10,-2,-8,-7,1,17,-3,1,7,-1,-6,-17,1,3,-5,-9,5,7
32DPR2270W,6,-11,4,1,-5,4,-2,-1,0,0,5,-4,5,-1,-6,4,3,2,-2,-8,4
32DPR0955J,3,2,2,2,-1,0,0,-4,-2,2,1,-2,2,2,-3,-1,-3,-1,3,-2,2
32DPR1186R,-16,-12,-16,-17,8,-5,7,-12,12,0,-8,1,8,-11,-10,9,5,10,12,3,-2
32DPR1162H,-7,0,-25,-26,-22,-12,6,-13,-5,11,5,9,-13,5,6,-8,17,15,12,4,-5
32DPR0846C,-2,-2,12,3,1,-5,-12,12,0,-7,7,-4,-8,-1,0,-2,1,3,-2,2,-12
32DPR2053H,0,-1,-2,1,-3,-2,-3,-9,3,5,-2,4,-5,0,1,1,0,-7,-1,3,1
32DPR0735Y,-2,3,1,-2,-14,-1,-3,0,3,-3,-2,-2,4,3,-3,0,12,-5,-1,1,-2
32DPR0409C,-3,-10,-38,-15,-24,-5,3,-4,-4,-13,0,-8,10,-5,-6,4,0,-7,12,-3,-7
32DPR1053A,-1,1,1,-6,-3,-10,-4,5,5,0,0,0,4,0,-13,-4,2,-4,2,0,-3
32DPR0181P,2,4,-9,-11,-5,5,-8,-6,2,-8,0,-4,4,-7,-6,-1,2,-1,3,3,1
32DPR0711O,-5,8,3,-3,1,-1,5,-4,-1,-3,6,-3,0,5,0,-3,-18,6,2,-3,-6
32DPR0072I,-3,-2,2,-4,-2,-1,1,0,1,4,-8,1,3,-5,-2,-3,5,-4,3,4,-1
32DPR0626R,-21,-23,-9,-10,-13,-4,-5,-4,0,0,4,4,5,-2,-3,3,0,5,13,7,-2
32DPR1294Z,8,-10,-3,-16,-19,-15,-2,0,-11,-2,10,9,-25,-7,-3,5,7,4,15,-13,0
32DPR0712N,6,7,10,-14,18,10,11,26,37,58,-25,24,21,2,-1,3,-13,3,21,25,35
32DPR2186Y,-2,-2,-7,1,-3,3,0,4,23,-20,3,3,-19,16,-28,-2,-18,-1,1,4,7
32DPR0627Q,-9,-13,2,-16,-14,-1,-5,-16,-6,-3,8,8,-31,-6,-5,0,5,14,9,5,2
32DPR1270P,-13,-8,9,-5,-3,-3,0,-4,-9,-1,-1,-1,-1,2,6,-3,5,0,-2,0,0
32DPR1185S,-1,2,-4,-2,-1,-1,1,4,-5,3,-2,1,6,6,-3,-3,1,-1,2,0,3
32DPR0845D,1,-39,-5,-3,-12,12,1,12,19,4,25,11,61,-4,4,19,21,12,14,12,28
32DPR0930A,9,-6,0,40,-7,-11,14,1,-4,25,-14,8,-27,-12,-17,-6,4,12,28,-3,-10
32DPR1715R,-5,3,22,5,6,-3,2,-4,12,-11,14,1,-12,-18,-34,-7,-7,-1,12,2,-8
32DPR0518J,11,0,-28,-12,-3,-4,-31,7,8,-3,-1,-1,1,-10,-1,-7,-1,1,4,7,7
32DPR0290W,-5,-9,-1,-6,5,7,-10,3,-2,5,-8,3,-1,4,-4,-4,3,1,0,1,0
32DPR1161I,-4,-6,-3,-10,-8,6,-7,2,-11,3,9,9,-10,-5,-3,1,-1,-7,4,4,-5
32DPR1076L,-1,-2,-3,9,-2,2,-4,-3,-1,-2,3,-1,-5,-2,3,0,4,0,2,-2,5
32DPR1606K,2,1,1,-3,-7,8,-3,-4,-2,-2,1,-3,-3,-2,1,-1,-4,2,0,0,3
32DPR2054G,-10,-6,4,-9,24,-29,0,26,1,-7,-2,-6,19,5,7,-20,16,-3,-9,12,-3
32DPR0734Z,4,8,14,-24,-8,-1,-6,1,5,0,3,2,4,-4,20,-1,-26,-29,1,-21,-23
32DPR2381A,-13,-3,-7,-11,-11,-5,16,28,9,-5,17,2,-17,-4,-26,0,-13,10,13,-11,13
32DPR1052B,-7,-9,0,-5,-2,-3,-3,-6,-4,3,-2,1,3,4,-1,0,3,-6,-4,6,-3
32DPR1099W,-5,-5,-10,-10,-4,-4,6,5,4,6,5,4,-5,0,3,-7,1,2,-10,6,-14
32DPR1184T,0,1,-4,-4,-14,1,-10,6,7,-5,5,1,1,2,-5,-2,1,4,6,4,7
32DPR1848H,-16,22,9,-13,2,-13,7,-3,9,15,7,12,23,-9,-54,-3,-11,-16,-18,-27,3
32DPR0710P,-6,13,-4,2,-11,8,-10,-2,1,4,-5,1,-7,3,-6,-9,-2,-10,3,2,-3
32DPR1160J,8,-13,17,-13,-1,-1,11,-4,-19,-3,12,-9,2,-11,8,-7,0,-3,-3,3,-1
32DPR1075M,-17,-4,-2,-31,-7,7,-13,-2,-10,8,-3,4,-11,8,26,2,5,15,-1,10,-5
32DPR0868O,13,37,-1,-11,-6,13,4,-2,-22,-27,-10,-25,30,13,-18,-10,-23,13,-4,-8,-4
32DPR0602H,0,-3,-4,0,2,-2,0,-3,3,1,0,2,-3,4,4,2,-4,1,1,-3,0
32DPR1714S,0,-2,1,-2,-1,0,1,1,0,-2,-2,-2,4,-1,0,2,-1,0,-1,1,-3
32DPR0759H,-6,0,16,7,-7,-4,6,0,-2,-5,2,-2,0,-3,3,-7,-5,-1,7,1,7
32DPR0180Q,-19,-8,3,-24,18,4,-16,4,-8,8,-3,4,-15,11,-5,-1,-17,-5,-6,-1,1
32DPR0844E,0,-2,4,-4,-4,-1,-2,-12,-3,-1,1,1,5,-3,1,1,0,-1,-2,-1,-1
32DPR0381N,-6,-3,6,1,-10,-2,3,4,-1,11,-2,4,9,3,-1,2,1,-9,0,-11,-2
32DPR0296Q,-3,-2,-12,6,-7,9,-7,0,2,7,0,4,1,4,-8,-10,6,-6,3,-1,2
32DPR1168B,8,-4,-24,29,13,-30,14,-12,25,-21,-4,7,-14,16,-11,4,10,22,-23,-14,10
32EPR0082O,-7,6,17,2,34,7,25,-1,54,11,36,19,23,24,7,0,20,-12,10,6,9
32DPR0609A,-1,-8,0,4,-9,2,-5,2,-1,-3,0,-2,4,7,-3,4,-3,-2,-1,3,12
32DPR1494X,-8,8,11,1,-9,-4,-2,0,-2,-1,2,-5,-8,0,0,-4,7,14,11,2,-1
32DPR0187J,-13,-13,3,-4,-4,-5,-3,-7,-2,1,1,1,-3,-2,1,6,-6,-4,8,0,-4
32DPR0935W,-1,7,8,-7,6,0,-7,0,-3,-4,-1,-4,9,-5,-1,2,1,-1,-3,4,-2
32DPR2233S,-34,-3,20,8,3,-1,-28,-4,3,21,29,29,-9,-5,2,1,1,-8,-2,-2,3
32DPR0030J,1,-7,-3,0,-5,2,-2,-1,-2,1,0,0,0,-3,2,-2,-1,2,1,-1,-1
32DPR1470N,-2,-7,-7,1,1,2,2,-3,-6,3,-4,-2,-4,1,3,-3,4,-1,4,-4,1
32DPR1385Q,-16,9,4,-4,-3,-9,-2,-4,2,1,12,4,10,7,9,42,8,11,2,8,14
32DPR0912L,-22,-17,7,-22,-6,-10,3,-4,-2,17,-2,7,-12,4,18,0,-2,-12,-7,-2,-7
32DPR0827O,-8,-4,6,-1,-6,10,0,-2,6,7,-6,3,-17,-11,-4,22,14,-8,-3,-11,-4
32DPR1143T,-7,-13,-5,-14,-12,-15,-1,1,2,7,12,12,-12,11,9,-3,1,2,-2,-5,-7
32DPR2452E,25,23,32,1,-2,13,17,49,21,28,2,20,15,8,19,15,9,-6,-18,22,10
32DPR1939Z,5,-7,-7,-8,-40,-25,25,-12,2,28,-5,15,-34,23,4,-25,-16,14,9,-1,19
32DPR1276J,4,-6,-9,1,2,1,-1,-2,4,-4,6,-3,18,-3,-4,-7,10,1,0,1,1
32DPR1361G,8,2,10,-5,-5,7,4,19,7,17,-13,9,-40,7,5,-4,-4,7,23,-13,-15
32DPR0718H,-2,-6,1,-2,-5,11,0,0,0,6,13,13,-33,6,-3,7,-4,4,-3,-4,2
32DPR0803E,0,-7,-5,-6,-1,-6,1,0,1,2,-2,1,-1,-3,3,0,-1,3,3,-4,0
32DPR1034M,0,11,-15,-14,-9,-7,0,-13,5,-8,10,-2,-4,1,9,-5,2,-1,0,3,0
32DPR0163Z,-4,8,3,0,2,0,1,-1,1,1,-2,1,-10,-5,-2,-2,-4,-1,2,2,1
32EPR0083N,-16,24,-2,18,20,35,20,4,35,16,18,24,-18,-38,-14,6,2,-23,-31,29,-20
32DPR1915P,0,22,-2,-2,0,10,2,5,13,6,13,8,12,-3,20,17,6,6,2,2,-7
32DPR1167C,2,-4,4,-3,-6,12,-5,-6,5,4,-6,2,-11,1,-14,-2,2,-3,0,-5,-2
32DPR0380O,-7,-19,5,0,-18,-2,-8,-2,-3,-5,6,-4,0,-3,-3,4,-9,-9,-2,2,5
32DPR0295R,5,0,1,-11,5,-7,-2,-4,-5,0,1,1,0,1,1,-6,-5,-3,1,-2,-1
32DPR1057X,7,-32,5,-11,-29,-1,13,1,15,5,0,0,-21,-3,-1,-4,0,-2,35,1,6
32DPR1142U,-3,-9,-6,-20,-7,3,-9,3,-1,5,1,3,-7,-3,-14,4,-5,-3,3,-6,3
32DPR0934X,-7,-11,1,-2,-1,0,-3,0,-4,7,0,4,-7,0,-6,-3,1,1,-1,-1,-1
32DPR0849Z,2,-36,-54,-52,-20,-11,46,21,1,25,-4,27,-109,-2,-27,-60,-20,15,-47,-9,-10
32DPR0271H,-1,3,9,-15,1,3,-2,0,-4,1,-3,1,1,-5,4,1,2,-6,-4,1,1
32DPR0186K,-21,-15,12,5,17,3,34,-1,-29,-21,36,-2,9,-15,-21,-17,-14,3,1,-3,-16
32DPR1493Y,-3,4,-7,18,-13,15,1,-3,31,32,9,31,-51,0,-26,-20,3,-1,-1,-2,-12
32DPR1033N,-6,-9,-12,-10,-7,-4,-3,3,-1,-5,1,-3,3,-7,0,6,3,-1,1,4,1
32DPR0078C,-2,-4,-6,18,6,-3,-13,4,5,-6,-3,-1,-8,19,7,-3,14,-8,-4,-30,-13
32DPR0911M,1,-7,-8,7,8,-4,-31,-8,3,10,8,8,-2,-21,-5,5,-12,-2,0,-7,-9
32DPR1384R,7,3,-2,0,-5,1,-1,-8,-10,0,-2,-5,1,11,-1,3,-4,2,-1,1,0
32DPR1299U,-13,1,-12,-1,-10,2,-3,-8,-5,-10,14,-13,10,3,-13,15,-1,-4,3,-4,-1
32DPR0053U,3,-4,4,-4,2,6,-8,-1,1,1,1,1,0,3,-10,3,-2,-1,1,3,1
32DPR1275K,1,-1,-4,-7,1,2,4,-4,-1,2,-8,2,-1,2,-1,-1,9,-1,-1,-2,1
32DPR0959F,-7,-8,-1,-2,-10,4,-5,1,-8,-3,-1,-5,4,2,-1,2,-2,2,-2,0,2
32DPR1251A,-12,-9,1,-2,-9,1,0,9,-10,0,11,-4,4,0,1,1,2,-7,-6,2,1
32DPR0294S,0,3,-1,-6,-6,-7,3,3,-6,-2,3,-3,4,-4,5,0,0,0,-3,-1,-3
32DPR1166D,-8,-2,1,-3,5,-7,-2,1,3,-4,3,-1,-1,-7,-13,2,-3,-2,1,2,-2
32DPR0933Y,-4,-7,-8,8,-14,-3,-7,-3,3,0,6,2,3,3,-3,0,1,-5,4,-1,6
32DPR1056Y,-4,-12,-7,1,1,1,-1,-1,-5,2,-1,0,-13,-1,0,1,-1,-1,-1,1,-1
32DPR1141V,-5,0,0,1,0,4,-7,-2,8,-2,-1,2,-22,4,0,1,-1,-2,-6,4,-7
32DPR0824R,0,-3,-1,-4,0,-3,-4,2,-1,1,2,2,-6,2,-1,3,-2,0,-2,2,-3
32DPR1492Z,-10,-10,16,-8,0,0,-2,-5,-1,-3,-5,-5,0,-2,-1,3,13,0,5,0,9
32DPR0185L,-35,-14,25,19,-3,-6,-4,8,5,-20,28,-4,12,12,-25,-11,6,-11,-11,10,-11
32DPR2320N,-4,-5,2,-8,3,-2,-2,-1,2,0,-4,-1,10,0,0,4,-3,-8,2,6,-4
32DPR0910N,-1,-5,2,-2,5,-3,-6,-2,-5,3,-6,-3,10,0,-3,-5,3,-3,-2,-4,2
32DPR1032O,-38,8,-25,1,0,9,7,-7,2,-4,0,-3,1,-5,21,10,10,-4,-8,0,-8
32DPR1383S,0,-9,0,-3,2,-18,-4,-1,-4,-1,0,0,7,-6,-2,-2,-3,-1,0,-3,2
32DPR1298V,0,-5,-2,3,-10,-1,-7,-3,0,-2,4,0,9,1,-12,-5,2,-2,-4,-3,6
32DPR0077D,3,20,9,41,26,15,-7,22,11,51,9,14,29,-9,28,-7,2,-9,2,-1,-7
32DPR0162A,-12,7,0,-3,-14,-4,-1,-1,2,-6,10,-4,22,-4,-8,0,-7,8,-1,19,6
32EPR0080Q,-7,12,22,-28,-42,7,-15,-21,-11,-37,0,-25,-17,10,-61,-11,-9,3,9,-7,4
32DPR0958G,-2,0,0,2,7,-7,0,3,3,-4,0,2,19,1,6,2,29,7,-20,-4,23
32DPR0801G,18,18,66,-1,-16,17,1,-21,-15,-6,-4,-15,-4,2,-19,8,-44,-26,19,-11,-24
32DPR1274L,-16,-25,-20,-13,-4,-6,-16,-13,-12,-7,3,3,-1,-14,11,11,-9,-3,9,-9,1
32DPR1189O,-11,-3,0,2,-3,-3,-4,6,0,-2,2,1,6,0,-1,-8,2,-2,2,5,-13
32DPR1719N,-3,-3,1,-4,-3,-2,-3,3,-1,-3,4,-2,-4,-11,-4,4,-5,5,-1,0,-1
32DPR1491Z,-2,-19,-1,-9,-6,26,-5,31,28,-16,-1,14,-81,-11,-48,3,5,5,-9,6,8
32DPR0184M,-2,-1,-3,0,-6,6,1,0,-6,8,-3,1,-9,7,7,-1,9,6,3,-3,-7
32DPR0848A,-3,-24,0,-8,11,44,-13,13,-7,-22,5,-6,-4,4,-13,-4,7,20,-1,0,-13
32EPR0081P,28,9,-8,-47,0,-22,-22,-10,15,12,-21,2,-21,-6,-10,-2,12,31,27,11,-11
32DPR0932Z,-1,4,20,10,-18,8,-8,1,0,4,-4,2,-8,-5,11,-10,3,-11,-1,-2,2
32DPR1250B,-1,-4,5,-3,-18,6,10,-17,8,-3,-14,2,-8,-14,4,2,17,-20,1,0,2
32DPR2430T,11,0,-4,5,-7,5,-16,-6,-30,11,-1,-9,5,5,1,-17,-18,10,16,-5,-3
32DPR1165E,0,-5,-4,-6,-1,-3,-1,7,-7,4,0,-2,3,-2,-3,2,-1,2,4,-4,-1
32DPR1297W,8,-8,-1,-2,2,6,-3,-1,-3,2,-2,-1,-9,1,3,-3,7,0,2,-6,5
32DPR0075F,-2,-3,1,-1,-8,2,1,4,0,-1,4,0,-2,1,1,2,2,5,-5,2,4
32DPR0160C,-16,3,6,-2,5,-2,1,0,-3,6,-5,1,-6,11,-6,-14,-8,13,1,-13,4
32DPR1055Z,-5,-1,13,2,3,1,-2,5,-6,-2,-6,-4,-4,-2,-1,4,1,-22,0,0,3
32DPR0823S,-3,0,-5,-8,-7,1,2,-7,3,2,6,3,-5,0,4,-5,-1,-1,3,-2,1
32DPR0738V,2,0,-3,-8,-10,-2,5,5,-11,-4,1,0,0,-16,-4,3,1,-4,-4,2,2
32DPR1273M,-9,6,1,4,3,11,-13,-4,-5,1,4,-3,-2,1,-16,24,3,3,7,-3,3
32DPR1188P,6,-17,-2,1,-12,21,-8,7,8,4,0,5,-12,6,-1,15,14,11,4,7,17
32DPR1031P,-7,-3,5,-4,-4,-8,8,5,6,-3,23,-1,-8,0,19,-9,-6,-2,11,-1,-17
32DPR0715K,-3,-3,0,3,-2,-2,5,4,1,-5,-14,-14,8,-12,-4,5,8,7,1,17,-13
32DPR0161B,3,3,9,-3,0,-8,7,-4,-7,4,-3,-1,13,1,-13,5,0,-9,-5,2,3
32DPR0957H,3,-5,3,-8,4,2,-9,-15,0,2,2,2,-8,0,3,-4,5,-1,2,-2,-1
32DPR1164F,-1,18,-4,0,19,-23,38,14,-10,-2,7,-6,1,-23,-16,30,-8,33,10,10,21
32DPR1079I,-5,7,11,-8,-9,7,-2,6,-5,6,5,5,-14,1,-12,3,-2,1,-3,3,-11
32DPR0606D,1,3,2,3,-2,-6,1,-5,2,1,0,0,-4,6,-2,0,4,3,2,-4,1
32DPR0051W,2,-3,-5,7,-8,-1,1,7,4,-6,6,1,0,-5,-1,-2,-1,1,-3,2,-2
32DPR1366B,-5,-1,-17,-4,-7,2,-2,-1,-11,1,0,0,-4,6,-12,-2,1,-8,-1,-2,1
32DPR0167W,3,-6,-10,0,-7,-6,0,6,5,-7,-1,0,-4,-5,1,2,4,-6,2,-6,-5
32DPR1124E,-13,-10,3,1,4,-3,-4,6,10,2,-2,2,-21,3,-14,-1,-1,1,5,-16,-9
32DPR1039H,-7,-30,-2,9,-10,-8,9,6,-14,1,11,-7,-5,-6,4,1,-16,8,9,-3,-3
32DPR0807A,1,-5,-5,0,-1,1,-3,-3,3,-1,-5,0,0,4,2,0,3,-3,-2,-2,1
32DPR0385J,0,-4,7,1,-1,2,-1,4,0,-4,3,0,-7,-1,-4,0,3,-3,1,3,-4
32DPR0470G,-4,4,-11,-6,-4,-6,2,4,-12,10,-4,-1,-6,4,0,-6,-2,4,3,3,2
32DPR1014Z,-7,-1,4,-9,-5,17,-6,-15,10,-10,7,-4,13,-4,2,-7,-10,-1,-17,19,5
32DPR0143M,-1,-1,-6,1,-12,2,2,-2,-17,-2,0,-5,7,3,1,-5,26,-3,-2,1,0
32EPR0171H,5,21,16,-11,36,14,11,10,2,22,-8,13,14,11,14,-14,18,18,11,2,3
32DPR1583Q,-7,-15,-4,-12,-1,12,-11,-13,5,-8,2,-5,1,-5,-10,-6,-3,2,2,-3,3
32DPR1498T,-9,-19,-4,0,-2,10,-10,-4,0,-5,0,-4,5,5,-11,-1,-1,-3,10,-2,-5
32DPR0277B,5,2,2,-9,-1,-10,-5,0,-2,4,-3,0,3,-2,4,-3,1,-3,1,-5,3
32DPR0120B,2,5,3,-3,-1,-7,-10,-3,-1,0,-6,-1,2,3,7,-1,-1,-1,5,5,-5
32DPR1341T,0,2,5,-2,-3,-3,1,0,3,-5,3,-1,2,0,0,-19,3,1,-3,-5,2
32DPR2254E,-2,1,-3,-24,-21,-13,-17,0,10,33,16,27,-16,32,18,8,34,-1,5,6,5
32DPR1474J,11,-8,-8,11,11,-6,1,12,27,2,4,9,-5,7,-25,-10,3,-11,0,0,2
32DPR1389M,19,13,1,-17,-6,4,-3,-14,-23,-6,1,-11,-8,-7,-22,21,26,4,26,-3,1
32DPR0010W,-1,6,-1,0,1,-1,0,1,0,4,4,4,9,2,4,-3,-5,2,-6,-4,-6
32DPR0916H,5,-18,-19,14,-2,1,4,1,7,-5,-8,-8,4,2,16,-1,1,8,16,6,2
32DPR0361Z,-7,-4,3,10,-5,3,4,2,-3,-2,-6,-4,-2,-4,-3,-4,4,-1,2,1,-2
32DPR1147P,-11,-4,0,-3,-12,4,-3,4,-2,9,7,7,-12,4,1,3,0,5,-3,2,2
32DPR1232M,-2,-3,-5,-13,-1,6,-3,1,-2,-3,2,-3,20,0,3,1,11,-11,11,4,-2
32DPR0806B,-1,-11,6,-11,-9,-1,3,0,-2,-1,-1,-1,14,-4,-3,2,-1,-1,-4,0,-3
32DPR2363L,10,41,41,26,85,65,33,31,-47,0,15,-15,43,-8,-11,-2,15,-34,-16,-10,18
32DPR0142N,0,-2,-5,-4,1,1,-10,-2,7,-2,-3,-2,-8,4,0,6,10,-3,4,-10,-2
32DPR1365C,-1,4,-2,-4,1,-1,-1,-1,2,1,6,2,-19,-1,-2,0,2,3,0,-3,-6
32DPR0057Q,-3,-1,-8,-1,2,-5,-1,1,-3,5,-2,10,-10,-1,1,0,-1,-1,-3,2,1
32DPR2012H,-5,26,38,-3,31,18,91,-23,48,20,-5,34,-29,4,-2,14,4,2,-27,-12,-14
32DPR1038I,-12,-13,-8,-3,-12,2,4,4,-13,-3,5,-5,-3,-5,-9,3,3,-6,6,3,15
32DPR1123F,-1,1,-19,0,3,-2,1,-2,1,-1,1,-1,1,-1,2,3,18,4,1,5,-5
32DPR0493R,4,-3,-2,1,1,1,-3,5,0,7,-1,2,14,-7,-3,2,2,-3,4,-4,-6
32EPR0172G,31,6,4,1,-3,1,14,0,6,-1,16,1,-19,-2,3,19,14,12,18,-16,6
32DPR1340U,0,-2,-3,-1,-2,2,-3,-1,1,2,3,3,-1,1,-4,-4,-3,0,-5,0,4
32DPR0033G,-2,-5,-3,-8,2,0,0,-4,3,-1,-1,-1,6,-2,-4,-4,4,0,0,2,5
32DPR1013Z,-8,4,-6,1,10,-2,-3,-2,1,-5,-5,-5,6,5,-1,0,1,0,2,-4,-8
32DPR0384K,20,-11,-2,-9,4,-7,1,-5,-1,-1,-2,-3,3,-1,3,3,0,3,0,2,-2
32DPR1146Q,3,-2,0,-1,-6,-1,0,9,4,0,3,1,2,-5,-1,3,1,2,-6,4,-3
32DPR0276C,-4,-10,-19,-2,-17,5,-7,-4,-1,-5,-5,-5,-6,7,-6,4,11,15,5,-10,-4
32DPR1231N,-28,-4,5,1,-1,-3,-1,4,5,-9,-8,-8,9,0,-13,6,-5,-6,-1,5,-5
32DPR0939S,-14,-29,-9,-8,-12,7,3,1,-4,-25,-3,-15,4,-8,18,19,0,2,3,4,-4
32DPR0034F,-1,0,-1,-5,3,1,10,-4,-4,13,0,1,-12,-2,-1,-5,1,2,-1,0,2
32DPR1497U,-5,-1,-8,-12,-1,-4,-14,-15,13,-21,-8,-7,32,26,-25,0,2,-1,7,-11,36
32DPR1122G,-8,16,-6,1,0,-21,4,3,0,-5,14,-4,0,-8,-1,12,-3,21,-16,-5,-5
32DPR0251U,-4,4,-4,-1,0,1,-5,-3,-4,-4,-4,-4,5,7,-4,-2,-4,1,-2,-1,1
32DPR0166X,5,-9,-7,3,-7,0,1,-3,2,4,4,4,2,4,-20,-8,8,-16,5,5,-6
32DPR0915I,-5,12,6,2,7,-1,11,14,12,-8,-9,-9,-8,-2,-3,8,-5,11,3,-11,-4
32DPR1388N,-2,-7,-9,-13,0,-4,0,-12,-1,0,1,1,-5,3,0,-3,2,-3,5,4,9
32DPR1473K,-5,2,1,2,-1,-1,6,-5,-3,-5,-4,-4,-9,3,3,0,2,0,-2,4,2
32DPR0141O,2,-4,14,-1,3,1,3,-2,1,1,0,0,0,-2,-6,0,1,-1,19,1,-2
32DPR2364K,0,-2,-1,13,-6,-7,-1,3,-3,-5,0,-4,4,-2,0,2,-8,-4,4,7,0
32EPR0084M,-3,-25,-11,0,7,19,-1,7,-26,-16,-8,-21,-24,-21,-1,11,40,18,1,0,0
32DPR0805C,-9,-9,-1,-3,-8,0,0,11,-2,1,10,1,-1,-5,-3,0,0,2,8,-3,-2
32DPR0492S,-3,-14,-8,-40,-15,-6,10,-3,22,-5,-6,-6,5,4,-6,16,-4,3,9,20,3
32DPR1364D,-2,1,-7,-4,0,0,-6,1,-14,1,-4,-6,16,0,-8,-2,7,5,-5,-5,-5
32DPR0032H,5,-13,7,0,-7,1,0,-6,6,9,-5,2,-12,6,-5,1,1,1,1,1,-2
32EPR0060C,29,15,14,-35,-8,11,8,-1,15,21,0,11,17,-1,-31,-17,12,-3,-18,4,-17
32DPR2388U,3,-4,4,1,-1,-2,-2,-6,-4,-3,8,-6,8,3,-6,7,3,6,-2,5,0
32DPR0298O,-7,-5,-1,-8,-7,-6,1,3,1,-6,0,0,9,-6,2,3,0,-3,-3,4,1
32DPR0383L,1,-12,7,9,-7,-5,-1,-2,-7,4,-9,-1,1,-19,-23,-7,1,26,1,-2,-3
32DPR1690Z,-1,9,-2,-3,-4,-1,-1,0,2,0,8,2,0,-6,-1,2,1,-5,1,3,4
32DPR0938T,-33,-10,-5,-3,17,6,26,6,2,11,4,6,2,2,2,3,5,-25,10,7,0
32DPR1145R,-5,-7,3,2,-13,-7,13,-2,-1,1,3,2,-2,4,2,-11,-4,-14,-5,-3,-7
32DPR1230O,-9,0,-4,-2,-2,3,1,4,1,0,2,2,-4,-4,-1,-2,1,-4,-1,5,-2
32EPR0061B,-8,27,11,-1,39,-12,5,-16,-6,7,-3,3,-66,17,-24,-1,7,-16,-32,0,12
32DPR1809F,3,-35,-31,-20,-12,10,-28,12,-8,14,-4,8,-8,-20,6,-8,5,-2,5,-2,1
32DPR1496V,-10,10,-4,-8,3,-2,1,2,3,1,3,2,-5,-5,-2,-4,9,4,6,16,0
32DPR0360A,-12,-4,15,-2,-18,1,-1,-2,-2,-7,4,-5,2,-1,4,-4,-1,8,-6,14,-7
32DPR0250V,-11,-21,-5,-5,-4,-6,-3,-6,1,-4,4,-2,0,4,-13,-2,-2,6,2,4,-2
32DPR0165Y,10,-4,-1,-2,7,-45,-11,35,21,15,-19,11,-15,16,-37,3,21,18,7,1,5
32DPR0829M,0,-2,1,-1,5,8,1,-3,10,1,0,0,-9,-1,-11,3,-3,-2,0,-3,-3
32DPR1036K,-1,-4,-3,2,-1,-2,-1,0,2,-3,6,-1,-1,3,-3,-3,-1,-2,0,1,3
32DPR1121H,-3,2,-3,3,-5,-9,6,3,4,-4,5,1,6,-6,-5,-1,-4,1,15,5,3
32DPR2256C,-7,-5,0,-12,-5,-2,2,6,-2,-1,7,-1,-10,-3,-4,-1,7,6,-2,-7,9
32DPR1472L,3,-11,65,-10,46,-7,0,1,59,7,-6,21,-57,-12,-20,18,9,19,-27,-7,-27
32DPR1387O,-10,-3,-6,-1,-2,-14,6,1,-1,-2,-2,-2,6,7,-10,-6,3,3,-1,0,-6
32DPR1012A,-11,-4,-14,-9,-13,0,2,0,-2,-2,0,-2,-4,1,1,-1,0,3,-5,0,1
32DPR0382M,3,-6,-5,-15,3,2,-7,-4,0,-19,-3,-10,12,-7,3,-1,-7,0,4,5,-5
32DPR0140P,-12,-11,-8,4,-3,-8,4,4,11,12,12,12,10,-18,16,-6,3,-4,1,10,-18
32DPR0055S,-12,2,1,-5,-3,2,-4,-1,0,0,2,2,-12,-1,-2,-1,-2,-2,3,3,4
32DPR1363E,6,3,8,10,5,9,-8,23,-7,-3,-3,-3,-2,-4,16,1,-10,-7,13,-8,3
32DPR0188I,-4,-18,-4,8,14,8,-24,4,-5,-10,9,0,-15,-5,2,3,8,8,13,8,2
32DPR2450G,29,16,27,11,7,9,-3,6,24,31,29,28,7,6,20,6,-1,0,1,-2,17
32DPR1495W,-18,-16,6,15,-12,-10,-4,10,-14,-25,-9,-20,22,5,2,21,10,-9,-1,3,11
32EPR0170I,-4,20,-18,0,-13,1,6,-9,8,0,3,1,0,-6,-36,-3,5,-14,-13,2,9
32DPR0936V,-25,-22,-1,-21,-28,-13,-5,14,28,32,15,30,-20,-6,7,-11,-12,6,23,3,12
32DPR1169A,-18,18,-5,-7,-17,-5,-17,-12,48,-6,13,21,-3,-6,-49,-19,-6,2,12,19,27
32DPR1386P,8,-17,9,-5,1,-9,6,3,-10,0,-4,-5,11,-3,11,-9,3,1,9,1,7
32DPR1471M,1,-10,1,-4,-1,0,-14,0,2,-5,1,-2,9,9,-11,-1,4,-1,-2,0,-4
32DPR0828N,9,-9,8,-18,-26,-5,5,2,3,-4,-2,-2,7,13,-25,-12,5,19,58,-3,-7
32DPR0274E,-4,-9,0,-2,-2,0,0,0,4,-2,6,0,2,2,-2,2,-5,-1,-2,-5,5
32DPR1144S,-1,-10,6,-5,-12,0,-4,-4,-7,0,4,4,-6,4,-6,-3,8,0,1,0,3
32DPR1059V,3,-14,8,-1,-2,-2,-2,-4,-1,0,-2,-1,4,-1,-1,3,0,0,-3,-2,-4
32DPR0189H,-1,-11,5,-1,-9,7,11,16,0,-4,12,8,-8,-4,-16,-1,-5,1,-8,-14,7
32DPR1362F,-5,-4,16,-12,-11,14,-7,-3,-5,22,-2,8,-3,-2,-1,-9,2,-5,4,16,3
32DPR0491T,9,17,-41,5,-12,-2,-9,0,4,-19,33,-8,-15,23,-6,-8,4,-18,1,9,-15
32DPR0804D,-9,-23,-1,-16,0,15,1,26,28,-9,13,-2,7,-5,-16,5,13,-21,-28,3,-9
32DPR0719G,-13,5,9,-19,-19,9,9,4,5,-1,12,2,-16,-3,-22,18,-12,-7,7,1,21
32DPR1035L,3,-2,-8,-4,-4,-4,8,43,2,9,9,9,17,-14,7,-3,5,-6,20,2,-24
32DPR0164Z,2,5,2,4,2,7,-3,-3,6,-6,3,-2,-2,0,-7,1,-10,8,-6,2,1
