cct,1998,1999,2000,2001,2002,2003,2004,2005,2006,2007,2008,2009,2010,2011,2012,2013,2014,2015,2016,2017,2018,2019
32DPR0106I,102,86,77,78,73,71,75,75,77,66,67,71,83,67,68,66,84,62,64,63,67,65
32DPR0426T,89,88,86,86,86,85,84,94,93,88,80,84,90,69,60,59,54,45,50,45,48,45
32DPR0120B,81,83,88,91,88,87,80,70,67,66,66,60,56,61,64,71,70,69,68,73,78,73
32DPR0225W,121,98,87,75,66,68,76,75,78,76,70,73,74,62,66,56,63,68,71,63,70,73
32DPR0478Z,83,70,72,71,69,63,63,65,78,65,73,72,67,79,78,82,85,82,83,82,81,71
32DPR1386P,81,89,72,81,76,77,68,74,77,67,67,63,67,69,66,77,68,71,72,81,82,89
32DPR0153T,120,113,111,107,95,86,83,79,75,72,70,60,58,58,61,55,55,60,58,55,48,62
32DPR0463X,117,108,97,95,78,84,86,81,89,76,67,55,55,57,66,63,61,67,64,61,61,57
32DPR0175E,83,82,79,73,64,59,69,65,65,77,85,86,86,70,77,73,75,78,89,75,70,72
32DPR1566Z,81,83,80,77,79,75,75,68,62,53,61,68,73,74,79,82,82,84,83,85,86,79
32PPR0001T,92,84,94,84,85,75,78,64,51,68,72,79,80,64,66,63,60,76,82,91,91,74
32DPR0941G,69,70,69,69,62,65,60,70,69,65,72,79,71,77,90,84,83,88,87,102,92,84
32DPR1870J,113,112,100,103,105,90,89,88,79,64,55,60,31,55,63,63,67,65,66,69,70,71
32DPR1167C,87,89,85,89,86,80,92,87,81,86,90,84,83,75,76,62,60,62,59,59,54,52
32DPR0169U,106,105,101,107,108,105,96,85,83,79,73,76,81,77,74,60,52,47,41,36,43,47
32EPR0076D,174,110,119,127,108,103,93,96,84,78,80,78,73,63,54,45,47,40,30,35,36,20
32DPR0018O,110,96,90,91,86,83,85,74,72,64,74,81,91,76,70,68,67,60,62,64,69,68
32DPR2417Z,62,63,68,77,75,76,80,91,103,108,105,104,117,87,82,78,66,64,54,47,53,45
32DPR1049O,108,92,90,85,79,67,76,70,74,77,83,85,84,81,80,83,72,74,66,62,56,63
32DPR2250I,84,85,89,92,91,92,82,85,79,76,75,77,78,79,79,75,74,66,66,60,57,67
32DPR0370H,141,125,116,106,99,97,87,76,76,80,78,80,84,70,64,63,53,45,40,49,40,43
32DPR1090E,111,101,96,99,102,95,97,86,72,77,79,73,68,67,74,60,60,58,64,58,67,52
32DPR1159U,100,102,102,100,79,78,66,68,76,77,59,59,64,67,77,68,75,78,79,82,80,82
32DPR0107H,102,107,98,96,86,83,71,68,64,59,63,61,67,66,69,72,76,70,81,84,87,88
32DPR1124E,101,88,78,81,82,86,83,79,85,95,97,95,91,76,79,65,64,63,64,69,53,44
32DPR0383L,104,105,93,100,109,102,97,96,94,87,91,82,72,82,63,40,33,34,60,61,59,56
32DPR1482S,40,30,51,46,44,49,53,70,75,68,60,70,84,77,89,105,117,123,122,124,120,115
32DPR1042V,128,123,98,90,76,60,60,59,58,62,76,77,79,82,84,70,67,67,80,85,77,75
32DPR1787K,81,90,90,71,70,84,88,98,72,78,77,80,96,76,66,57,66,66,72,75,86,95
32DPR0981H,98,92,87,89,80,74,63,76,61,69,71,63,68,86,86,84,83,83,91,87,74,74
32DPR1175L,81,85,72,82,73,64,75,67,74,77,84,94,94,85,87,90,86,80,80,79,75,67
32DPR1365C,86,85,89,87,83,84,83,82,81,83,84,90,93,73,72,70,70,72,75,75,72,66
32DPR0180Q,124,105,97,100,76,94,98,82,86,78,86,83,85,72,83,78,77,60,55,49,48,49
32DPR1315V,116,106,99,88,76,77,81,76,73,74,67,67,72,67,70,77,77,81,84,86,75,80
32DPR0559J,105,104,98,95,86,85,85,78,76,78,81,79,75,81,75,72,67,68,67,72,74,71
32DPR0818G,134,119,113,101,92,85,78,75,73,76,76,72,69,74,78,73,66,66,57,63,65,70
32DPR1142U,126,123,114,108,88,81,84,75,78,77,82,83,81,79,76,62,66,61,58,61,55,58
32DPR1930H,145,145,134,120,113,96,97,99,95,91,105,96,95,46,45,42,47,41,37,29,31,30
32DPR0701H,111,107,99,93,94,85,87,87,82,77,80,80,75,73,70,63,62,67,61,69,78,80
32EPR0105I,84,79,80,83,78,79,81,76,78,67,71,78,78,79,82,85,81,78,80,84,94,108
32DPR0181P,109,111,115,106,95,90,95,87,81,83,75,75,72,75,68,62,61,63,62,65,68,69
32DPR0627Q,148,139,126,128,112,98,97,92,76,70,67,75,57,52,46,41,41,46,60,69,74,76
32DPR1298V,101,101,96,94,97,87,86,79,76,76,74,78,79,87,88,76,71,73,71,67,64,70
32DPR0762V,72,74,69,64,76,72,71,72,75,81,72,70,75,83,82,79,89,96,109,102,111,100
32DPR0667R,107,103,88,95,94,92,87,87,80,90,80,84,77,81,78,64,67,64,68,66,71,73
32DPR2270W,83,89,78,82,83,78,82,80,79,79,79,84,78,85,84,78,82,85,87,85,77,81
32DPR1454W,111,107,103,103,99,92,82,77,68,60,63,68,77,80,82,73,82,72,74,77,86,73
32DPR0652P,123,121,108,89,81,65,58,68,64,76,74,78,82,82,88,75,79,83,77,78,81,93
32DPR1371N,93,91,85,83,89,96,93,86,92,101,95,84,89,79,74,76,78,77,71,68,69,59
32DPR1145R,102,97,90,93,95,82,75,88,86,85,86,89,86,89,93,95,84,80,66,61,58,51
32DPR0148H,110,99,101,100,94,92,80,83,78,74,78,74,76,78,73,76,68,70,77,83,88,87
32DPR0382M,120,123,117,112,97,100,102,95,91,91,72,69,72,71,64,67,66,59,59,63,68,63
32DPR1539C,84,81,70,70,79,83,76,75,90,96,90,86,95,96,92,89,86,88,84,82,80,81
32DPR1143T,122,115,102,97,83,71,56,55,56,58,65,77,85,77,88,97,94,95,97,95,90,83
32DPR1105Q,112,101,100,97,92,87,85,78,81,88,87,81,78,84,84,72,73,76,82,83,77,73
32DPR0544H,137,132,127,113,105,100,91,94,91,81,87,62,96,53,52,54,59,61,65,69,75,67
32EPR0034E,113,97,102,107,91,84,79,83,78,83,88,73,78,78,73,85,104,108,88,64,61,67
32DPR0661X,110,97,103,94,84,83,83,88,81,86,85,91,82,88,86,86,86,72,77,74,74,75
32DPR0718H,86,84,78,79,77,72,83,83,83,83,89,102,109,82,88,85,92,88,92,89,85,87
32DPR0663V,165,159,135,122,106,94,85,67,61,57,63,67,72,65,65,78,66,70,78,79,78,69
32DPR0196R,146,150,144,130,116,106,95,94,81,76,83,72,70,67,61,56,55,57,53,60,70,67
32DPR0587F,113,102,102,95,95,97,94,90,91,93,84,86,91,83,77,61,60,63,69,80,80,103
32DPR0118N,104,100,95,86,93,79,78,74,75,75,77,85,83,81,86,93,90,92,93,95,95,87
32DPR1366B,128,123,122,105,101,94,96,94,93,82,83,83,86,79,85,73,71,72,64,63,61,62
32EPR0069U,126,115,110,106,100,89,93,94,84,80,74,70,67,78,77,73,65,87,73,75,92,93
32DPR1079I,87,82,89,100,92,83,90,88,94,89,95,100,91,91,92,80,83,81,82,79,82,71
32DPR0795M,114,116,126,111,107,95,85,79,67,64,82,81,99,75,75,68,80,80,83,75,77,84
32DPR0514N,114,109,98,92,92,96,94,91,89,82,80,78,76,72,70,79,76,82,76,91,102,90
32DPR0566T,95,97,103,104,99,93,107,108,93,82,97,98,68,101,92,89,79,70,70,67,61,58
32DPR0213R,113,114,106,102,95,75,77,67,67,63,72,86,95,81,86,91,100,91,92,97,76,85
32DPR1283T,122,118,92,81,75,77,75,84,84,86,78,75,75,88,88,92,99,97,93,90,86,79
32DPR1006Q,135,126,116,120,106,101,99,95,95,98,92,75,85,59,68,65,64,60,69,75,70,67
32DPR0410S,87,95,89,75,73,64,77,86,85,85,90,85,79,79,87,98,105,114,111,107,100,85
32DPR1484Q,93,85,80,86,85,79,79,78,84,82,86,88,84,90,98,95,102,90,94,107,104,96
32DPR0647D,124,130,118,120,124,117,107,105,117,104,92,79,92,77,56,53,56,58,69,62,54,54
32DPR0896K,134,135,117,104,96,88,84,73,77,80,74,87,81,88,103,86,86,75,79,75,81,77
32DPR1344Q,118,110,106,105,95,81,81,80,76,67,75,74,67,79,93,94,98,99,100,99,94,90
32DPR1103S,72,65,67,71,60,89,86,85,97,97,98,94,95,81,80,81,98,105,118,116,113,120
32DPR1246P,137,110,97,99,88,82,85,80,81,90,96,88,86,96,91,92,89,83,80,82,84,73
32DPR0157P,116,109,119,125,110,101,95,81,70,68,71,65,65,76,80,81,80,92,99,99,93,101
32DPR0164Z,80,82,87,89,93,95,102,99,96,102,96,99,100,95,95,88,89,79,87,81,83,84
32DPR2427F,61,61,62,68,64,58,63,63,76,80,84,97,117,107,106,109,113,121,120,131,129,119
32DPR0425U,77,73,73,76,100,95,95,94,60,60,59,61,115,84,79,73,78,134,131,134,129,131
32DPR0998H,146,137,139,141,124,110,102,99,103,82,88,84,85,89,78,69,66,61,60,51,47,51
32DPR0781J,108,99,102,102,101,87,86,93,88,88,87,91,88,94,91,84,79,81,83,91,100,96
32DPR1488M,102,115,116,120,119,111,89,90,94,94,93,100,103,87,84,77,73,72,72,78,72,77
32DPR2086Z,85,87,99,91,73,55,56,55,52,62,70,76,76,101,105,108,129,141,122,124,125,149
32DPR1109M,108,96,91,90,90,92,92,93,86,82,82,81,81,81,95,97,105,97,100,105,100,100
32DPR1498T,130,121,102,98,98,96,106,96,92,92,87,87,86,88,93,82,81,80,77,87,85,80
32DPR0376B,103,111,106,80,78,79,87,84,85,80,87,95,95,96,97,102,99,102,104,94,92,91
32DPR0134E,81,70,77,89,93,111,111,114,105,104,104,102,102,99,96,84,86,80,82,79,85,93
32PPR0086Q,129,120,107,110,89,88,97,89,75,79,87,107,84,85,78,90,94,84,94,85,90,96
32DPR0720W,78,76,67,72,67,60,70,82,85,96,97,108,112,111,114,106,98,106,113,120,114,112
32DPR2093I,108,101,108,106,105,105,85,98,101,95,122,121,108,94,106,89,80,79,70,70,64,58
32DPR0779V,116,118,114,111,99,101,99,91,85,86,88,94,88,90,95,87,86,80,87,89,85,91
32DPR0723T,130,129,120,121,107,100,96,97,84,90,86,78,80,74,80,76,83,88,94,94,89,87
32DPR0415N,140,144,115,119,106,96,104,100,81,78,76,80,75,85,87,87,93,93,81,85,80,78
32DPR1158V,97,102,100,103,88,96,90,93,94,95,95,108,90,87,96,96,93,88,93,98,91,91
32DPR0535Z,77,74,76,94,79,76,98,94,77,80,69,89,93,97,96,100,121,121,122,125,118,115
32DPR0160C,107,91,94,100,98,103,101,102,102,99,105,100,101,95,106,100,86,78,91,92,79,83
32PPR0049M,123,136,134,122,114,104,97,102,103,105,106,96,102,86,88,80,73,67,61,72,70,75
32DPR0857I,145,152,148,121,125,119,138,135,129,137,115,94,111,86,81,56,45,45,40,36,31,31
32DPR0834Y,126,105,98,105,102,99,107,109,106,109,101,99,105,80,77,82,77,85,93,90,101,104
32EPR0151U,198,183,143,113,89,102,100,93,109,123,108,88,104,82,81,93,82,70,60,54,44,42
32DPR1232M,107,105,102,97,84,83,89,86,87,85,82,84,86,101,101,104,105,116,105,116,120,118
32DPR0286J,121,113,107,110,105,99,104,104,120,122,122,114,99,114,110,106,80,70,62,61,61,60
32DPR0280P,140,134,124,120,118,106,99,102,99,105,104,93,95,86,81,86,80,77,79,80,79,81
32DPR0327T,138,130,122,120,108,89,92,83,82,78,91,101,105,95,96,91,87,89,87,93,95,99
32DPR1294Z,151,159,149,146,130,111,96,94,94,83,81,91,91,75,68,65,70,77,81,96,83,83
32DPR0689C,121,124,125,123,105,92,86,80,82,91,88,93,98,88,90,91,91,84,99,103,111,113
32DPR1101U,98,102,103,99,86,62,104,77,91,81,77,80,85,91,95,107,114,122,117,131,127,129
32DPR1030Q,127,125,99,103,98,106,112,100,107,102,85,93,106,80,84,87,87,86,104,105,91,91
32DPR1194Z,98,102,96,98,98,94,96,88,87,96,101,98,95,98,102,97,103,106,106,101,107,113
32DPR0784G,106,97,90,100,97,98,96,100,108,108,102,95,90,106,105,102,91,98,96,103,98,103
32DPR0427S,120,116,115,114,109,106,99,106,96,99,97,98,94,93,107,95,95,98,96,89,78,77
32PPR0063F,111,110,110,113,116,108,112,94,97,96,96,100,103,107,110,116,98,70,78,86,102,75
32DPR0380O,150,143,124,129,129,111,109,101,99,96,91,97,93,93,90,87,91,82,73,71,73,78
32DPR1216V,113,102,97,79,87,86,88,88,91,120,118,119,126,130,116,100,91,101,84,86,89,102
32DPR0751P,126,121,127,125,115,109,100,96,91,87,90,90,92,95,101,94,92,93,87,91,93,104
32DPR1448L,180,168,137,112,99,95,95,95,95,96,89,94,78,97,101,98,95,86,82,82,80,69
32DPR1385Q,85,69,78,82,78,75,66,64,60,62,63,75,75,89,96,105,147,155,166,168,176,190
32DPR1231N,137,109,105,110,111,110,107,106,110,115,106,98,111,99,99,86,92,87,81,80,85,80
32DPR0705D,143,151,135,128,126,109,91,105,117,111,96,109,124,101,93,82,67,64,70,76,67,62
32DPR0377A,84,100,95,107,111,130,114,106,106,111,104,105,109,100,103,95,95,90,88,89,103,85
32DPR0715K,114,111,108,108,111,109,107,112,116,117,112,98,86,92,80,76,81,89,96,97,114,101
32DPR0796L,158,142,125,107,101,101,97,92,97,99,96,89,93,88,87,89,104,100,100,92,84,95
32DPR0122Z,146,144,140,118,137,115,123,112,106,109,100,90,92,79,74,75,73,88,77,81,80,78
32DPR0423W,151,138,121,107,103,106,118,109,98,104,105,100,102,102,115,103,91,81,70,66,75,73
32DPR1418R,115,112,102,100,92,99,120,120,112,105,109,101,99,89,98,98,97,100,106,96,85,97
32DPR1400S,96,93,113,108,103,95,105,100,98,105,102,104,99,99,92,94,110,105,108,99,109,116
32DPR0442K,92,98,103,103,100,107,110,110,106,117,116,113,112,120,121,99,90,94,87,87,92,81
32DPR1094A,105,102,109,101,98,94,96,93,93,97,93,96,93,95,107,104,106,103,112,122,124,119
32DPR1229Z,173,150,127,110,104,82,83,87,96,99,90,104,97,101,95,100,101,103,100,92,87,82
32PPR0050B,118,134,129,122,138,128,132,112,103,90,87,87,102,78,83,76,87,87,83,90,95,104
32DPR1113Z,126,129,118,109,98,95,99,94,103,100,112,115,116,99,90,86,85,88,90,100,109,105
32EPR0172G,40,71,77,81,82,79,80,94,94,100,99,115,117,97,95,98,117,131,143,161,145,151
32PPR0085R,112,105,109,113,136,110,112,102,108,118,91,81,92,76,90,90,100,111,118,109,103,82
32DPR1197X,125,122,114,118,102,106,108,100,96,93,110,103,90,102,101,107,102,100,97,95,96,87
32EPR0166W,110,98,106,101,105,111,108,104,104,114,105,100,110,115,107,100,94,105,100,94,93,92
32DPR0412Q,106,113,120,127,115,124,123,98,105,109,116,106,109,107,104,102,93,83,86,80,79,71
32DPR1715R,98,93,96,118,123,129,126,128,124,136,125,139,120,128,110,76,69,62,61,73,75,67
32DPR0512P,124,103,94,96,96,99,107,123,110,105,125,129,109,115,95,89,102,99,92,89,93,84
32DPR0276C,155,151,141,122,120,103,108,101,97,96,91,86,88,75,82,76,80,91,106,111,101,97
32DPR0524U,137,137,128,123,118,128,127,120,108,93,93,95,94,96,87,95,87,85,85,81,76,88
32DPR2409Q,52,65,66,81,81,88,94,96,105,115,114,109,124,125,116,106,113,120,131,131,130,130
32DPR0189H,102,101,90,95,94,85,92,103,119,119,115,127,129,127,123,107,106,101,102,94,80,87
32PPR0039F,155,162,126,133,137,125,110,109,113,104,92,78,77,69,76,84,85,91,95,97,92,90
32DPR1069B,156,145,141,134,122,120,125,112,104,110,102,99,101,95,91,85,71,72,75,80,78,88
32DPR1184T,118,118,119,115,111,97,98,88,94,101,96,101,100,103,105,100,98,99,103,109,113,120
32DPR0207G,163,140,129,123,123,105,117,120,116,114,110,98,109,90,91,83,82,79,86,81,75,74
32PPR0067B,128,119,128,131,138,132,133,127,121,125,117,93,51,91,71,72,86,71,82,93,99,104
32EPR0046J,118,116,92,89,83,74,74,70,69,88,99,110,127,127,118,108,104,119,120,139,139,142
32DPR0243L,108,103,85,68,71,72,78,78,76,92,95,96,99,107,135,123,142,131,138,144,140,151
32DPR0484J,76,69,62,59,71,76,73,68,80,85,89,105,123,126,120,114,107,137,161,172,177,188
32DPR2453D,0,65,81,96,110,101,96,93,104,110,96,94,99,113,129,142,134,149,135,140,140,114
32DPR0158O,116,126,166,138,146,128,103,118,99,87,89,69,72,65,56,64,119,123,118,111,115,117
32PPR0006O,133,118,99,102,98,97,108,111,109,106,116,102,103,91,99,110,119,126,119,108,90,83
32DPR1015Y,135,156,148,137,138,139,123,107,97,93,90,93,104,90,95,83,83,86,87,90,82,92
32DPR1016X,141,131,123,118,106,101,98,92,89,104,103,102,123,113,112,96,94,101,93,94,109,107
32DPR1034M,139,139,150,135,121,112,105,105,92,97,89,99,84,93,94,103,98,100,99,99,102,102
32DPR1915P,40,40,62,60,58,58,68,70,75,88,94,107,122,127,124,144,161,167,173,175,177,170
32DPR0506E,147,153,159,96,102,95,96,86,81,62,52,115,56,118,112,108,122,120,115,123,127,119
32DPR0555N,135,134,122,124,111,104,99,85,78,85,79,80,86,88,99,104,112,118,127,132,136,128
32EPR0101M,87,71,74,64,61,74,69,90,81,126,148,152,255,116,111,129,126,107,111,111,100,107
32DPR1509I,126,129,117,83,75,78,77,82,126,138,131,138,116,126,115,109,103,103,98,106,105,94
32DPR0562X,140,126,120,90,122,84,88,84,73,98,108,111,122,108,104,93,101,94,107,124,138,142
32DPR0126W,116,105,108,109,107,97,92,94,97,107,102,105,90,113,119,102,113,119,118,127,126,125
32DPR0518J,156,167,167,139,127,124,120,89,96,104,101,100,98,100,90,89,82,81,82,86,93,100
32DPR1067D,149,144,134,132,116,108,98,101,98,96,94,95,93,85,87,96,108,106,113,109,114,116
32DPR0485I,116,113,120,116,106,95,96,95,97,97,91,101,91,101,108,107,116,130,129,131,123,128
32DPR1373L,159,150,133,133,121,121,105,100,108,104,103,103,101,110,104,86,91,82,96,105,100,94
32DPR0414O,127,126,116,116,104,106,100,107,109,108,111,103,109,106,94,100,104,105,111,120,116,113
32DPR0162A,125,113,120,120,117,103,99,98,97,99,93,103,93,121,117,109,109,102,110,109,128,134
32DPR1035L,73,76,74,66,62,58,54,62,105,107,116,125,128,151,137,144,141,146,140,160,162,138
32DPR0138A,110,112,128,132,118,119,122,121,116,120,121,126,119,121,113,105,104,96,88,79,84,80
32DPR0560Z,162,153,164,143,141,143,138,125,111,104,97,97,85,95,98,93,86,80,85,82,77,75
32DPR1242T,121,118,112,112,112,114,110,103,118,116,115,123,112,116,112,104,103,97,111,105,101,101
32DPR1156X,131,127,135,134,119,122,118,123,117,117,114,99,107,100,101,94,101,100,91,86,101,99
32DPR0372F,157,162,151,140,140,135,129,124,100,98,94,90,70,92,93,97,89,102,100,94,87,94
32DPR1583Q,161,154,139,135,123,122,134,123,110,115,107,109,111,105,100,90,84,81,83,85,82,85
32DPR1299U,150,137,138,126,125,115,117,114,106,101,91,105,95,102,105,92,107,106,102,105,101,100
32DPR0719G,129,116,121,130,111,92,101,110,114,119,118,130,127,116,113,91,109,97,90,97,98,119
32DPR0473D,156,156,134,136,131,121,107,100,95,88,90,105,126,106,99,101,101,104,101,101,96,101
32DPR0409C,203,200,190,152,137,113,108,111,107,103,90,90,87,92,87,81,85,85,78,90,87,80
32DPR0262Z,129,136,128,121,110,114,112,117,122,122,120,114,116,101,100,99,103,112,111,93,92,95
32DPR0332E,151,149,140,128,117,122,120,100,109,121,80,95,144,115,104,97,107,104,105,91,91,80
32DPR0215P,137,137,126,123,116,107,101,89,89,91,93,104,115,97,95,117,117,115,123,131,124,126
32DPR1160J,123,131,118,135,122,121,120,131,127,108,105,117,117,110,99,107,100,100,97,94,97,96
32DPR1750X,166,164,146,143,133,113,111,122,113,107,87,96,104,88,80,72,72,87,111,112,132,128
32PPR0052Z,112,119,123,120,99,102,118,117,113,117,120,120,111,118,119,117,113,101,106,96,101,127
32EPR0045K,150,142,125,117,111,105,115,117,125,124,113,114,115,101,98,100,104,108,107,103,100,96
32DPR2393F,95,89,91,111,127,123,118,114,96,79,72,84,105,129,118,106,126,143,134,140,152,146
32PPR0040V,160,153,131,136,141,149,137,123,138,127,108,108,105,101,92,91,95,86,94,80,76,74
32DPR1670L,86,74,74,68,71,82,93,104,101,123,142,137,155,140,133,133,138,138,137,140,130,119
32DPR0387H,153,150,158,148,151,145,153,146,97,99,98,96,32,98,87,80,97,104,100,102,110,114
32DPR0557L,106,99,93,96,101,101,114,118,110,120,119,115,122,117,111,119,116,123,130,135,134,134
32DPR0166X,128,133,124,117,120,113,113,114,111,113,117,121,132,127,131,111,103,111,95,100,105,99
32DPR0870C,118,113,118,113,108,109,103,108,100,102,102,109,101,127,122,109,123,121,129,133,140,135
32DPR0610Q,167,152,147,133,131,128,132,130,115,121,96,97,74,82,75,82,87,110,113,115,133,132
32DPR1250B,141,140,136,141,138,120,126,136,119,127,124,110,121,104,90,94,96,113,93,94,94,96
32DPR0117O,156,152,149,139,133,119,111,105,101,93,91,104,107,101,99,97,113,109,110,118,129,124
32DPR0421Y,106,111,113,128,131,132,134,129,133,121,114,127,115,109,102,101,105,110,112,119,110,102
32DPR1031P,114,107,104,109,105,101,93,101,106,112,109,132,118,123,123,142,133,127,125,136,135,118
32EPR0033F,125,115,98,100,93,91,95,99,95,108,120,127,147,136,132,108,118,123,135,134,134,146
32DPR0438Y,136,132,126,134,137,126,124,112,112,120,125,130,132,117,113,106,96,91,93,110,111,107
32DPR1695U,149,144,131,116,116,117,113,110,107,124,121,133,120,114,118,112,109,105,110,113,108,102
32DPR1872H,169,155,158,163,139,131,123,117,128,131,126,128,128,128,129,120,124,106,73,41,40,41
32DPR2142A,145,145,150,160,145,143,148,136,137,126,114,111,93,106,104,101,104,94,87,91,84,75
32PPR0121F,167,173,156,145,144,127,106,115,113,92,96,112,94,81,93,98,110,106,118,122,118,120
32DPR0312R,163,176,155,154,154,140,107,100,107,101,88,86,89,84,93,105,112,125,124,126,115,103
32DPR0203K,186,159,165,159,162,139,126,122,120,124,113,120,111,127,118,110,90,83,78,78,76,78
32DPR0529P,139,133,136,121,125,127,121,109,96,98,94,111,107,107,112,114,129,124,137,132,139,138
32DPR0721V,206,197,190,176,138,122,102,108,98,106,96,92,86,107,106,107,106,108,103,99,101,104
32DPR0916H,129,134,116,97,111,109,110,114,115,122,117,109,113,105,107,123,122,123,131,147,153,155
32PPR0160H,139,134,118,126,138,136,152,153,154,128,120,105,115,96,91,82,72,69,91,115,149,190
32DPR0139Z,126,127,126,137,125,132,133,135,132,129,123,120,119,112,110,114,121,112,106,115,112,110
32DPR0406F,100,95,89,93,100,97,106,100,118,105,117,121,114,137,136,155,159,151,154,145,145,139
32DPR0479Y,157,146,120,115,116,109,107,111,115,130,128,130,134,126,123,106,116,105,110,121,120,132
32DPR0113S,136,143,142,152,126,125,118,131,129,129,133,126,128,112,107,98,101,96,96,107,122,126
32DPR1163G,169,164,156,143,141,113,114,113,106,114,110,115,117,108,114,120,106,106,110,115,112,121
32DPR0578Y,129,131,131,138,126,125,135,136,135,132,139,121,132,87,99,107,108,120,134,135,118,81
32DPR0303J,94,98,101,108,103,93,103,109,113,117,116,127,138,136,144,133,138,146,148,152,149,151
32DPR1813S,115,119,122,144,127,115,119,127,130,138,147,136,126,119,126,127,119,116,123,119,104,100
32DPR1153Z,115,112,108,117,107,92,82,79,74,69,71,71,69,89,130,160,175,198,202,199,202,198
32DPR0212S,147,142,134,122,105,128,137,125,118,122,117,115,130,124,128,109,110,115,115,128,125,128
32DPR0227U,182,191,175,162,177,159,128,119,119,102,112,121,113,115,113,84,78,110,115,86,89,82
32DPR0176D,144,133,131,124,121,131,134,124,132,132,119,120,135,122,128,128,120,123,117,113,106,100
32DPR1235J,167,159,145,134,140,121,105,99,111,119,118,113,109,123,122,120,123,120,123,120,123,124
32DPR2269G,104,128,125,109,129,122,120,119,122,127,124,129,124,128,129,127,134,130,134,125,135,126
32DPR0334C,187,165,151,138,137,139,141,135,138,132,115,112,110,113,111,114,108,105,104,110,99,99
32DPR0501J,71,93,106,113,108,113,119,116,119,137,149,141,152,116,120,129,159,142,143,137,147,144
32DPR1072P,135,131,125,128,128,122,119,118,127,131,129,131,128,132,126,116,118,119,128,127,129,129
32DPR0706C,178,166,168,158,167,147,136,140,127,123,99,93,75,97,102,101,103,109,110,123,126,131
32DPR0394R,100,115,118,135,132,134,137,126,134,133,140,140,136,123,127,109,116,114,121,131,135,134
32DPR1223E,93,95,103,109,100,99,119,144,148,145,154,159,138,133,125,119,124,124,129,136,138,157
32DPR0140P,129,117,106,98,102,99,91,95,99,110,122,134,149,156,138,154,148,151,147,148,158,140
32DPR1751W,181,174,162,169,133,148,142,138,148,139,124,146,136,119,121,115,76,73,80,98,87,88
32DPR0992N,184,182,152,128,128,123,132,117,105,116,126,135,120,138,142,130,118,115,108,104,109,103
32DPR0219L,140,144,122,143,165,162,156,130,118,103,99,121,154,127,125,132,130,121,108,105,104,107
32DPR2433Q,33,44,80,83,112,123,149,163,150,169,175,175,180,151,133,139,135,121,123,122,125,135
32DPR0264Y,154,145,141,131,134,126,128,131,135,148,142,141,137,132,125,125,118,107,102,109,113,99
32PPR0038G,152,162,187,225,201,213,193,154,149,128,118,111,110,75,75,71,71,74,80,92,94,94
32DPR1404O,125,106,103,110,117,118,125,125,126,126,122,132,118,131,130,139,151,156,143,156,142,153
32DPR0168V,170,174,160,150,151,150,136,142,132,136,132,128,128,114,113,106,105,110,108,105,108,107
32PPR0099U,193,195,174,146,130,112,104,91,108,124,127,126,127,150,134,149,132,136,115,109,113,99
32DPR0151V,140,145,133,151,138,142,132,130,142,142,143,137,134,132,118,110,119,119,118,116,126,128
32DPR2357A,173,180,170,173,158,142,126,126,135,133,129,115,109,123,116,121,126,113,119,104,106,101
32PPR0120G,161,167,167,186,190,167,162,160,142,133,120,109,102,114,112,103,96,97,108,102,107,101
32DPR1274L,235,219,194,174,161,157,151,135,122,110,103,106,104,108,94,105,116,107,104,113,104,105
32DPR0066Y,167,165,156,165,164,160,151,147,150,148,133,133,132,120,105,105,108,102,103,105,108,104
32DPR0503H,237,212,193,170,174,157,138,132,136,133,114,114,120,113,120,113,106,89,88,99,98,97
32PPR0166B,68,67,82,87,99,104,143,144,141,148,150,145,148,157,162,155,155,161,161,159,161,158
32DPR0001O,350,262,256,232,215,178,165,159,139,125,122,121,105,96,93,80,50,45,39,48,42,37
32DPR1876D,140,141,143,146,143,145,138,141,139,144,137,146,136,136,124,123,125,118,129,123,123,122
32DPR0206H,179,166,145,153,158,155,139,133,136,112,110,108,93,122,126,130,136,128,144,134,129,130
32DPR1177J,175,188,174,167,154,140,136,133,132,131,137,133,135,124,118,106,106,100,119,124,123,117
32EPR0108F,129,126,111,115,108,119,124,113,118,124,122,124,118,139,170,185,183,171,152,145,142,139
32DPR0748B,150,162,149,144,153,167,152,145,138,136,143,155,158,131,116,106,104,111,114,118,119,111
32DPR2184Z,178,175,152,150,138,140,136,137,138,145,126,136,146,126,119,123,126,128,121,129,124,94
32DPR1718O,154,162,162,165,153,143,139,143,132,113,106,117,111,130,122,124,137,137,131,142,136,131
32DPR0773A,177,146,130,106,95,122,138,124,159,172,155,163,164,140,112,133,140,128,131,127,114,117
32DPR0997I,164,162,157,165,155,147,141,142,148,143,146,140,142,123,114,100,110,112,124,117,119,123
32EPR0035D,171,156,150,147,137,131,124,124,140,141,137,136,134,127,127,134,142,132,122,125,127,131
32DPR1861B,145,149,157,144,148,124,117,94,96,112,117,120,122,117,121,124,144,163,174,174,167,172
32DPR2067K,78,78,80,84,98,111,115,125,130,144,149,151,158,158,161,160,162,163,167,174,171,184
32DPR1321F,177,139,158,144,150,144,130,105,100,100,100,154,192,156,132,126,121,126,136,135,139,140
32DPR0915I,110,105,117,123,125,132,131,142,156,168,160,151,165,134,132,129,137,132,143,146,135,131
32DPR1848H,141,125,147,156,143,145,132,139,136,145,160,167,151,202,193,139,136,125,109,91,64,67
32EPR0006I,136,134,134,137,133,119,118,119,107,117,133,138,155,143,159,164,150,155,152,149,133,131
32DPR1494X,140,132,140,151,152,143,139,137,137,135,134,136,136,123,123,123,119,126,140,151,153,152
32DPR0136C,142,133,136,150,146,143,143,142,143,143,147,139,146,131,140,124,128,132,135,132,134,124
32PPR0024D,127,140,140,159,181,183,146,128,130,136,136,131,134,155,157,143,122,116,116,115,127,112
32DPR2444W,99,96,109,107,115,141,130,130,154,167,156,148,178,141,152,135,124,129,150,160,158,165
32DPR1245Q,140,129,100,95,105,128,132,119,127,120,139,133,144,130,146,150,153,144,173,172,186,182
32EPR0028U,200,175,180,163,168,160,151,154,155,140,160,146,136,105,111,103,100,98,107,111,105,119
32DPR0226V,181,187,161,161,148,133,135,141,144,133,133,133,135,135,132,123,140,123,115,114,120,121
32DPR0173G,171,161,147,147,153,145,138,129,124,132,133,126,118,124,132,133,138,139,134,146,146,132
32DPR1960B,124,110,107,122,120,128,134,134,140,137,142,144,142,142,146,153,147,156,159,157,157,152
32DPR1337G,211,206,168,155,141,138,143,140,142,131,125,120,121,122,122,123,130,125,120,123,129,123
32EPR0104J,71,75,77,71,71,74,78,77,72,90,115,126,163,133,146,179,195,217,241,259,267,264
32DPR1075M,187,170,166,164,133,126,133,120,118,108,116,113,108,106,114,140,142,147,162,161,171,166
32DPR1104R,158,173,175,162,153,142,142,136,128,137,137,125,138,122,131,131,129,128,135,132,130,129
32DPR1416T,140,130,127,120,126,129,130,129,135,144,143,146,154,133,146,163,158,139,142,154,153,132
32DPR1186R,187,171,159,143,126,134,129,136,124,136,136,128,133,137,126,116,125,130,140,152,155,153
32EPR0103K,187,156,134,136,129,144,134,120,110,102,110,101,102,140,148,150,172,157,157,160,177,152
32DPR0994L,129,151,154,152,133,135,113,136,133,132,141,133,136,144,142,131,134,156,164,151,141,139
32DPR1985K,141,151,141,132,143,143,150,164,159,158,137,132,126,117,118,119,123,133,151,146,156,148
32DPR1110B,149,151,152,152,148,145,138,144,136,139,135,132,133,141,143,132,134,136,133,139,136,141
32DPR1296X,153,145,152,149,153,153,148,140,127,136,142,140,129,134,150,126,128,130,138,149,135,142
32DPR1136J,179,149,141,142,134,138,128,139,132,149,156,148,137,146,152,141,147,143,136,141,126,117
32DPR1446N,112,217,200,198,180,169,167,160,140,128,118,123,115,117,125,122,123,117,127,123,128,124
32DPR1122G,148,140,156,150,151,151,130,134,137,137,132,146,142,142,134,133,145,142,163,147,142,137
32DPR0461Z,169,157,162,145,126,109,114,114,108,116,143,134,124,133,140,133,128,169,178,188,179,173
32DPR1492Z,162,152,142,158,150,150,150,148,143,142,139,134,128,129,127,126,129,142,142,147,147,156
32DPR0078C,142,140,136,130,148,154,151,138,142,147,141,138,144,129,148,155,152,166,158,154,124,111
32DPR0209E,165,161,148,151,145,130,131,136,137,144,140,156,154,150,146,139,135,142,135,142,145,143
32DPR0873Z,202,189,171,167,132,135,115,124,118,124,115,125,116,129,127,146,146,162,145,153,150,189
32DPR0911M,173,174,167,159,166,174,170,139,131,134,144,152,144,158,137,132,137,125,123,123,116,107
32DPR0202L,151,138,139,140,118,90,95,129,136,154,163,171,155,167,161,149,147,157,161,170,156,140
32EPR0093U,175,155,138,130,131,127,121,119,124,137,154,161,150,169,150,137,145,148,149,147,160,162
32DPR0686F,185,170,162,163,158,150,134,131,133,149,145,155,122,161,157,156,160,138,123,113,116,112
32DPR0147I,215,215,189,189,163,159,155,155,139,127,132,141,129,147,144,136,106,101,111,109,119,116
32DPR1050D,231,230,210,201,195,171,166,149,146,132,128,127,117,122,114,60,120,107,112,113,125,121
32DPR1083V,172,178,159,161,151,156,160,159,143,147,147,140,138,147,139,143,141,129,117,117,126,128
32DPR1403P,122,122,123,126,144,175,162,161,163,165,157,154,158,145,146,147,149,138,144,138,134,133
32DPR1267B,137,158,160,166,162,145,141,122,123,132,119,134,141,157,160,162,167,164,156,143,129,129
32DPR2390I,93,138,149,173,144,150,165,151,143,155,155,148,152,141,144,125,148,146,144,156,146,148
32DPR1018V,149,140,136,120,117,139,124,125,131,125,118,117,132,144,146,142,151,158,183,201,201,216
32DPR1372M,101,113,124,148,115,113,117,105,99,139,139,201,141,200,199,184,177,161,165,169,160,156
32DPR1426Z,133,123,122,118,119,128,134,128,134,152,153,168,201,157,152,161,165,152,149,162,164,162
32DPR0393S,147,136,136,149,146,140,142,136,140,167,159,160,152,184,188,161,153,145,137,131,116,118
32DPR0256P,171,174,155,124,119,126,130,130,126,131,143,148,148,135,148,151,161,166,165,158,181,182
32DPR1401R,237,213,185,166,157,157,135,131,130,129,127,126,122,124,123,122,134,140,148,147,157,169
32DPR0363Y,193,170,165,175,166,165,153,157,139,144,142,141,135,136,146,131,131,138,134,138,142,148
32DPR0129T,186,194,175,162,166,171,164,151,124,131,128,141,102,145,140,129,129,145,146,154,154,155
32DPR1021I,167,170,161,168,164,167,163,154,142,153,153,151,136,155,157,138,141,136,135,130,125,128
32DPR0841H,189,198,185,190,177,175,170,146,143,139,146,142,142,127,133,130,132,127,127,126,127,124
32EPR0007H,135,128,123,138,133,134,144,134,138,142,137,150,141,183,176,190,186,170,160,151,147,156
32DPR1549J,229,225,235,230,244,156,149,121,126,120,122,98,98,141,128,118,127,108,125,131,141,126
32DPR0904C,190,170,176,167,149,144,132,135,145,159,168,171,168,164,157,138,126,103,87,135,159,180
32DPR1111A,191,189,175,165,156,165,155,138,134,139,145,139,126,137,140,146,152,151,154,156,148,143
32DPR0489E,194,210,203,178,177,153,158,135,145,144,144,145,145,137,140,132,132,125,132,136,143,137
32DPR1370O,173,151,143,139,137,136,143,145,142,148,150,159,164,181,180,150,145,155,158,153,159,153
32DPR1032O,190,152,160,135,136,136,145,152,145,147,143,143,143,141,136,157,167,177,173,165,165,157
32DPR0116P,169,147,165,172,164,158,159,149,146,128,149,145,156,140,130,138,138,152,158,165,172,168
32DPR1348M,155,156,161,137,142,138,138,146,136,145,146,150,147,165,153,135,131,129,164,173,206,220
32DPR1493Y,123,120,124,117,135,122,137,138,135,166,198,207,286,187,187,161,141,144,143,142,140,128
32DPR1357U,134,138,138,151,150,140,135,129,147,145,153,158,111,168,173,180,171,170,172,174,180,175
32DPR2347U,140,133,133,130,123,105,102,104,118,126,147,152,150,171,178,160,183,205,207,213,205,209
32DPR2381A,171,158,155,148,137,126,121,137,165,174,169,186,222,171,167,141,141,128,138,151,140,153
32PPR0087P,166,160,173,184,178,141,143,152,148,145,162,170,160,171,153,144,136,135,150,145,144,157
32DPR0188I,174,170,152,148,156,170,178,154,158,153,143,152,167,137,132,134,137,145,153,166,174,176
32DPR1671K,138,132,135,151,154,155,148,140,144,122,119,133,133,143,169,170,195,191,184,190,191,195
32DPR0232F,180,190,178,151,142,147,144,142,153,145,149,175,144,170,153,154,160,158,162,165,157,149
32DPR2233S,156,122,119,139,147,150,149,121,117,120,141,170,164,190,185,187,188,189,181,179,177,180
32DPR1314W,170,150,159,154,155,146,156,156,152,169,161,161,160,149,146,144,150,150,162,176,176,173
32DPR0192V,249,236,224,222,214,192,206,156,140,133,138,133,121,130,129,110,122,131,128,127,126,121
32DPR1338F,205,175,175,178,163,155,177,185,187,182,178,157,153,146,151,143,142,142,137,120,116,123
32DPR1375J,218,203,182,156,155,138,137,127,127,137,133,141,142,159,168,155,152,150,161,179,184,189
32DPR0774Z,163,148,162,161,153,157,155,152,151,156,162,163,161,171,168,182,169,165,157,160,154,144
32DPR2097E,203,185,190,182,178,178,165,154,135,158,154,147,122,154,152,134,152,154,143,159,155,162
32DPR1148O,119,120,118,134,113,115,129,132,146,162,163,180,196,185,186,176,181,180,188,195,210,195
32DPR0499L,158,156,162,156,143,137,156,136,144,158,154,158,149,166,159,140,167,173,183,193,202,204
32DPR1170Q,147,155,170,147,178,197,183,188,192,192,185,196,194,138,129,135,143,145,148,141,137,128
32DPR0112T,175,177,186,177,181,192,186,187,189,140,131,136,132,145,155,168,163,166,155,157,142,138
32DPR0835X,220,227,211,182,186,177,176,163,158,168,161,141,156,143,142,131,136,145,135,142,143,136
32DPR1171P,188,179,178,167,175,155,166,163,161,157,162,158,157,147,159,156,159,157,156,158,162,165
32DPR0247H,167,154,151,136,140,143,157,171,168,169,168,176,180,180,179,170,165,158,168,170,161,159
32DPR0115Q,179,152,161,137,132,109,117,149,119,115,112,159,116,167,172,193,208,198,220,231,240,235
32DPR2434P,86,92,124,124,111,136,151,156,160,162,171,177,180,176,189,199,224,182,195,195,206,226
32DPR0389F,151,154,152,144,141,151,160,178,171,163,183,180,166,182,186,194,178,168,165,156,156,147
32DPR0197Q,217,215,181,178,176,161,182,181,178,181,172,175,180,164,155,151,134,145,129,126,128,118
32DPR0724S,259,258,247,225,181,175,169,157,169,180,173,149,161,139,131,126,130,117,122,118,130,134
32DPR0878V,256,257,232,236,236,233,230,218,194,194,191,157,129,120,118,101,108,105,103,89,76,68
32DPR1226B,204,192,190,187,177,163,156,155,160,161,166,172,173,172,166,148,151,153,147,154,159,163
32EPR0078B,239,229,205,187,169,168,164,167,187,173,168,179,171,180,169,152,134,123,114,127,128,138
32DPR1693W,170,172,168,164,166,152,167,171,167,168,176,182,177,179,175,190,161,156,154,154,154,148
32DPR0871B,193,182,165,156,145,140,140,138,130,141,160,165,160,177,193,185,173,183,173,188,193,196
32DPR1057X,203,210,178,183,172,143,142,155,156,171,176,176,174,155,152,151,147,147,145,180,181,187
32DPR1100V,188,170,172,170,179,174,175,157,162,157,168,163,168,186,182,178,182,170,150,151,144,140
32DPR1302R,209,189,190,178,166,167,160,168,142,154,170,171,118,177,184,181,165,152,145,170,163,174
32PPR0156V,131,150,187,202,209,235,222,198,161,183,199,175,194,169,155,114,114,127,136,150,156,128
32DPR1505M,179,165,162,164,165,175,168,175,183,178,168,162,161,154,162,170,162,169,165,174,173,165
32DPR0316N,214,205,184,192,175,175,161,150,146,145,152,155,161,155,164,152,152,169,186,171,162,175
32DPR0999G,144,150,148,155,163,164,166,174,154,174,161,154,182,160,181,176,172,181,197,186,189,199
32DPR1882O,154,147,145,163,155,159,165,165,158,173,179,189,199,189,195,191,174,180,197,161,148,153
32EPR0170I,193,189,209,191,191,178,179,185,176,184,184,187,185,188,182,146,143,148,134,121,123,132
32DPR0171I,242,247,222,156,153,131,133,132,125,132,122,121,127,122,123,169,171,202,220,238,229,238
32DPR1300T,123,117,112,97,94,75,81,79,99,108,132,178,188,228,221,256,249,264,263,272,272,256
32DPR1495W,215,197,181,187,202,190,180,176,186,172,147,138,125,140,145,147,168,178,169,168,171,182
32DPR1092C,121,121,129,133,130,134,127,123,125,144,169,169,117,195,220,215,233,237,234,240,229,242
32DPR0492S,225,222,208,200,160,145,139,149,146,168,163,157,155,156,160,154,170,166,169,178,198,201
32DPR1082W,139,137,149,155,147,140,160,148,145,163,142,143,164,156,158,159,180,191,250,270,257,254
32DPR1809F,264,267,232,201,181,169,179,151,163,155,169,165,163,165,145,151,143,148,146,151,149,150
32DPR1944K,160,168,161,175,159,160,157,155,149,146,154,152,150,161,187,199,195,195,208,221,220,205
32DPR2430T,192,203,203,199,204,197,202,186,180,150,161,160,273,156,161,162,145,127,137,153,148,145
32DPR1039H,216,209,179,177,186,176,168,177,183,169,170,181,176,169,163,167,168,152,160,169,166,163
32EPR0075E,188,180,172,204,187,180,177,182,178,171,165,162,155,159,167,163,151,165,192,176,186,185
32DPR0233E,245,223,200,191,196,193,201,184,181,177,158,159,140,158,164,147,145,160,155,158,165,168
32DPR2446U,104,110,113,135,151,160,173,168,155,166,172,176,172,196,204,205,201,216,215,216,224,246
32DPR0938T,172,139,129,124,121,138,144,170,176,178,189,193,189,201,203,205,208,213,188,198,205,205
32DPR0725R,139,129,133,140,132,128,137,130,141,180,186,218,273,207,201,192,204,201,204,208,217,205
32DPR1023G,198,179,172,172,161,161,163,162,168,186,178,179,185,193,209,193,187,184,191,183,171,164
32EPR0171H,64,69,90,106,95,131,145,156,166,168,190,182,200,209,220,234,220,238,256,267,269,272
32PPR0066C,220,216,219,249,242,225,205,187,192,209,200,212,216,153,142,142,141,123,114,105,126,125
32EPR0017O,174,165,150,159,166,166,169,172,178,177,182,180,187,206,206,204,197,190,185,182,190,189
32DPR1803L,200,186,178,181,166,169,168,178,175,171,181,189,180,171,175,180,175,181,172,208,185,206
32DPR1228Z,255,238,222,208,196,179,157,164,170,178,172,186,182,187,191,158,161,161,154,162,158,151
32DPR1717P,238,243,227,211,193,211,201,172,178,179,158,161,164,175,171,153,158,166,167,172,166,138
32DPR1363E,146,152,155,163,173,178,187,179,202,195,192,189,214,184,180,196,197,187,180,193,185,188
32DPR1178I,276,264,233,195,146,155,158,170,169,132,139,140,162,156,153,162,156,193,210,212,215,224
32DPR0199O,201,207,188,216,203,183,184,186,169,172,160,175,168,196,210,189,177,185,177,169,157,150
32DPR1501Q,198,199,199,198,181,178,180,179,181,172,183,201,185,173,173,178,183,174,170,172,184,183
32DPR0292U,260,246,223,207,187,170,168,174,160,170,169,184,178,178,170,171,178,180,174,169,157,161
32DPR0912L,236,214,197,204,182,176,166,169,165,163,180,178,181,173,177,195,195,193,181,174,172,165
32DPR1304P,187,170,170,177,158,153,168,167,172,176,169,172,168,204,216,186,191,214,203,199,205,218
32DPR0785F,286,247,224,213,188,167,152,141,137,151,169,167,158,178,186,172,179,193,200,178,187,183
32DPR0244K,211,221,210,183,186,207,205,198,206,201,185,182,200,183,167,162,155,171,160,165,152,159
32DPR1405N,152,167,188,170,198,165,165,172,176,183,181,180,167,195,190,182,194,223,216,208,210,198
32DPR0185L,200,165,151,176,195,192,186,182,190,195,175,203,162,211,223,198,187,193,182,171,181,170
32DPR1345P,148,151,137,167,138,145,145,178,174,193,183,184,176,206,211,225,246,234,220,211,214,214
32DPR0839T,201,194,180,171,156,151,169,185,183,209,216,213,214,190,187,178,176,182,195,181,180,192
32DPR0898I,231,216,193,179,184,180,162,164,158,165,160,153,153,163,165,166,216,225,212,217,228,220
32DPR1500R,175,208,201,202,202,192,183,174,171,173,190,199,216,192,199,197,192,167,174,181,175,162
32DPR0497N,227,220,205,187,172,173,173,175,177,180,174,192,157,185,183,171,187,191,190,200,200,210
32DPR1726X,277,235,220,198,168,164,156,150,150,197,227,240,269,217,203,184,173,159,163,143,123,114
32DPR1741P,199,178,174,176,194,197,197,195,194,193,192,205,196,199,197,208,193,174,180,178,158,158
32DPR1362F,190,185,181,197,185,174,188,181,178,173,195,193,173,198,196,195,186,188,183,187,203,206
32DPR1162H,254,247,247,222,196,174,162,168,155,150,161,166,164,162,167,173,165,182,197,209,213,208
32DPR0191W,286,270,247,236,226,198,197,198,190,198,200,191,199,162,167,147,146,137,132,138,140,139
32EPR0096R,253,238,241,235,213,186,185,171,157,157,162,156,153,187,209,194,184,193,187,166,166,151
32DPR0193U,237,223,211,190,197,214,171,172,176,197,178,197,175,213,185,185,176,171,166,171,164,182
32EPR0092V,231,219,208,231,201,183,203,204,199,215,197,191,207,184,186,159,158,169,156,148,151,154
32DPR0925P,208,227,229,235,205,200,208,193,197,195,203,191,195,191,190,186,158,154,149,148,139,162
32DPR0837V,165,154,158,159,160,158,162,155,168,186,202,221,269,202,203,197,203,192,207,213,215,215
32DPR1047Q,231,232,228,234,196,180,174,201,191,197,191,189,187,180,173,166,159,173,164,162,176,185
32DPR0177C,185,165,192,175,207,208,210,215,204,200,188,190,189,183,185,191,193,174,173,184,188,188
32DPR2420M,129,150,177,180,182,190,195,200,181,193,198,212,175,222,213,206,203,204,198,194,198,209
32DPR1526Z,288,244,210,188,186,209,223,242,220,234,229,229,223,218,213,182,156,175,160,103,67,35
32EPR0042N,219,190,176,174,171,166,190,188,208,218,207,199,185,179,173,160,174,203,206,201,216,234
32DPR0364X,268,243,242,219,209,180,194,189,192,209,203,207,203,189,182,168,170,162,175,164,160,165
32EPR0032G,220,206,185,176,176,166,162,156,160,173,196,191,158,187,186,208,207,233,231,240,244,240
32PPR0048N,315,316,313,329,308,278,250,230,193,169,129,125,101,143,145,127,134,139,143,147,138,136
32DPR0137B,201,201,211,220,231,209,208,199,202,205,221,225,220,225,207,197,182,171,161,145,143,134
32PPR0125B,230,241,249,266,253,265,240,226,218,206,192,176,164,159,160,143,150,161,175,172,153,138
32DPR2450G,38,67,83,110,121,128,137,134,140,164,195,224,252,259,265,285,291,290,290,291,289,306
32DPR1041W,203,197,179,169,172,185,181,197,200,195,203,196,192,181,185,180,188,243,245,242,235,215
32DPR0491T,225,234,251,210,215,203,201,192,192,196,177,210,149,187,210,204,196,200,182,183,192,177
32DPR0401K,191,190,195,203,192,193,184,199,211,200,211,201,192,199,192,198,210,204,209,210,208,198
32DPR1093B,181,193,210,200,216,214,218,218,221,209,199,223,229,195,205,184,179,182,177,179,176,189
32DPR0413P,202,220,212,201,192,210,195,195,183,152,161,166,145,188,205,220,219,214,221,228,236,232
32DPR1669W,169,176,197,175,168,164,191,181,187,171,181,185,191,185,180,181,246,252,274,258,253,253
32DPR1474J,171,182,174,166,177,188,182,183,195,222,224,228,262,232,239,214,204,207,196,196,196,198
32DPR0734Z,211,215,223,237,213,205,204,198,199,204,204,207,207,213,209,229,228,202,173,174,153,130
32PPR0109K,252,258,263,261,215,203,178,182,179,190,217,208,226,188,194,177,181,184,185,169,174,158
32DPR0398N,204,183,180,179,171,172,177,193,203,191,200,200,182,216,223,222,221,222,227,222,226,238
32DPR0946B,302,297,271,282,271,246,241,219,191,177,185,193,220,162,157,156,154,155,151,149,150,136
32EPR0023Z,205,199,202,196,200,187,198,208,187,199,212,220,191,211,209,193,188,192,210,215,211,232
32DPR0940H,136,133,134,128,131,177,215,233,239,249,246,209,166,243,229,245,226,240,220,222,226,219
32DPR0758I,180,188,195,204,217,188,200,204,199,196,195,204,202,224,205,187,216,219,226,209,208,201
32EPR0153S,221,232,210,220,212,205,195,193,183,194,194,198,198,197,202,198,200,205,210,202,211,195
32DPR0570F,206,201,207,178,179,182,209,220,218,230,222,222,216,219,211,211,196,191,211,200,180,174
32DPR1408K,295,296,277,273,241,217,203,188,177,165,178,199,214,173,179,164,160,162,177,182,188,191
32DPR2452E,22,47,70,102,103,101,114,131,180,201,229,231,267,266,274,293,308,317,311,293,315,325
32DPR0475B,199,181,171,176,166,157,154,162,193,179,204,223,195,257,244,260,242,245,237,223,229,220
32DPR0939S,274,260,231,222,214,202,209,212,213,209,184,181,207,170,162,180,199,199,201,204,208,204
32PPR0168Z,187,203,216,207,204,195,191,206,190,191,229,248,216,224,223,214,190,189,178,216,226,220
32DPR0198P,217,204,205,198,200,220,223,219,209,221,206,203,215,166,193,200,201,212,221,220,219,226
32DPR2447T,89,127,134,152,170,172,182,192,197,210,219,222,232,226,222,205,222,229,241,275,330,357
32DPR1812T,258,248,254,251,251,243,236,233,232,235,217,208,201,192,174,169,180,168,163,162,171,159
32DPR0477Z,175,179,181,183,188,192,180,200,209,207,215,239,249,239,241,241,218,215,208,213,213,231
32DPR0964R,232,225,223,213,198,199,186,171,173,180,184,196,212,190,208,212,216,228,246,256,244,228
32DPR0828N,231,240,231,239,221,195,190,195,197,200,196,194,195,199,212,187,175,180,199,257,254,247
32DPR0205I,325,241,259,240,233,213,202,209,191,198,190,192,186,188,190,191,196,200,196,191,194,216
32PPR0159S,248,230,258,284,284,265,242,239,243,229,252,232,263,230,206,187,145,142,119,121,118,126
32DPR1361G,183,191,193,203,198,193,200,204,223,230,247,234,244,203,210,215,211,207,214,237,224,209
32EPR0133E,241,242,238,242,238,225,217,220,222,227,236,227,220,219,215,208,203,197,193,195,155,159
32DPR0375C,230,233,234,244,231,208,197,194,192,189,211,207,206,229,222,224,200,216,220,214,238,221
32DPR1074N,250,231,222,231,230,219,236,220,227,222,198,213,146,205,199,189,191,197,220,246,234,253
32DPR0996J,160,168,195,190,198,180,182,184,182,193,197,211,204,238,228,233,227,250,268,270,310,317
32DPR0088J,312,309,329,278,255,251,208,224,230,202,215,224,205,228,232,171,125,127,172,164,158,175
32DPR2449R,105,113,169,151,167,159,171,172,172,201,233,224,212,246,273,271,274,298,283,300,297,316
32DPR1664A,283,260,258,233,233,217,228,228,223,220,235,220,228,199,226,204,193,200,187,192,192,162
32DPR1020J,261,235,227,216,210,187,198,214,218,214,213,214,210,199,199,183,223,228,250,263,247,229
32DPR0407E,291,288,299,204,229,200,215,214,213,218,219,201,227,198,149,148,154,171,182,178,328,327
32EPR0022Z,218,215,224,226,225,222,210,226,232,236,241,248,254,241,230,214,186,206,205,203,206,199
32DPR0281O,271,272,246,224,218,196,208,219,217,199,194,226,220,223,219,235,231,213,220,204,214,210
32PPR0022F,203,212,198,193,199,225,226,239,244,233,248,245,249,255,232,213,214,217,208,232,204,200
32DPR2252G,190,218,206,191,181,182,174,173,181,194,206,223,236,216,232,232,255,270,287,274,274,295
32DPR0131H,226,208,203,208,192,213,200,186,184,204,206,190,188,228,250,217,264,270,256,279,269,257
32EPR0124X,259,220,224,231,210,194,226,236,220,234,243,260,270,239,241,228,216,202,208,188,187,182
32PPR0089N,327,325,279,280,276,255,255,245,227,216,190,190,157,180,184,189,185,193,185,204,192,188
32DPR0768P,299,294,296,265,238,215,200,196,198,209,229,238,248,218,217,197,184,189,210,204,193,194
32DPR1984L,272,274,262,235,206,167,165,149,166,171,155,190,166,189,244,256,252,265,256,291,301,309
32DPR0174F,188,194,203,207,206,195,208,213,201,221,225,232,253,244,245,229,239,237,245,253,254,259
32DPR1515T,280,269,239,229,230,214,224,218,218,221,213,211,211,195,196,203,221,226,235,238,245,233
32DPR1157W,242,228,227,216,226,224,193,224,204,213,195,213,195,203,199,203,249,258,266,267,284,288
32DPR0623U,284,278,265,240,218,216,229,223,208,221,225,208,211,226,237,198,202,213,228,223,222,242
32DPR0204J,267,253,242,244,245,210,204,182,234,208,234,246,233,230,222,241,246,228,223,216,217,198
32DPR0543I,248,251,253,267,247,235,242,241,235,210,203,215,205,156,172,206,214,227,237,266,266,258
32DPR0230H,267,271,253,246,234,228,227,218,198,200,214,214,180,193,201,174,166,174,290,290,309,310
32EPR0030I,294,259,239,232,224,231,233,244,249,257,254,216,120,233,228,223,225,220,217,219,228,239
32DPR0863T,314,287,249,257,220,195,207,222,229,227,266,273,253,253,236,246,221,224,184,186,175,171
32DPR2327G,286,278,261,263,256,236,197,201,202,186,198,205,197,221,225,217,229,241,245,258,250,266
32DPR0144L,225,207,203,235,223,207,229,228,232,224,236,241,238,225,219,223,240,268,250,258,257,254
32DPR0549C,187,210,221,227,245,218,250,235,232,247,239,255,233,221,233,226,212,218,230,251,257,288
32EPR0162Z,234,246,243,262,234,213,228,231,243,259,272,250,219,245,238,223,221,218,222,217,214,223
32EPR0014R,211,216,223,227,228,225,200,217,251,262,268,288,316,258,253,248,233,230,211,199,192,199
32DPR1115X,292,286,257,274,261,259,254,240,240,250,242,224,231,231,216,199,202,200,199,197,210,208
32PPR0026B,260,279,293,279,277,261,229,235,231,240,239,237,245,232,234,221,206,200,201,202,195,189
32EPR0113R,253,228,234,231,233,239,240,253,251,249,247,250,247,218,214,204,211,213,243,251,251,242
32DPR2435O,77,49,68,68,93,94,111,147,175,249,304,302,383,339,340,356,358,353,343,348,350,353
32EPR0165X,117,118,131,128,149,181,204,220,246,280,291,276,270,306,314,294,295,279,282,289,305,305
32DPR0368T,346,353,377,359,191,169,180,202,192,182,206,238,208,251,248,245,213,244,244,211,216,220
32EPR0044L,258,247,246,214,204,181,185,204,206,208,237,256,260,287,265,262,258,266,269,270,264,251
32EPR0136B,209,208,210,205,201,210,222,206,199,193,214,242,207,278,260,261,260,275,313,311,328,310
32DPR0804D,249,240,217,216,200,200,215,216,242,270,261,274,260,279,274,258,263,276,255,227,230,221
32EPR0122Z,259,258,261,258,253,242,249,257,250,249,269,259,236,256,266,231,232,231,231,213,201,191
32DPR1222F,244,244,215,221,200,203,222,217,220,212,213,194,214,194,225,228,265,293,306,324,359,351
32DPR0210U,297,273,263,249,238,233,219,225,217,208,213,226,182,237,212,231,245,258,277,277,297,291
32DPR1102T,225,215,216,215,217,217,211,224,232,235,245,241,234,237,260,261,267,272,269,301,298,277
32DPR2309R,214,250,242,216,229,225,200,228,220,231,231,244,234,252,252,247,258,277,302,287,283,288
32DPR2254E,241,239,240,237,213,192,179,162,162,172,205,221,245,232,264,282,290,324,323,328,334,339
32DPR0170J,256,262,252,254,247,242,231,227,227,230,239,235,227,269,261,246,255,259,264,254,241,247
32DPR1657R,263,251,241,225,233,206,219,234,229,226,248,260,253,248,268,264,256,260,260,269,267,259
32DPR0396P,194,197,182,216,215,208,216,197,206,216,247,262,277,273,276,284,276,307,300,302,301,297
32DPR1017W,295,303,306,272,259,257,251,229,232,221,218,224,210,236,246,238,227,235,244,259,265,263
32DPR1926V,200,193,206,200,220,222,223,210,208,209,208,234,218,252,265,283,292,312,313,358,339,330
32DPR0047J,196,217,212,214,184,212,246,233,233,240,281,272,279,235,235,236,263,271,298,309,318,313
32DPR2442Y,150,163,201,202,202,224,233,214,212,213,227,242,229,253,297,290,300,318,321,333,345,348
32DPR0900G,295,298,298,271,269,237,237,219,216,244,259,271,294,254,244,222,211,205,246,248,254,250
32EPR0102L,95,115,145,165,205,214,232,243,250,287,300,325,325,288,301,293,301,287,285,291,293,305
32DPR2448S,78,93,70,103,132,155,175,212,237,257,286,318,346,335,335,312,311,351,350,352,373,375
32DPR1210A,150,151,153,156,146,203,218,244,255,258,307,324,351,311,319,290,280,282,280,285,299,294
32DPR1811U,270,267,267,262,257,274,271,274,270,261,264,256,268,248,253,255,249,223,215,222,216,219
32DPR0757J,335,299,289,294,303,269,247,261,264,276,287,289,279,289,326,264,235,197,155,149,139,139
32DPR0190X,287,292,294,277,263,252,232,223,217,242,242,254,262,259,256,246,247,246,255,258,254,238
32DPR0971A,265,233,221,228,211,205,204,231,255,252,256,258,237,228,249,253,293,296,321,308,303,290
32EPR0084M,305,302,277,266,266,273,292,291,298,272,256,248,272,203,182,181,192,232,250,251,251,251
32DPR0888B,360,331,297,287,278,270,269,259,212,225,209,210,186,222,233,244,258,274,270,272,249,251
32DPR2394E,102,108,133,151,165,187,190,196,210,232,262,299,343,338,332,321,318,347,344,368,355,367
32EPR0020B,319,290,289,281,274,257,231,224,222,244,239,242,215,256,249,229,253,257,270,275,279,283
32DPR1131O,272,289,301,302,285,296,279,276,259,256,248,251,239,238,229,230,224,244,238,249,233,246
32DPR0968N,240,261,252,245,244,218,228,254,262,246,269,278,234,286,288,275,281,278,282,268,264,234
32DPR0418K,316,322,320,297,272,271,253,246,232,237,229,229,222,247,243,244,251,253,251,254,247,256
32PPR0027A,323,310,296,275,246,217,225,242,243,259,278,286,281,285,298,248,256,247,237,212,212,237
32EPR0031H,371,361,339,315,303,313,303,278,284,273,232,226,229,216,208,184,204,196,217,226,249,228
32DPR0146J,273,260,281,276,255,266,225,213,207,231,245,239,250,273,284,270,286,289,306,285,277,286
32DPR0019N,336,329,320,325,317,268,268,252,277,268,278,281,281,268,236,215,204,205,225,214,203,218
32DPR1081X,210,228,236,235,229,219,225,234,236,248,280,275,224,298,305,297,279,277,301,306,317,330
32DPR1710W,173,192,196,210,218,238,240,238,253,283,307,311,306,304,317,296,280,277,267,297,293,295
32EPR0004K,331,315,320,316,316,248,226,230,236,265,280,300,295,295,266,245,238,263,246,188,191,188
32DPR0229S,307,301,283,281,267,261,252,247,230,224,222,229,213,241,227,234,267,292,289,301,320,311
32DPR1060K,242,199,178,185,232,248,237,264,267,308,308,307,324,294,291,266,265,275,284,281,288,295
32DPR2441Z,66,178,186,196,179,174,169,189,203,212,252,292,359,300,307,316,355,362,388,389,386,388
32EPR0036C,218,229,241,276,289,259,263,252,278,291,293,285,274,287,270,257,260,257,280,264,273,264
32DPR0165Y,264,274,270,269,267,274,229,218,253,274,289,270,244,266,282,245,248,269,287,294,295,300
32DPR2414B,45,55,87,119,143,162,204,245,280,283,305,325,365,380,378,345,356,367,350,357,376,364
32DPR0498M,334,315,305,277,264,247,231,223,223,230,204,232,200,264,277,247,307,297,304,275,309,327
32DPR1025E,304,288,294,322,313,320,296,285,283,267,262,250,247,235,237,238,232,253,249,233,236,250
32DPR0150W,349,312,304,290,237,228,243,243,253,267,269,266,263,268,262,260,252,257,261,275,272,271
32DPR1858O,301,302,291,287,308,295,295,309,310,324,329,305,309,302,287,220,215,191,180,190,169,186
32DPR1043U,161,161,164,193,184,196,194,203,200,231,255,261,278,267,299,301,326,354,375,411,423,488
32DPR0585H,253,251,234,240,267,305,289,307,293,286,287,276,283,264,239,242,254,257,269,260,275,299
32DPR0637X,322,319,318,288,277,285,271,276,255,257,259,284,252,287,262,255,259,260,257,241,231,216
32DPR0836W,229,222,226,219,212,217,210,202,225,226,243,247,227,319,314,326,338,351,347,352,366,358
32DPR1833F,277,261,277,278,272,266,257,285,285,267,257,265,289,251,266,271,283,268,283,282,268,288
32DPR0658J,276,290,279,249,245,231,242,232,242,252,275,293,322,283,260,267,267,282,312,308,316,305
32DPR1014Z,292,285,284,288,279,274,291,285,270,280,270,277,284,286,282,284,277,267,266,249,268,273
32DPR0979T,295,289,242,249,246,249,264,254,256,268,255,251,257,254,276,279,293,311,335,345,322,328
32EPR0002M,311,309,292,286,287,279,289,291,303,304,321,325,339,274,280,241,222,219,247,263,224,229
32EPR0071I,407,398,393,384,383,363,336,329,318,320,251,234,178,205,188,176,194,198,208,218,219,245
32DPR2353E,276,264,232,251,240,242,253,269,303,340,336,336,294,318,301,278,264,274,281,291,296,304
32DPR2251H,201,192,169,189,184,215,227,255,275,283,311,315,332,305,325,343,347,365,353,343,355,363
32DPR1095Z,390,354,353,329,320,290,269,295,277,275,295,307,301,282,290,265,256,255,246,242,213,191
32EPR0074F,364,348,319,279,265,267,267,276,279,291,308,300,295,299,306,278,288,284,249,250,252,247
32DPR0895L,400,366,378,414,386,340,258,271,278,308,300,302,274,276,256,271,238,211,203,216,192,193
32EPR0091W,329,332,296,305,288,279,281,284,297,306,317,324,323,326,302,267,261,240,236,225,266,257
32DPR0631C,271,271,264,271,284,301,303,296,291,304,332,315,306,306,311,298,288,301,282,274,262,249
32EPR0158N,248,239,236,237,233,239,232,271,263,285,303,314,342,322,337,340,319,322,340,326,338,331
32DPR1208M,382,358,320,308,297,291,296,287,315,324,320,290,280,292,270,234,241,248,251,260,272,286
32PPR0090C,347,382,417,428,368,323,281,247,241,252,244,257,267,273,306,289,290,254,245,260,238,259
32DPR0712N,170,176,183,193,179,197,207,218,244,281,339,314,467,359,361,360,363,350,353,374,399,434
32DPR2432R,106,115,147,168,177,197,226,273,305,332,369,372,363,386,402,371,378,379,381,374,364,352
32EPR0027V,226,246,266,236,263,298,309,356,345,330,358,348,335,339,286,284,283,291,323,279,266,315
32DPR0687E,382,377,363,342,317,319,316,308,333,350,355,327,316,283,261,223,225,237,249,264,261,249
32DPR0110V,232,261,263,294,279,268,266,286,288,285,316,329,347,339,343,346,357,333,312,311,320,303
32DPR1445O,364,345,342,334,319,306,292,282,272,290,309,322,330,320,306,282,288,286,297,274,269,267
32DPR2000C,159,162,201,216,243,254,274,285,310,299,334,338,320,372,374,371,320,335,362,390,383,397
32DPR0620X,316,311,304,315,303,304,319,317,309,320,318,307,314,319,309,306,295,300,291,287,290,282
32DPR0932Z,297,296,300,320,330,312,320,312,313,313,317,313,317,307,302,313,303,306,295,294,292,294
32PPR0169Z,80,132,170,187,222,275,311,327,324,349,355,362,367,401,412,408,373,333,344,354,351,351
32DPR0849Z,466,468,432,378,326,306,295,341,362,363,388,384,357,302,300,273,213,193,208,161,152,142
32PPR0088O,329,325,329,340,328,311,329,336,346,352,335,304,293,284,286,267,251,261,284,295,308,336
32DPR1188P,301,307,290,288,289,277,298,290,297,305,309,309,310,302,308,307,322,336,347,351,358,375
32DPR2363L,77,87,128,169,195,280,345,378,409,362,362,377,347,405,397,386,384,399,365,349,339,357
32DPR0688D,308,305,311,309,321,311,324,328,324,326,326,315,324,308,321,314,312,315,331,310,292,283
32DPR0732A,218,199,221,224,241,248,266,280,299,343,369,369,434,410,386,367,330,319,342,318,368,370
32DPR0003M,362,359,350,352,342,316,341,357,368,359,340,323,326,295,282,283,262,275,270,265,246,257
32DPR1168B,315,323,319,295,324,337,307,321,309,334,313,309,322,302,318,307,311,321,343,320,306,316
32PPR0062G,426,459,443,439,389,389,381,341,324,291,298,273,243,266,265,255,255,240,264,263,249,246
32DPR0195S,406,392,390,412,393,347,356,329,336,320,304,315,306,279,277,266,284,270,275,275,266,260
32EPR0081P,365,393,402,394,347,347,325,303,293,308,320,299,306,280,274,264,262,274,305,332,343,332
32PPR0126A,302,307,317,309,308,325,350,349,322,303,280,247,246,267,316,317,330,334,379,383,393,397
32DPR0866Q,333,332,316,310,284,268,295,283,346,376,417,387,325,347,342,310,297,294,318,321,309,332
32DPR2031W,223,241,250,252,257,280,289,297,334,347,353,366,399,383,384,387,362,357,358,341,346,341
32EPR0152T,347,342,330,309,265,280,260,274,268,285,303,295,299,346,357,360,386,389,393,365,369,371
32DPR0799I,299,300,284,287,280,287,294,274,285,302,329,330,299,369,385,375,367,372,371,380,373,389
32DPR0194T,263,292,315,346,366,394,384,377,380,389,395,383,383,351,336,313,270,257,257,236,266,292
32EPR0117N,354,355,330,329,325,325,333,327,343,345,334,364,325,381,359,313,313,306,291,288,295,329
32DPR1154Z,343,343,325,316,279,300,294,304,304,314,330,324,317,333,350,334,347,355,372,355,361,366
32DPR0709Z,328,321,330,332,322,316,340,355,346,342,342,309,266,303,313,330,340,331,344,368,358,357
32DPR0901F,330,326,335,358,342,365,348,336,345,339,343,335,343,311,314,304,310,318,315,324,321,336
32DPR0200N,407,390,388,378,364,336,326,333,329,329,309,303,299,286,272,295,318,321,331,352,332,308
32DPR2249T,259,252,255,294,306,300,289,326,345,345,341,343,367,371,345,354,355,392,376,374,375,381
32DPR0995K,362,372,375,365,369,357,351,365,354,349,349,348,345,350,331,288,269,266,279,278,310,332
32DPR1249M,259,252,267,267,258,269,287,313,325,336,353,345,317,352,355,339,343,350,425,457,456,475
32DPR0428R,573,468,481,453,411,352,333,354,309,287,298,302,275,263,262,292,269,282,289,282,284,285
32DPR1855R,408,369,364,326,353,318,335,356,322,343,344,361,329,379,357,334,332,327,305,277,291,309
32EPR0055R,334,340,340,349,331,326,340,346,353,359,378,364,355,341,345,327,338,334,340,319,297,299
32DPR1939Z,383,388,381,374,366,326,301,326,314,316,344,339,335,320,343,347,322,306,320,329,328,347
32DPR0005K,284,290,326,332,346,348,351,357,358,348,326,320,368,321,326,337,325,351,356,359,368,371
32DPR0548D,385,348,341,312,314,322,324,348,338,348,341,344,337,340,341,421,395,363,338,307,297,267
32EPR0073G,397,382,366,367,329,351,331,333,329,320,345,344,338,366,352,311,306,314,314,343,348,340
32DPR0868O,339,352,389,388,377,371,384,388,386,364,337,327,351,332,345,327,317,294,307,303,295,291
32DPR1402Q,386,376,352,376,348,362,349,347,333,306,321,304,300,314,343,350,344,359,350,357,351,343
32DPR0563W,299,298,313,346,327,345,359,351,357,368,373,383,388,361,345,341,339,325,339,352,351,341
32DPR0552Q,369,357,350,338,321,331,326,336,335,341,339,345,335,345,360,351,326,316,347,376,389,369
32DPR1027C,365,349,381,364,359,350,354,361,338,354,365,361,352,379,386,375,365,355,349,322,315,308
32DPR1516S,432,378,420,393,408,363,365,355,335,355,347,367,362,353,357,328,313,316,329,325,307,302
32DPR0984E,336,317,305,300,281,342,331,333,342,354,378,401,414,377,389,387,382,367,378,366,364,377
32DPR0845D,317,318,279,274,271,259,271,272,284,303,307,332,341,404,400,404,423,444,456,470,482,510
32DPR0208F,418,371,361,360,328,325,353,361,363,340,344,352,351,380,380,373,371,383,362,321,320,315
32DPR0681K,335,356,366,343,338,343,353,359,358,348,372,373,385,367,361,355,346,352,354,357,358,355
32DPR0899H,370,397,387,376,358,348,340,346,371,384,363,363,366,364,357,342,358,336,366,338,332,320
32EPR0083N,263,247,271,269,287,307,342,362,366,401,417,435,458,441,403,389,395,397,374,343,372,352
32DPR1497U,401,396,395,387,375,374,370,356,341,354,333,325,289,350,376,351,351,353,352,359,348,384
32DPR2399Z,229,250,253,318,358,381,365,362,384,383,399,401,399,385,384,386,376,394,389,376,373,378
32DPR1169A,388,370,388,383,376,359,354,337,325,373,367,380,388,398,392,343,324,318,320,332,351,378
32DPR1704L,414,390,379,365,351,360,355,353,372,370,377,367,366,375,386,362,345,324,333,345,326,354
32EPR0041O,571,579,554,501,452,457,428,413,419,416,415,366,411,332,302,241,221,198,184,153,182,186
32EPR0079A,438,427,438,420,416,375,368,361,352,329,327,341,335,344,330,340,341,338,326,342,351,347
32DPR1215W,389,351,348,339,350,356,369,367,402,368,352,339,334,378,383,389,364,352,372,378,373,365
32DPR0289G,389,397,383,390,379,370,354,339,367,351,371,374,370,382,378,374,370,364,332,321,341,338
32DPR0574B,382,370,370,376,376,390,366,367,365,357,362,366,371,372,371,360,348,357,361,364,366,364
32DPR2391H,197,226,235,257,271,315,333,391,398,391,382,410,449,414,409,422,417,484,458,448,418,421
32EPR0059N,326,339,305,331,332,357,411,414,424,462,462,464,475,392,361,354,340,342,355,335,312,299
32EPR0095S,473,447,431,415,386,368,345,332,308,312,310,315,324,329,373,364,393,392,389,380,404,402
32DPR0821U,319,333,309,364,387,359,375,393,344,363,376,393,360,404,419,384,375,380,399,387,393,425
32EPR0053T,353,354,342,350,350,337,345,369,372,388,409,410,402,393,395,396,386,373,381,369,413,422
32DPR1164F,339,338,356,352,352,371,348,386,400,390,388,395,398,390,367,351,381,373,406,416,426,447
32EPR0072H,454,456,472,482,458,445,441,425,416,402,378,362,342,324,310,309,304,291,313,321,321,353
32DPR2422K,218,257,238,252,295,320,334,351,364,360,381,387,391,406,424,450,450,476,480,514,522,548
32PPR0064E,786,797,757,677,605,496,459,375,345,339,305,268,275,230,202,175,185,175,195,236,275,319
32EPR0080Q,501,494,506,528,500,458,465,450,429,418,381,381,365,339,349,288,277,268,271,280,273,277
32DPR0105J,451,442,435,424,433,425,422,391,391,392,354,332,317,313,322,334,360,389,377,381,403,412
32DPR0481M,401,383,409,430,413,352,374,399,390,398,420,421,392,415,396,369,369,380,366,356,346,353
32EPR0118M,364,369,383,397,383,373,396,411,392,388,405,414,400,406,387,384,379,383,390,379,379,374
32DPR0928M,409,414,413,392,381,375,376,374,381,398,408,419,425,380,372,363,367,376,386,392,376,370
32DPR1932F,311,323,340,348,357,354,359,359,382,410,420,423,421,416,409,377,409,407,433,432,449,441
32EPR0025X,403,415,395,401,396,412,416,432,427,418,418,405,407,387,386,371,375,351,357,356,337,338
32DPR1703M,430,410,410,401,399,388,388,398,417,413,411,404,396,393,386,375,373,378,391,383,375,343
32DPR0183N,373,383,346,386,376,352,381,351,388,403,413,425,370,451,405,419,440,412,417,392,411,399
32DPR1840P,399,422,441,464,427,404,411,416,396,390,386,381,373,356,364,392,385,383,389,377,380,380
32DPR1709G,318,323,345,371,402,436,462,450,427,424,406,425,425,432,425,425,389,395,398,372,342,331
32DPR0483K,334,336,344,375,382,395,412,409,434,433,431,422,415,412,391,395,410,415,405,398,399,399
32EPR0043M,324,325,331,331,335,362,371,384,428,403,412,406,266,399,398,425,443,480,489,497,468,481
32DPR1358T,470,415,410,412,370,380,370,368,367,374,375,369,372,357,385,385,410,413,415,455,451,445
32DPR0923R,510,498,525,518,470,475,418,424,408,426,394,405,391,406,359,357,352,315,298,270,278,276
32EPR0060C,352,381,396,410,375,367,378,386,385,400,421,421,411,449,448,417,400,412,409,391,395,378
32DPR0919E,377,372,386,367,367,354,370,388,379,423,435,436,449,422,426,402,411,404,414,414,410,388
32PPR0023E,422,427,445,424,412,420,395,336,320,355,392,393,400,405,414,431,424,430,400,395,397,385
32EPR0005J,419,409,415,394,415,421,414,414,415,406,408,403,413,412,411,385,383,373,378,383,397,379
32PPR0025C,576,587,573,587,556,546,500,461,443,421,392,382,366,332,345,312,287,273,272,253,264,266
32DPR2419X,299,315,331,348,374,424,469,438,412,421,421,439,443,429,425,407,421,440,442,451,442,441
32PPR0007N,679,641,591,526,474,423,364,350,349,339,348,358,364,386,379,371,365,361,350,336,347,332
32DPR0851O,418,408,411,416,400,404,406,418,399,426,450,453,482,435,426,414,404,397,385,371,364,359
32EPR0137A,408,399,403,423,447,419,430,415,458,473,462,477,493,459,437,388,371,343,364,330,341,342
32DPR1389M,430,449,462,463,446,440,444,441,427,404,398,399,380,380,373,351,372,398,402,428,425,426
32EPR0160B,377,388,392,394,408,405,426,403,414,412,424,438,429,443,429,430,428,429,442,439,428,417
32DPR2346V,429,438,430,436,438,437,436,435,436,427,427,420,415,426,427,418,408,412,402,387,396,405
32DPR0186K,431,410,395,407,412,429,432,466,465,436,415,451,463,458,443,422,405,391,394,395,392,376
32DPR0632B,449,435,441,461,469,438,451,455,459,451,456,455,451,415,431,398,399,390,385,366,341,337
32DPR0794N,488,480,468,471,475,432,438,434,412,385,406,428,375,464,452,427,410,434,406,391,360,368
32EPR0070J,487,454,460,478,465,457,476,469,486,497,480,473,468,449,420,392,372,345,320,336,337,344
32DPR0429Q,387,374,348,341,330,307,385,435,459,487,486,519,519,496,500,472,465,459,455,435,404,415
32DPR0930A,409,418,412,412,452,445,434,448,449,445,470,456,448,437,425,408,402,406,418,446,443,433
32EPR0114Q,436,417,407,403,400,402,393,413,407,435,449,467,522,467,469,438,444,434,452,447,441,439
32EPR0163Z,332,311,329,362,380,373,406,425,389,423,458,475,438,479,475,485,499,510,525,500,503,517
32EPR0061B,430,422,449,460,459,498,486,491,475,469,476,473,474,410,427,403,402,409,393,361,361,373
32DPR2012H,263,258,284,322,319,350,368,459,436,484,504,499,544,504,508,506,520,524,526,499,487,473
32DPR0918F,346,326,308,340,368,419,440,455,500,521,515,532,539,493,471,463,445,436,425,437,451,463
32DPR0220A,479,473,462,462,487,465,466,464,459,461,463,419,431,459,471,453,449,422,373,346,373,365
32EPR0115P,448,432,432,449,427,400,389,392,413,428,428,434,425,446,495,487,471,454,465,479,461,462
32DPR1844L,445,439,439,460,454,445,438,450,432,418,422,420,406,425,428,415,422,467,462,481,496,505
32DPR0920U,468,470,486,479,481,466,461,463,457,442,436,441,436,451,460,434,418,422,416,409,397,406
32DPR2407S,319,376,441,429,455,459,498,494,485,467,468,468,484,452,440,424,445,441,450,446,441,438
32EPR0116O,557,575,558,527,512,493,461,467,444,473,490,469,518,439,466,424,373,342,345,333,309,317
32DPR2063O,424,422,444,474,458,476,492,483,471,454,460,473,468,476,466,473,444,425,401,394,415,405
32DPR0856J,483,477,474,451,424,408,418,423,448,442,448,456,434,474,453,442,449,462,501,490,457,444
32DPR1668X,527,528,521,493,490,479,464,445,446,445,454,444,442,420,415,431,438,452,465,435,398,365
32EPR0082O,307,300,306,323,325,359,366,391,390,444,455,491,518,533,557,564,564,584,572,582,588,597
32DPR1834E,476,452,453,454,449,480,465,460,455,478,486,490,480,477,483,470,441,457,464,449,412,403
32DPR1182V,417,454,433,428,397,411,402,393,421,446,451,479,457,484,503,492,526,538,551,529,485,485
32DPR0874Z,456,474,482,478,475,473,450,449,458,459,475,472,469,471,487,469,465,468,459,443,436,430
32DPR0653O,481,477,470,492,472,465,444,470,454,467,459,444,449,450,462,440,471,478,437,462,492,521
32DPR0880J,548,547,535,515,444,461,473,474,471,482,473,460,473,459,445,422,422,434,451,425,425,442
32EPR0001N,463,437,426,422,406,419,448,447,437,462,498,520,545,517,520,510,487,489,461,468,453,475
32DPR1725Y,390,374,339,379,403,405,462,479,491,489,495,514,506,522,504,493,512,502,514,513,520,521
32EPR0119L,489,462,431,452,427,434,448,440,434,426,456,458,414,508,506,540,547,516,502,510,505,468
32EPR0058O,498,496,494,494,489,487,480,463,465,462,476,469,474,486,483,469,450,438,441,446,460,456
32EPR0077C,442,443,468,455,431,420,437,442,465,485,518,499,449,530,524,514,510,502,477,486,455,456
32DPR0077D,327,330,350,359,400,426,441,434,456,467,518,527,544,570,561,589,582,584,575,577,576,569
32EPR0008G,525,492,524,539,524,534,519,554,558,568,579,580,598,537,507,459,414,422,386,350,361,346
32DPR0936V,539,514,492,491,470,442,429,424,438,466,498,513,509,523,517,524,513,501,507,530,533,545
32EPR0010V,519,524,550,568,537,496,524,583,614,586,556,505,455,488,483,434,410,450,428,412,414,412
32EPR0156P,538,545,527,548,534,518,501,470,444,447,461,466,478,498,501,488,505,492,503,525,501,508
32DPR0772B,455,436,458,465,461,473,484,531,510,535,529,534,540,526,519,531,521,519,527,515,520,506
32DPR1472L,418,421,410,475,465,511,504,504,505,564,571,565,563,529,517,497,515,524,543,516,509,482
32DPR0848A,532,529,505,505,497,508,552,539,552,545,523,528,505,518,522,509,505,512,532,531,531,518
32EPR0047I,541,479,491,520,505,514,520,554,567,560,566,551,540,541,524,519,519,507,512,501,501,471
32EPR0054S,501,475,475,453,450,455,454,465,465,471,527,534,592,515,535,534,516,494,528,580,759,732
32DPR0624T,554,562,560,535,528,524,520,516,523,539,562,549,540,522,541,540,481,468,485,500,505,521
32DPR1347N,595,613,487,469,444,454,493,546,545,530,522,532,519,536,551,547,544,539,562,568,560,557
32EPR0029T,688,681,613,601,586,540,557,540,513,505,516,515,492,570,598,545,523,495,478,465,455,461
32EPR0057P,538,532,520,540,528,521,528,534,521,556,581,556,542,579,571,562,556,577,559,552,526,501
32DPR0978U,546,535,526,502,513,484,510,532,537,554,565,560,556,589,563,548,565,557,559,558,578,581
32DPR0440M,507,550,599,595,608,578,561,550,552,572,573,578,578,586,558,527,513,502,498,499,493,500
32DPR0496O,489,556,536,546,543,555,559,587,607,569,593,619,618,604,583,560,516,498,508,491,493,475
32PPR0132L,633,619,551,522,537,600,641,728,733,686,695,658,616,579,486,465,467,455,425,402,362,358
32DPR1417S,608,597,607,596,572,576,571,580,548,514,515,528,499,530,562,563,559,552,561,562,567,541
32DPR0547E,633,613,618,592,594,597,605,600,607,597,633,624,630,571,555,518,508,509,533,524,525,498
32DPR0921T,384,407,451,528,513,545,588,606,608,602,607,617,622,627,632,601,622,628,626,630,637,638
32DPR0702G,567,574,588,570,596,583,614,604,581,588,600,588,593,608,596,584,561,547,551,535,549,547
32DPR1774G,455,453,480,534,563,577,597,606,624,612,635,635,635,610,594,577,575,573,592,594,597,619
32DPR0801G,542,560,578,644,643,627,644,645,624,609,603,599,590,580,582,563,571,527,501,520,509,485
32DPR1191C,704,676,668,653,635,605,613,600,598,555,575,586,584,586,570,553,523,528,508,496,498,506
32DPR1491Z,622,620,601,600,591,585,611,606,637,665,649,648,607,581,570,522,525,530,535,526,532,540
32DPR1367A,673,661,659,677,667,654,589,580,600,587,600,592,592,620,589,557,538,529,527,521,505,505
32DPR0922S,657,641,645,631,617,619,619,622,635,617,616,612,625,587,562,575,565,564,567,577,564,562
32DPR0422X,669,663,640,677,685,706,679,661,643,627,619,603,583,591,579,539,525,525,515,540,526,521
32EPR0094T,680,650,607,606,579,576,601,611,625,638,695,676,700,691,681,646,608,540,567,564,573,577
32EPR0134D,645,673,677,653,642,632,649,681,684,679,717,728,705,688,677,653,621,555,580,570,559,551
32EPR0018N,626,664,676,680,650,660,646,654,637,675,688,715,683,729,717,710,680,673,669,659,652,643
32EPR0056Q,656,648,673,739,682,700,747,713,712,696,713,690,708,701,698,676,649,632,647,673,653,630
32EPR0011U,869,842,824,802,764,770,757,777,778,753,783,779,762,694,687,660,640,595,579,568,552,533
32EPR0131G,854,858,819,811,796,791,769,783,790,746,746,665,637,656,660,646,636,632,625,611,613,630
32DPR1658Q,650,659,698,681,685,674,729,755,774,764,776,790,832,769,799,811,769,779,761,754,765,755
32DPR0749A,773,792,795,814,847,864,917,881,898,890,890,895,888,914,916,879,857,828,786,739,701,701
32EPR0129S,930,919,939,964,966,969,962,970,963,976,1011,999,984,1031,1006,1001,971,946,926,912,904,897
32DPR0471F,1156,1125,1130,1067,1019,1014,997,987,1004,996,1018,991,1013,976,944,923,895,888,873,830,850,881
